Order ID,Region,Category,Date,Revenue,Cost,Discount,Units Sold,Profit
ORD-000001,East,Furniture,2024-01-25,604.52,379.64,0.34,3,224.88
ORD-000002,East,Clothing,2024-01-23,239.52,140.67,0.13,4,98.85
ORD-000003,East,Groceries,2024-01-19,160.28,116.65,0.08,4,43.63
ORD-000004,East,Furniture,2024-01-02,1000.05,719.42,0.27,5,280.63
ORD-000005,East,Furniture,2024-01-28,176.69,131.51,0.07,1,45.18
ORD-000006,East,Furniture,2024-01-02,567.42,413.15,0.26,3,154.27
ORD-000007,East,Groceries,2024-01-10,95.23,69.76,0.07,3,25.47
ORD-000008,East,Electronics,2024-01-14,797.1,527.54,0.15,4,269.56
ORD-000009,East,Groceries,2024-01-20,149.43,119.22,0.28,4,30.21
ORD-000010,East,Furniture,2024-01-09,999.21,635.26,0.07,5,363.95
ORD-000011,East,Electronics,2024-01-23,949.25,633.44,0.27,4,315.81
ORD-000012,East,Furniture,2024-01-16,522.46,329.92,0.23,3,192.54
ORD-000013,East,Furniture,2024-01-16,864.55,622.39,0.19,5,242.16
ORD-000014,East,Furniture,2024-01-09,690.49,473.84,0.08,4,216.65
ORD-000015,East,Furniture,2024-01-24,785.56,488.55,0.1,5,297.01
ORD-000016,East,Electronics,2024-01-19,627.01,426.06,0.23,3,200.95
ORD-000017,East,Furniture,2024-01-23,498.77,307.17,0.03,3,191.6
ORD-000018,East,Clothing,2024-01-13,226.85,134.9,0.05,4,91.95
ORD-000019,East,Clothing,2024-01-13,177.89,100.64,0.22,3,77.25
ORD-000020,East,Furniture,2024-01-03,767.91,595.53,0.32,5,172.38
ORD-000021,East,Clothing,2024-01-08,210.37,133.57,0.25,3,76.8
ORD-000022,East,Furniture,2024-01-08,642.42,491.74,0.16,4,150.68
ORD-000023,East,Electronics,2024-01-09,905.47,530.06,0.3,4,375.41
ORD-000024,East,Clothing,2024-01-21,185.1,113.46,0.2,3,71.64
ORD-000025,East,Clothing,2024-01-03,245.22,129.48,0.17,4,115.74
ORD-000026,East,Electronics,2024-01-05,1048.92,680.84,0.06,4,368.08
ORD-000027,East,Groceries,2024-01-17,148.35,111.91,0.01,5,36.44
ORD-000028,East,Groceries,2024-01-14,109.03,72.28,0.17,3,36.75
ORD-000029,East,Furniture,2024-01-27,479.54,332.08,0.09,3,147.46
ORD-000030,East,Electronics,2024-01-15,613.26,344.25,0.29,3,269.01
ORD-000031,East,Groceries,2024-01-04,92.73,61.9,0.24,3,30.83
ORD-000032,East,Electronics,2024-01-19,543.99,368.36,0.04,2,175.63
ORD-000033,East,Groceries,2024-01-07,155.86,116.56,0.13,5,39.3
ORD-000034,East,Groceries,2024-01-23,94.22,77.22,0.1,3,17.0
ORD-000035,East,Furniture,2024-01-08,831.99,532.46,0.02,5,299.53
ORD-000036,East,Furniture,2024-01-28,918.83,679.26,0.31,5,239.57
ORD-000037,East,Groceries,2024-01-15,40.94,32.22,0.23,1,8.72
ORD-000038,East,Furniture,2024-01-03,1082.13,710.55,0.33,5,371.58
ORD-000039,East,Electronics,2024-01-04,270.55,157.39,0.06,1,113.16
ORD-000040,East,Furniture,2024-01-25,852.26,566.54,0.27,4,285.72
ORD-000041,East,Groceries,2024-01-15,102.96,66.98,0.08,3,35.98
ORD-000042,East,Electronics,2024-01-19,172.02,109.49,0.24,1,62.53
ORD-000043,East,Furniture,2024-01-06,518.78,380.59,0.26,3,138.19
ORD-000044,East,Electronics,2024-01-04,699.85,433.64,0.11,3,266.21
ORD-000045,East,Furniture,2024-01-19,634.01,418.89,0.32,3,215.12
ORD-000046,East,Electronics,2024-01-16,674.13,387.23,0.05,3,286.9
ORD-000047,East,Furniture,2024-01-28,225.47,173.75,0.28,1,51.72
ORD-000048,East,Furniture,2024-01-22,747.79,471.52,0.29,4,276.27
ORD-000049,East,Clothing,2024-01-07,176.52,107.65,0.3,3,68.87
ORD-000050,East,Clothing,2024-01-12,108.01,66.59,0.3,2,41.42
ORD-000051,East,Furniture,2024-01-07,462.7,341.85,0.29,3,120.85
ORD-000052,East,Electronics,2024-01-02,1052.45,611.11,0.29,5,441.34
ORD-000053,East,Electronics,2024-01-05,1207.55,704.8,0.1,5,502.75
ORD-000054,East,Electronics,2024-01-04,641.4,363.41,0.06,3,277.99
ORD-000055,East,Electronics,2024-01-17,745.28,461.34,0.11,3,283.94
ORD-000056,East,Furniture,2024-01-25,660.28,408.97,0.06,4,251.31
ORD-000057,East,Electronics,2024-01-07,531.43,330.83,0.02,2,200.6
ORD-000058,East,Furniture,2024-01-15,787.53,593.55,0.02,5,193.98
ORD-000059,East,Groceries,2024-01-03,156.48,126.82,0.34,4,29.66
ORD-000060,East,Clothing,2024-01-22,181.14,115.02,0.05,3,66.12
ORD-000061,East,Furniture,2024-01-15,429.53,296.67,0.13,2,132.86
ORD-000062,East,Clothing,2024-01-08,114.76,67.86,0.15,2,46.9
ORD-000063,East,Electronics,2024-01-11,488.06,297.11,0.13,2,190.95
ORD-000064,East,Clothing,2024-01-09,140.26,91.85,0.17,2,48.41
ORD-000065,East,Electronics,2024-01-15,813.64,536.31,0.28,3,277.33
ORD-000066,East,Furniture,2024-01-18,662.2,488.0,0.07,4,174.2
ORD-000067,East,Clothing,2024-01-25,181.53,110.93,0.03,3,70.6
ORD-000068,East,Clothing,2024-01-03,149.05,80.77,0.34,3,68.28
ORD-000069,East,Clothing,2024-01-17,194.31,123.83,0.33,3,70.48
ORD-000070,East,Electronics,2024-01-17,811.91,530.59,0.06,4,281.32
ORD-000071,West,Furniture,2024-01-14,560.09,415.51,0.28,3,144.58
ORD-000072,West,Furniture,2024-01-17,335.35,212.06,0.04,2,123.29
ORD-000073,West,Electronics,2024-01-19,730.57,495.34,0.23,3,235.23
ORD-000074,West,Electronics,2024-01-26,905.1,543.0,0.13,4,362.1
ORD-000075,West,Electronics,2024-01-05,460.72,323.93,0.15,2,136.79
ORD-000076,West,Furniture,2024-01-21,164.63,126.95,0.27,1,37.68
ORD-000077,West,Furniture,2024-01-11,211.12,154.97,0.33,1,56.15
ORD-000078,West,Electronics,2024-01-24,429.3,247.66,0.21,2,181.64
ORD-000079,West,Clothing,2024-01-01,210.63,135.16,0.1,3,75.47
ORD-000080,West,Furniture,2024-01-13,379.5,291.51,0.27,2,87.99
ORD-000081,West,Electronics,2024-01-28,442.88,266.62,0.29,2,176.26
ORD-000082,West,Electronics,2024-01-28,812.76,535.42,0.03,4,277.34
ORD-000083,West,Groceries,2024-01-01,160.81,108.34,0.27,5,52.47
ORD-000084,West,Electronics,2024-01-26,234.2,132.0,0.0,1,102.2
ORD-000085,West,Electronics,2024-01-17,941.51,560.18,0.3,5,381.33
ORD-000086,West,Electronics,2024-01-23,850.42,576.31,0.24,4,274.11
ORD-000087,West,Groceries,2024-01-02,95.74,64.19,0.18,3,31.55
ORD-000088,West,Clothing,2024-01-18,162.79,88.64,0.26,3,74.15
ORD-000089,West,Electronics,2024-01-08,242.27,172.0,0.21,1,70.27
ORD-000090,West,Electronics,2024-01-18,232.9,161.88,0.25,1,71.02
ORD-000091,West,Electronics,2024-01-03,412.69,292.97,0.16,2,119.72
ORD-000092,West,Clothing,2024-01-18,124.83,67.79,0.33,2,57.04
ORD-000093,West,Electronics,2024-01-17,750.18,494.09,0.33,3,256.09
ORD-000094,West,Electronics,2024-01-15,688.21,434.6,0.04,3,253.61
ORD-000095,West,Electronics,2024-01-08,1251.65,781.44,0.21,5,470.21
ORD-000096,West,Clothing,2024-01-12,271.45,150.26,0.21,5,121.19
ORD-000097,West,Electronics,2024-01-02,1061.97,670.62,0.08,5,391.35
ORD-000098,West,Furniture,2024-01-16,342.84,247.58,0.23,2,95.26
ORD-000099,West,Electronics,2024-01-23,499.91,312.38,0.22,2,187.53
ORD-000100,West,Furniture,2024-01-15,1068.89,815.23,0.32,5,253.66
ORD-000101,West,Furniture,2024-01-15,655.71,436.35,0.29,4,219.36
ORD-000102,West,Furniture,2024-01-04,194.97,147.23,0.02,1,47.74
ORD-000103,West,Electronics,2024-01-10,636.0,385.83,0.26,3,250.17
ORD-000104,West,Electronics,2024-01-24,551.61,339.63,0.05,3,211.98
ORD-000105,West,Clothing,2024-01-04,168.16,111.15,0.35,4,57.01
ORD-000106,West,Clothing,2024-01-09,190.33,118.82,0.14,3,71.51
ORD-000107,West,Clothing,2024-01-01,131.95,78.92,0.06,2,53.03
ORD-000108,West,Electronics,2024-01-24,802.48,516.94,0.29,3,285.54
ORD-000109,West,Groceries,2024-01-04,165.69,119.08,0.03,4,46.61
ORD-000110,West,Clothing,2024-01-13,72.39,39.37,0.06,1,33.02
ORD-000111,West,Groceries,2024-01-02,145.02,101.6,0.17,5,43.42
ORD-000112,West,Furniture,2024-01-14,655.15,428.09,0.3,4,227.06
ORD-000113,West,Clothing,2024-01-19,174.61,110.46,0.02,3,64.15
ORD-000114,West,Furniture,2024-01-16,779.59,589.03,0.17,4,190.56
ORD-000115,West,Clothing,2024-01-24,237.5,155.3,0.21,4,82.2
ORD-000116,West,Groceries,2024-01-10,62.92,45.29,0.32,2,17.63
ORD-000117,West,Clothing,2024-01-05,133.69,73.5,0.01,2,60.19
ORD-000118,West,Groceries,2024-01-13,143.19,108.21,0.0,4,34.98
ORD-000119,West,Electronics,2024-01-20,225.07,159.84,0.22,1,65.23
ORD-000120,West,Furniture,2024-01-22,940.12,690.54,0.34,5,249.58
ORD-000121,West,Clothing,2024-01-25,196.11,123.2,0.15,3,72.91
ORD-000122,West,Furniture,2024-01-19,1091.96,851.05,0.1,5,240.91
ORD-000123,West,Clothing,2024-01-21,285.12,153.95,0.01,5,131.17
ORD-000124,West,Clothing,2024-01-14,330.73,194.94,0.34,5,135.79
ORD-000125,West,Furniture,2024-01-23,209.74,148.17,0.28,1,61.57
ORD-000126,West,Groceries,2024-01-24,110.8,79.23,0.02,3,31.57
ORD-000127,West,Electronics,2024-01-19,927.24,628.6,0.3,5,298.64
ORD-000128,West,Clothing,2024-01-23,123.53,68.68,0.22,2,54.85
ORD-000129,West,Groceries,2024-01-01,108.44,83.49,0.01,3,24.95
ORD-000130,West,Furniture,2024-01-26,847.9,553.17,0.3,4,294.73
ORD-000131,West,Furniture,2024-01-24,685.82,488.55,0.14,4,197.27
ORD-000132,West,Electronics,2024-01-25,577.46,329.81,0.12,3,247.65
ORD-000133,West,Clothing,2024-01-23,230.28,130.1,0.14,3,100.18
ORD-000134,West,Electronics,2024-01-17,178.74,110.61,0.32,1,68.13
ORD-000135,West,Furniture,2024-01-04,439.77,274.16,0.07,2,165.61
ORD-000136,West,Electronics,2024-01-13,449.47,274.72,0.15,2,174.75
ORD-000137,West,Groceries,2024-01-22,157.04,109.81,0.31,5,47.23
ORD-000138,West,Electronics,2024-01-10,699.31,447.61,0.26,3,251.7
ORD-000139,West,Furniture,2024-01-19,660.89,431.58,0.11,4,229.31
ORD-000140,West,Electronics,2024-01-25,460.81,297.24,0.28,2,163.57
ORD-000141,West,Clothing,2024-01-13,258.69,172.35,0.24,4,86.34
ORD-000142,West,Clothing,2024-01-26,227.78,125.02,0.2,4,102.76
ORD-000143,West,Electronics,2024-01-19,627.2,399.82,0.15,3,227.38
ORD-000144,West,Electronics,2024-01-27,996.11,562.17,0.09,5,433.94
ORD-000145,West,Electronics,2024-01-13,1073.77,651.19,0.02,5,422.58
ORD-000146,North,Furniture,2024-01-02,640.43,414.48,0.11,4,225.95
ORD-000147,North,Furniture,2024-01-12,359.41,226.81,0.3,2,132.6
ORD-000148,North,Electronics,2024-01-15,190.13,115.91,0.15,1,74.22
ORD-000149,North,Clothing,2024-01-24,177.93,101.2,0.08,3,76.73
ORD-000150,North,Furniture,2024-01-20,1072.49,716.66,0.33,5,355.83
ORD-000151,North,Electronics,2024-01-13,696.44,404.85,0.02,3,291.59
ORD-000152,North,Electronics,2024-01-26,224.21,131.65,0.01,1,92.56
ORD-000153,North,Electronics,2024-01-18,992.41,641.32,0.21,4,351.09
ORD-000154,North,Groceries,2024-01-01,117.41,89.17,0.06,3,28.24
ORD-000155,North,Clothing,2024-01-24,300.41,196.84,0.16,5,103.57
ORD-000156,North,Clothing,2024-01-28,343.82,220.01,0.11,5,123.81
ORD-000157,North,Clothing,2024-01-17,69.71,40.57,0.11,1,29.14
ORD-000158,North,Electronics,2024-01-01,888.05,498.15,0.06,5,389.9
ORD-000159,North,Clothing,2024-01-20,369.17,209.68,0.31,5,159.49
ORD-000160,North,Furniture,2024-01-04,368.87,269.21,0.06,2,99.66
ORD-000161,North,Furniture,2024-01-28,178.9,109.99,0.35,1,68.91
ORD-000162,North,Furniture,2024-01-04,370.91,282.51,0.19,2,88.4
ORD-000163,North,Clothing,2024-01-08,54.86,33.37,0.1,1,21.49
ORD-000164,North,Clothing,2024-01-24,295.62,179.85,0.08,5,115.77
ORD-000165,North,Groceries,2024-01-08,158.12,118.22,0.14,5,39.9
ORD-000166,North,Clothing,2024-01-21,205.4,129.81,0.34,3,75.59
ORD-000167,North,Furniture,2024-01-15,878.44,656.48,0.18,5,221.96
ORD-000168,North,Furniture,2024-01-03,934.27,634.51,0.24,5,299.76
ORD-000169,North,Electronics,2024-01-27,415.31,244.59,0.3,2,170.72
ORD-000170,North,Groceries,2024-01-06,54.3,42.36,0.31,2,11.94
ORD-000171,North,Furniture,2024-01-15,624.7,459.96,0.27,3,164.74
ORD-000172,North,Furniture,2024-01-03,515.94,391.67,0.28,3,124.27
ORD-000173,North,Electronics,2024-01-06,274.27,154.03,0.34,1,120.24
ORD-000174,North,Furniture,2024-01-21,889.98,604.37,0.11,5,285.61
ORD-000175,North,Clothing,2024-01-17,165.35,100.74,0.33,3,64.61
ORD-000176,North,Furniture,2024-01-06,180.67,122.67,0.05,1,58.0
ORD-000177,North,Electronics,2024-01-20,348.74,246.21,0.09,2,102.53
ORD-000178,North,Electronics,2024-01-22,666.68,400.75,0.07,3,265.93
ORD-000179,North,Electronics,2024-01-15,615.27,368.06,0.02,3,247.21
ORD-000180,North,Furniture,2024-01-27,181.37,126.28,0.04,1,55.09
ORD-000181,North,Electronics,2024-01-09,217.29,150.78,0.32,1,66.51
ORD-000182,North,Groceries,2024-01-28,121.63,80.39,0.05,4,41.24
ORD-000183,North,Electronics,2024-01-16,325.89,224.57,0.22,2,101.32
ORD-000184,North,Furniture,2024-01-05,542.51,346.8,0.3,3,195.71
ORD-000185,North,Furniture,2024-01-21,571.94,386.12,0.14,3,185.82
ORD-000186,North,Clothing,2024-01-22,72.6,47.81,0.04,1,24.79
ORD-000187,North,Groceries,2024-01-03,141.18,113.0,0.06,4,28.18
ORD-000188,North,Furniture,2024-01-13,167.05,122.4,0.3,1,44.65
ORD-000189,North,Groceries,2024-01-10,149.18,103.34,0.09,4,45.84
ORD-000190,North,Electronics,2024-01-27,223.17,151.42,0.18,1,71.75
ORD-000191,South,Furniture,2024-01-16,350.1,222.1,0.04,2,128.0
ORD-000192,South,Groceries,2024-01-14,42.65,28.89,0.19,1,13.76
ORD-000193,South,Electronics,2024-01-08,246.28,141.97,0.32,1,104.31
ORD-000194,South,Electronics,2024-01-18,1270.42,787.75,0.19,5,482.67
ORD-000195,South,Electronics,2024-01-28,1151.72,775.05,0.16,5,376.67
ORD-000196,South,Electronics,2024-01-26,956.78,541.31,0.12,5,415.47
ORD-000197,South,Clothing,2024-01-18,239.94,152.86,0.07,4,87.08
ORD-000198,South,Groceries,2024-01-13,103.63,67.2,0.35,3,36.43
ORD-000199,South,Electronics,2024-01-02,1229.04,710.38,0.05,5,518.66
ORD-000200,South,Clothing,2024-01-12,193.83,110.15,0.25,3,83.68
ORD-000201,South,Furniture,2024-01-19,303.71,210.28,0.33,2,93.43
ORD-000202,South,Furniture,2024-01-05,589.83,445.81,0.01,3,144.02
ORD-000203,South,Furniture,2024-01-25,347.16,251.41,0.11,2,95.75
ORD-000204,South,Groceries,2024-01-11,163.93,118.12,0.2,4,45.81
ORD-000205,South,Clothing,2024-01-15,182.85,106.56,0.23,3,76.29
ORD-000206,South,Furniture,2024-01-12,776.91,492.08,0.03,4,284.83
ORD-000207,South,Clothing,2024-01-19,65.7,34.48,0.11,1,31.22
ORD-000208,South,Electronics,2024-01-22,180.37,107.54,0.23,1,72.83
ORD-000209,South,Electronics,2024-01-08,1056.42,635.91,0.24,5,420.51
ORD-000210,South,Groceries,2024-01-06,150.74,116.71,0.33,4,34.03
ORD-000211,South,Clothing,2024-01-08,239.87,136.36,0.34,4,103.51
ORD-000212,South,Furniture,2024-01-20,572.37,389.22,0.31,3,183.15
ORD-000213,South,Clothing,2024-01-13,132.18,85.37,0.11,2,46.81
ORD-000214,South,Furniture,2024-01-14,728.86,487.46,0.09,4,241.4
ORD-000215,South,Groceries,2024-01-26,156.04,128.59,0.26,5,27.45
ORD-000216,South,Clothing,2024-01-22,160.92,94.65,0.08,2,66.27
ORD-000217,South,Clothing,2024-01-09,243.43,147.75,0.14,4,95.68
ORD-000218,South,Electronics,2024-01-23,1008.07,588.71,0.0,4,419.36
ORD-000219,South,Electronics,2024-01-23,784.98,454.85,0.27,3,330.13
ORD-000220,South,Electronics,2024-01-11,181.72,106.82,0.05,1,74.9
ORD-000221,South,Furniture,2024-01-18,503.3,391.94,0.02,3,111.36
ORD-000222,South,Electronics,2024-01-23,664.92,462.22,0.23,3,202.7
ORD-000223,South,Electronics,2024-01-24,951.76,593.56,0.19,4,358.2
ORD-000224,South,Furniture,2024-01-20,367.88,287.18,0.35,2,80.7
ORD-000225,South,Furniture,2024-01-03,191.01,148.61,0.11,1,42.4
ORD-000226,South,Furniture,2024-01-12,193.4,140.46,0.12,1,52.94
ORD-000227,South,Clothing,2024-01-24,218.17,127.07,0.11,4,91.1
ORD-000228,South,Clothing,2024-01-23,209.01,136.17,0.05,4,72.84
ORD-000229,South,Groceries,2024-01-03,167.58,124.69,0.02,5,42.89
ORD-000230,South,Electronics,2024-01-01,402.14,272.68,0.01,2,129.46
ORD-000231,South,Clothing,2024-01-24,237.18,128.86,0.3,4,108.32
ORD-000232,East,Furniture,2024-02-23,637.39,432.83,0.26,3,204.56
ORD-000233,East,Electronics,2024-02-22,435.34,293.55,0.16,2,141.79
ORD-000234,East,Furniture,2024-02-07,505.93,374.26,0.04,3,131.67
ORD-000235,East,Electronics,2024-02-05,497.23,340.89,0.14,2,156.34
ORD-000236,East,Groceries,2024-02-04,163.6,119.23,0.14,5,44.37
ORD-000237,East,Groceries,2024-02-28,130.41,89.02,0.08,5,41.39
ORD-000238,East,Clothing,2024-02-09,250.36,151.25,0.19,5,99.11
ORD-000239,East,Groceries,2024-02-20,66.63,43.77,0.21,2,22.86
ORD-000240,East,Furniture,2024-02-08,638.75,473.21,0.29,4,165.54
ORD-000241,East,Furniture,2024-02-11,188.09,131.8,0.11,1,56.29
ORD-000242,East,Furniture,2024-02-19,776.81,475.55,0.07,4,301.26
ORD-000243,East,Groceries,2024-02-19,150.69,121.79,0.16,4,28.9
ORD-000244,East,Furniture,2024-02-27,984.77,638.7,0.21,5,346.07
ORD-000245,East,Electronics,2024-02-20,525.82,301.49,0.07,2,224.33
ORD-000246,East,Furniture,2024-02-05,533.41,404.46,0.11,3,128.95
ORD-000247,East,Furniture,2024-02-02,473.38,311.02,0.21,2,162.36
ORD-000248,East,Electronics,2024-02-25,1009.73,579.05,0.04,5,430.68
ORD-000249,East,Electronics,2024-02-18,571.8,394.61,0.26,3,177.19
ORD-000250,East,Clothing,2024-02-15,263.63,139.3,0.14,4,124.33
ORD-000251,East,Electronics,2024-02-27,705.84,482.06,0.06,3,223.78
ORD-000252,East,Groceries,2024-02-14,70.73,50.89,0.2,2,19.84
ORD-000253,East,Electronics,2024-02-09,947.76,544.02,0.3,4,403.74
ORD-000254,East,Furniture,2024-02-11,506.67,347.25,0.22,3,159.42
ORD-000255,East,Groceries,2024-02-27,171.43,121.25,0.16,5,50.18
ORD-000256,East,Furniture,2024-02-13,373.28,263.63,0.11,2,109.65
ORD-000257,East,Furniture,2024-02-11,221.79,142.0,0.25,1,79.79
ORD-000258,East,Furniture,2024-02-07,852.98,631.58,0.09,5,221.4
ORD-000259,East,Groceries,2024-02-26,189.2,145.38,0.02,5,43.82
ORD-000260,East,Groceries,2024-02-11,183.01,137.66,0.0,5,45.35
ORD-000261,East,Electronics,2024-02-20,1149.07,645.91,0.26,5,503.16
ORD-000262,East,Groceries,2024-02-14,77.01,49.98,0.28,2,27.03
ORD-000263,East,Electronics,2024-02-25,1398.96,903.15,0.09,5,495.81
ORD-000264,East,Electronics,2024-02-22,511.19,327.75,0.34,3,183.44
ORD-000265,East,Groceries,2024-02-24,121.84,91.99,0.31,4,29.85
ORD-000266,East,Furniture,2024-02-03,193.77,134.46,0.2,1,59.31
ORD-000267,East,Groceries,2024-02-18,162.32,115.99,0.15,4,46.33
ORD-000268,East,Electronics,2024-02-23,1014.4,610.75,0.11,5,403.65
ORD-000269,East,Groceries,2024-02-01,36.62,26.79,0.24,1,9.83
ORD-000270,East,Electronics,2024-02-19,877.65,573.9,0.01,4,303.75
ORD-000271,East,Furniture,2024-02-15,743.77,472.84,0.07,5,270.93
ORD-000272,East,Furniture,2024-02-03,199.96,136.14,0.28,1,63.82
ORD-000273,East,Groceries,2024-02-03,75.75,60.97,0.22,2,14.78
ORD-000274,East,Furniture,2024-02-13,189.74,133.36,0.35,1,56.38
ORD-000275,East,Groceries,2024-02-02,128.22,90.05,0.32,4,38.17
ORD-000276,East,Electronics,2024-02-27,376.81,217.12,0.02,2,159.69
ORD-000277,East,Groceries,2024-02-05,167.28,135.97,0.2,5,31.31
ORD-000278,East,Furniture,2024-02-13,803.69,624.22,0.11,4,179.47
ORD-000279,East,Electronics,2024-02-09,576.51,330.12,0.3,3,246.39
ORD-000280,East,Clothing,2024-02-24,198.83,128.07,0.33,3,70.76
ORD-000281,East,Electronics,2024-02-23,1175.91,755.22,0.31,5,420.69
ORD-000282,East,Groceries,2024-02-20,74.43,54.35,0.14,3,20.08
ORD-000283,East,Furniture,2024-02-11,209.1,130.72,0.27,1,78.38
ORD-000284,East,Furniture,2024-02-27,214.92,132.82,0.06,1,82.1
ORD-000285,East,Electronics,2024-02-28,473.0,301.75,0.33,2,171.25
ORD-000286,East,Groceries,2024-02-07,33.67,22.75,0.02,1,10.92
ORD-000287,East,Electronics,2024-02-16,226.86,145.48,0.22,1,81.38
ORD-000288,East,Electronics,2024-02-23,862.48,596.79,0.33,3,265.69
ORD-000289,East,Furniture,2024-02-03,235.21,161.46,0.33,1,73.75
ORD-000290,East,Furniture,2024-02-22,351.07,225.77,0.11,2,125.3
ORD-000291,East,Clothing,2024-02-19,66.24,36.77,0.25,1,29.47
ORD-000292,East,Electronics,2024-02-27,787.17,452.33,0.17,4,334.84
ORD-000293,East,Furniture,2024-02-15,170.74,133.37,0.17,1,37.37
ORD-000294,East,Furniture,2024-02-12,939.8,669.89,0.08,5,269.91
ORD-000295,East,Clothing,2024-02-02,317.26,187.19,0.31,4,130.07
ORD-000296,East,Furniture,2024-02-02,765.43,552.79,0.27,4,212.64
ORD-000297,East,Furniture,2024-02-18,711.6,511.84,0.12,3,199.76
ORD-000298,East,Clothing,2024-02-19,220.01,126.68,0.15,4,93.33
ORD-000299,East,Clothing,2024-02-15,102.83,60.53,0.08,2,42.3
ORD-000300,East,Clothing,2024-02-04,137.35,84.18,0.26,2,53.17
ORD-000301,East,Groceries,2024-02-08,180.04,147.65,0.05,4,32.39
ORD-000302,East,Electronics,2024-02-09,470.77,327.11,0.27,2,143.66
ORD-000303,East,Clothing,2024-02-05,333.34,197.13,0.05,5,136.21
ORD-000304,East,Electronics,2024-02-09,438.8,282.27,0.25,2,156.53
ORD-000305,East,Electronics,2024-02-14,686.07,462.37,0.29,3,223.7
ORD-000306,West,Groceries,2024-02-07,82.07,55.79,0.16,2,26.28
ORD-000307,West,Furniture,2024-02-07,716.28,476.58,0.1,4,239.7
ORD-000308,West,Electronics,2024-02-13,244.96,150.71,0.08,1,94.25
ORD-000309,West,Clothing,2024-02-27,70.23,43.21,0.3,1,27.02
ORD-000310,West,Groceries,2024-02-18,102.09,82.85,0.28,3,19.24
ORD-000311,West,Furniture,2024-02-03,705.43,488.95,0.17,4,216.48
ORD-000312,West,Furniture,2024-02-16,607.5,458.19,0.04,3,149.31
ORD-000313,West,Electronics,2024-02-23,179.67,127.96,0.31,1,51.71
ORD-000314,West,Groceries,2024-02-09,36.01,25.07,0.21,1,10.94
ORD-000315,West,Groceries,2024-02-10,95.35,66.87,0.06,3,28.48
ORD-000316,West,Electronics,2024-02-02,820.67,509.18,0.29,4,311.49
ORD-000317,West,Clothing,2024-02-06,263.28,168.43,0.09,4,94.85
ORD-000318,West,Groceries,2024-02-04,126.93,100.86,0.08,4,26.07
ORD-000319,West,Electronics,2024-02-28,448.64,280.24,0.15,2,168.4
ORD-000320,West,Electronics,2024-02-22,916.81,565.34,0.29,4,351.47
ORD-000321,West,Electronics,2024-02-01,995.63,708.97,0.01,4,286.66
ORD-000322,West,Electronics,2024-02-15,1175.08,671.91,0.14,5,503.17
ORD-000323,West,Clothing,2024-02-11,67.19,36.98,0.14,1,30.21
ORD-000324,West,Furniture,2024-02-25,705.14,514.31,0.34,4,190.83
ORD-000325,West,Furniture,2024-02-12,740.91,484.41,0.26,4,256.5
ORD-000326,West,Clothing,2024-02-03,349.16,192.42,0.06,5,156.74
ORD-000327,West,Furniture,2024-02-09,368.53,282.4,0.28,2,86.13
ORD-000328,West,Electronics,2024-02-08,875.52,506.87,0.33,4,368.65
ORD-000329,West,Furniture,2024-02-07,727.17,494.38,0.01,5,232.79
ORD-000330,West,Electronics,2024-02-18,964.24,569.57,0.32,4,394.67
ORD-000331,West,Groceries,2024-02-24,84.72,55.67,0.3,2,29.05
ORD-000332,West,Electronics,2024-02-18,223.89,129.38,0.27,1,94.51
ORD-000333,West,Groceries,2024-02-21,39.34,31.7,0.18,1,7.64
ORD-000334,West,Clothing,2024-02-23,44.91,24.21,0.08,1,20.7
ORD-000335,West,Furniture,2024-02-15,828.48,562.68,0.28,4,265.8
ORD-000336,West,Groceries,2024-02-07,149.31,114.97,0.18,4,34.34
ORD-000337,West,Electronics,2024-02-23,356.24,238.64,0.32,2,117.6
ORD-000338,West,Groceries,2024-02-10,69.14,50.7,0.35,2,18.44
ORD-000339,West,Electronics,2024-02-12,660.16,397.43,0.28,3,262.73
ORD-000340,West,Furniture,2024-02-28,731.77,485.33,0.27,4,246.44
ORD-000341,West,Electronics,2024-02-17,459.67,315.6,0.01,2,144.07
ORD-000342,West,Electronics,2024-02-20,1031.25,654.66,0.02,5,376.59
ORD-000343,West,Furniture,2024-02-25,927.18,629.92,0.33,5,297.26
ORD-000344,West,Electronics,2024-02-21,431.88,299.0,0.26,2,132.88
ORD-000345,West,Groceries,2024-02-07,73.53,57.96,0.09,2,15.57
ORD-000346,West,Electronics,2024-02-01,576.45,385.1,0.22,3,191.35
ORD-000347,West,Clothing,2024-02-15,376.96,221.34,0.22,5,155.62
ORD-000348,West,Electronics,2024-02-25,205.19,125.61,0.2,1,79.58
ORD-000349,West,Electronics,2024-02-28,446.74,313.12,0.12,2,133.62
ORD-000350,West,Electronics,2024-02-06,498.92,287.69,0.02,2,211.23
ORD-000351,West,Groceries,2024-02-03,35.41,28.22,0.2,1,7.19
ORD-000352,West,Clothing,2024-02-18,59.35,36.48,0.18,1,22.87
ORD-000353,West,Clothing,2024-02-13,200.88,118.48,0.06,3,82.4
ORD-000354,West,Clothing,2024-02-08,229.06,127.75,0.29,4,101.31
ORD-000355,West,Electronics,2024-02-20,1002.35,571.39,0.27,5,430.96
ORD-000356,West,Electronics,2024-02-07,801.9,560.54,0.1,4,241.36
ORD-000357,West,Furniture,2024-02-09,388.22,278.63,0.21,2,109.59
ORD-000358,West,Clothing,2024-02-04,260.51,161.47,0.24,5,99.04
ORD-000359,West,Electronics,2024-02-13,864.89,494.23,0.08,4,370.66
ORD-000360,West,Furniture,2024-02-21,852.55,631.97,0.17,5,220.58
ORD-000361,West,Furniture,2024-02-18,186.53,129.75,0.19,1,56.78
ORD-000362,West,Clothing,2024-02-21,330.59,197.29,0.17,5,133.3
ORD-000363,West,Groceries,2024-02-14,80.97,66.49,0.16,2,14.48
ORD-000364,West,Electronics,2024-02-07,540.9,301.87,0.15,3,239.03
ORD-000365,West,Clothing,2024-02-21,173.1,104.66,0.05,3,68.44
ORD-000366,West,Groceries,2024-02-05,174.17,123.09,0.22,5,51.08
ORD-000367,West,Furniture,2024-02-22,285.89,218.99,0.18,2,66.9
ORD-000368,West,Clothing,2024-02-24,142.4,78.96,0.1,3,63.44
ORD-000369,West,Electronics,2024-02-08,832.53,592.76,0.35,4,239.77
ORD-000370,West,Furniture,2024-02-18,279.55,215.42,0.07,2,64.13
ORD-000371,West,Furniture,2024-02-24,780.63,536.11,0.34,4,244.52
ORD-000372,West,Groceries,2024-02-26,191.42,133.31,0.11,5,58.11
ORD-000373,West,Furniture,2024-02-16,181.91,131.02,0.14,1,50.89
ORD-000374,West,Clothing,2024-02-10,279.58,151.1,0.07,5,128.48
ORD-000375,West,Groceries,2024-02-13,137.04,107.53,0.19,5,29.51
ORD-000376,West,Electronics,2024-02-09,1018.49,671.86,0.1,5,346.63
ORD-000377,West,Electronics,2024-02-02,202.47,113.66,0.3,1,88.81
ORD-000378,West,Electronics,2024-02-17,714.02,447.43,0.03,3,266.59
ORD-000379,West,Clothing,2024-02-26,244.57,134.0,0.32,4,110.57
ORD-000380,West,Furniture,2024-02-05,799.42,578.94,0.25,4,220.48
ORD-000381,West,Furniture,2024-02-27,722.7,479.18,0.17,5,243.52
ORD-000382,North,Electronics,2024-02-02,1043.75,697.51,0.01,4,346.24
ORD-000383,North,Furniture,2024-02-19,475.3,353.64,0.28,3,121.66
ORD-000384,North,Clothing,2024-02-03,54.62,33.29,0.09,1,21.33
ORD-000385,North,Electronics,2024-02-07,913.19,568.15,0.06,5,345.04
ORD-000386,North,Groceries,2024-02-26,119.4,97.35,0.01,3,22.05
ORD-000387,North,Groceries,2024-02-27,105.41,82.78,0.34,3,22.63
ORD-000388,North,Groceries,2024-02-28,74.42,49.27,0.3,2,25.15
ORD-000389,North,Clothing,2024-02-18,278.62,168.54,0.05,5,110.08
ORD-000390,North,Clothing,2024-02-03,271.47,175.13,0.17,4,96.34
ORD-000391,North,Furniture,2024-02-09,503.51,370.9,0.13,3,132.61
ORD-000392,North,Electronics,2024-02-07,419.2,295.16,0.26,2,124.04
ORD-000393,North,Electronics,2024-02-25,1095.61,755.99,0.08,5,339.62
ORD-000394,North,Clothing,2024-02-26,182.06,113.33,0.35,3,68.73
ORD-000395,North,Electronics,2024-02-03,603.04,368.25,0.02,3,234.79
ORD-000396,North,Furniture,2024-02-22,741.52,496.05,0.3,4,245.47
ORD-000397,North,Furniture,2024-02-24,401.45,310.72,0.23,2,90.73
ORD-000398,North,Electronics,2024-02-25,407.45,236.3,0.05,2,171.15
ORD-000399,North,Clothing,2024-02-02,61.74,33.48,0.15,1,28.26
ORD-000400,North,Furniture,2024-02-15,520.49,321.38,0.22,3,199.11
ORD-000401,North,Furniture,2024-02-19,286.84,176.22,0.09,2,110.62
ORD-000402,North,Furniture,2024-02-12,336.58,227.61,0.19,2,108.97
ORD-000403,North,Furniture,2024-02-01,184.34,123.62,0.15,1,60.72
ORD-000404,North,Electronics,2024-02-22,234.88,131.87,0.21,1,103.01
ORD-000405,North,Clothing,2024-02-08,311.14,190.94,0.33,5,120.2
ORD-000406,North,Groceries,2024-02-02,129.25,96.48,0.05,4,32.77
ORD-000407,North,Electronics,2024-02-28,217.53,136.64,0.29,1,80.89
ORD-000408,North,Electronics,2024-02-14,272.3,171.99,0.05,1,100.31
ORD-000409,North,Electronics,2024-02-27,896.98,570.6,0.03,4,326.38
ORD-000410,North,Furniture,2024-02-27,180.32,140.13,0.09,1,40.19
ORD-000411,North,Furniture,2024-02-25,603.43,397.97,0.3,4,205.46
ORD-000412,North,Furniture,2024-02-15,421.19,271.12,0.11,2,150.07
ORD-000413,North,Electronics,2024-02-11,721.02,478.33,0.06,3,242.69
ORD-000414,North,Clothing,2024-02-08,134.05,76.75,0.25,2,57.3
ORD-000415,North,Furniture,2024-02-11,639.02,453.21,0.07,4,185.81
ORD-000416,North,Groceries,2024-02-10,115.12,84.85,0.04,3,30.27
ORD-000417,North,Electronics,2024-02-21,885.7,605.0,0.33,4,280.7
ORD-000418,North,Clothing,2024-02-20,52.63,35.05,0.12,1,17.58
ORD-000419,North,Electronics,2024-02-15,211.99,124.14,0.21,1,87.85
ORD-000420,North,Electronics,2024-02-26,214.89,121.23,0.04,1,93.66
ORD-000421,North,Electronics,2024-02-08,442.99,260.44,0.13,2,182.55
ORD-000422,North,Furniture,2024-02-10,806.4,505.82,0.01,5,300.58
ORD-000423,North,Electronics,2024-02-22,497.43,349.16,0.18,2,148.27
ORD-000424,North,Furniture,2024-02-09,951.97,706.37,0.3,5,245.6
ORD-000425,North,Groceries,2024-02-13,35.4,28.08,0.11,1,7.32
ORD-000426,North,Groceries,2024-02-03,126.37,99.4,0.03,3,26.97
ORD-000427,North,Clothing,2024-02-01,58.02,37.01,0.21,1,21.01
ORD-000428,North,Groceries,2024-02-03,71.8,51.88,0.01,2,19.92
ORD-000429,North,Furniture,2024-02-08,572.66,391.85,0.31,3,180.81
ORD-000430,North,Electronics,2024-02-26,1206.85,734.74,0.18,5,472.11
ORD-000431,North,Furniture,2024-02-08,538.19,343.26,0.12,3,194.93
ORD-000432,North,Furniture,2024-02-12,613.87,402.48,0.34,3,211.39
ORD-000433,South,Groceries,2024-02-24,100.66,74.77,0.06,3,25.89
ORD-000434,South,Clothing,2024-02-17,118.64,77.92,0.04,2,40.72
ORD-000435,South,Furniture,2024-02-21,331.22,236.37,0.29,2,94.85
ORD-000436,South,Electronics,2024-02-15,654.99,432.79,0.04,3,222.2
ORD-000437,South,Groceries,2024-02-26,75.23,53.13,0.21,2,22.1
ORD-000438,South,Clothing,2024-02-13,169.08,90.81,0.35,3,78.27
ORD-000439,South,Furniture,2024-02-25,388.43,298.63,0.03,2,89.8
ORD-000440,South,Electronics,2024-02-27,604.04,366.52,0.12,3,237.52
ORD-000441,South,Furniture,2024-02-12,622.2,475.81,0.09,4,146.39
ORD-000442,South,Clothing,2024-02-02,258.01,159.14,0.12,4,98.87
ORD-000443,South,Clothing,2024-02-03,159.6,100.63,0.31,3,58.97
ORD-000444,South,Electronics,2024-02-09,1400.21,897.9,0.1,5,502.31
ORD-000445,South,Electronics,2024-02-11,662.92,409.56,0.07,3,253.36
ORD-000446,South,Electronics,2024-02-18,428.79,262.22,0.19,2,166.57
ORD-000447,South,Clothing,2024-02-11,64.52,42.72,0.18,1,21.8
ORD-000448,South,Groceries,2024-02-23,188.31,136.57,0.24,5,51.74
ORD-000449,South,Groceries,2024-02-13,216.63,162.29,0.04,5,54.34
ORD-000450,South,Clothing,2024-02-15,55.5,35.97,0.22,1,19.53
ORD-000451,South,Clothing,2024-02-22,163.64,106.04,0.01,3,57.6
ORD-000452,South,Furniture,2024-02-07,935.94,675.96,0.15,4,259.98
ORD-000453,South,Electronics,2024-02-10,1330.09,784.32,0.03,5,545.77
ORD-000454,South,Groceries,2024-02-22,125.63,88.02,0.34,4,37.61
ORD-000455,South,Clothing,2024-02-18,201.56,113.96,0.01,3,87.6
ORD-000456,South,Clothing,2024-02-02,238.43,149.68,0.33,4,88.75
ORD-000457,South,Clothing,2024-02-14,90.17,52.77,0.11,2,37.4
ORD-000458,South,Furniture,2024-02-13,615.06,470.32,0.35,3,144.74
ORD-000459,South,Electronics,2024-02-11,429.82,263.3,0.1,2,166.52
ORD-000460,South,Electronics,2024-02-22,176.28,123.48,0.01,1,52.8
ORD-000461,South,Electronics,2024-02-12,245.34,146.89,0.35,1,98.45
ORD-000462,South,Electronics,2024-02-06,206.03,130.87,0.2,1,75.16
ORD-000463,South,Furniture,2024-02-24,372.17,254.87,0.24,2,117.3
ORD-000464,South,Groceries,2024-02-11,196.63,129.86,0.06,5,66.77
ORD-000465,South,Electronics,2024-02-21,627.06,420.24,0.02,3,206.82
ORD-000466,South,Groceries,2024-02-24,131.73,85.92,0.02,4,45.81
ORD-000467,South,Groceries,2024-02-07,132.88,96.3,0.28,4,36.58
ORD-000468,South,Furniture,2024-02-15,210.16,133.98,0.29,1,76.18
ORD-000469,South,Electronics,2024-02-14,442.96,292.84,0.24,2,150.12
ORD-000470,South,Electronics,2024-02-12,1438.26,918.79,0.16,5,519.47
ORD-000471,South,Electronics,2024-02-09,881.24,541.59,0.05,4,339.65
ORD-000472,South,Groceries,2024-02-17,71.44,55.22,0.3,2,16.22
ORD-000473,South,Electronics,2024-02-05,657.34,371.61,0.27,3,285.73
ORD-000474,South,Groceries,2024-02-02,79.39,52.47,0.21,2,26.92
ORD-000475,South,Clothing,2024-02-11,293.29,178.41,0.35,5,114.88
ORD-000476,South,Electronics,2024-02-06,526.9,339.36,0.21,2,187.54
ORD-000477,South,Clothing,2024-02-22,245.76,157.0,0.09,4,88.76
ORD-000478,South,Furniture,2024-02-09,832.44,641.34,0.24,4,191.1
ORD-000479,South,Groceries,2024-02-12,111.23,81.83,0.04,3,29.4
ORD-000480,East,Furniture,2024-03-02,197.87,125.26,0.07,1,72.61
ORD-000481,East,Clothing,2024-03-03,287.5,180.33,0.02,5,107.17
ORD-000482,East,Clothing,2024-03-18,296.89,190.63,0.25,5,106.26
ORD-000483,East,Furniture,2024-03-10,586.2,454.12,0.21,3,132.08
ORD-000484,East,Clothing,2024-03-13,179.03,119.35,0.06,3,59.68
ORD-000485,East,Electronics,2024-03-16,791.1,511.52,0.02,4,279.58
ORD-000486,East,Furniture,2024-03-17,965.88,699.05,0.25,5,266.83
ORD-000487,East,Clothing,2024-03-23,108.16,58.05,0.1,2,50.11
ORD-000488,East,Furniture,2024-03-25,843.96,529.47,0.21,5,314.49
ORD-000489,East,Electronics,2024-03-21,251.34,163.37,0.21,1,87.97
ORD-000490,East,Electronics,2024-03-13,665.59,446.02,0.18,4,219.57
ORD-000491,East,Furniture,2024-03-02,364.39,234.96,0.13,2,129.43
ORD-000492,East,Groceries,2024-03-15,87.11,58.11,0.12,2,29.0
ORD-000493,East,Clothing,2024-03-11,291.39,186.02,0.04,5,105.37
ORD-000494,East,Clothing,2024-03-27,310.12,164.17,0.32,5,145.95
ORD-000495,East,Groceries,2024-03-15,124.59,85.48,0.29,4,39.11
ORD-000496,East,Furniture,2024-03-01,170.37,131.8,0.29,1,38.57
ORD-000497,East,Electronics,2024-03-02,1173.8,825.47,0.19,5,348.33
ORD-000498,East,Clothing,2024-03-13,279.01,150.48,0.03,5,128.53
ORD-000499,East,Electronics,2024-03-24,431.91,256.18,0.19,2,175.73
ORD-000500,East,Electronics,2024-03-05,515.67,317.17,0.22,2,198.5
ORD-000501,East,Groceries,2024-03-05,109.21,88.51,0.29,3,20.7
ORD-000502,East,Clothing,2024-03-18,184.63,114.86,0.01,3,69.77
ORD-000503,East,Groceries,2024-03-17,179.63,128.6,0.0,5,51.03
ORD-000504,East,Furniture,2024-03-15,398.56,266.94,0.09,2,131.62
ORD-000505,East,Furniture,2024-03-11,992.51,636.59,0.11,5,355.92
ORD-000506,East,Electronics,2024-03-16,860.5,566.02,0.33,3,294.48
ORD-000507,East,Electronics,2024-03-20,705.29,422.24,0.16,3,283.05
ORD-000508,East,Electronics,2024-03-18,1228.31,827.57,0.18,5,400.74
ORD-000509,East,Clothing,2024-03-12,111.64,59.89,0.23,2,51.75
ORD-000510,East,Groceries,2024-03-01,65.24,51.09,0.29,2,14.15
ORD-000511,East,Furniture,2024-03-18,175.41,132.97,0.04,1,42.44
ORD-000512,East,Groceries,2024-03-01,56.4,37.33,0.07,2,19.07
ORD-000513,East,Electronics,2024-03-13,1002.05,584.93,0.16,4,417.12
ORD-000514,East,Furniture,2024-03-22,915.85,662.1,0.04,5,253.75
ORD-000515,East,Electronics,2024-03-26,724.36,449.87,0.33,4,274.49
ORD-000516,East,Groceries,2024-03-12,101.04,73.78,0.26,3,27.26
ORD-000517,East,Electronics,2024-03-05,280.37,166.55,0.23,1,113.82
ORD-000518,East,Furniture,2024-03-25,341.75,237.78,0.27,2,103.97
ORD-000519,East,Electronics,2024-03-14,243.32,168.24,0.29,1,75.08
ORD-000520,East,Groceries,2024-03-25,82.09,56.57,0.33,2,25.52
ORD-000521,East,Furniture,2024-03-12,189.75,127.18,0.1,1,62.57
ORD-000522,East,Electronics,2024-03-03,1312.74,913.15,0.22,5,399.59
ORD-000523,East,Furniture,2024-03-13,160.34,103.83,0.29,1,56.51
ORD-000524,East,Electronics,2024-03-21,870.86,563.54,0.3,4,307.32
ORD-000525,East,Electronics,2024-03-25,1302.82,888.27,0.23,5,414.55
ORD-000526,East,Groceries,2024-03-28,37.03,29.42,0.26,1,7.61
ORD-000527,East,Furniture,2024-03-26,931.52,659.64,0.04,5,271.88
ORD-000528,East,Electronics,2024-03-24,435.39,269.54,0.09,2,165.85
ORD-000529,East,Furniture,2024-03-23,527.42,329.07,0.2,3,198.35
ORD-000530,East,Furniture,2024-03-18,334.87,227.63,0.17,2,107.24
ORD-000531,East,Furniture,2024-03-15,402.52,302.31,0.26,2,100.21
ORD-000532,East,Furniture,2024-03-23,865.87,552.51,0.2,4,313.36
ORD-000533,East,Electronics,2024-03-21,1049.29,694.7,0.09,4,354.59
ORD-000534,East,Furniture,2024-03-27,178.8,136.04,0.35,1,42.76
ORD-000535,East,Groceries,2024-03-05,40.46,26.45,0.14,1,14.01
ORD-000536,East,Groceries,2024-03-20,187.81,134.81,0.28,5,53.0
ORD-000537,East,Clothing,2024-03-14,58.88,32.7,0.06,1,26.18
ORD-000538,East,Clothing,2024-03-28,264.25,147.5,0.05,5,116.75
ORD-000539,East,Groceries,2024-03-07,174.57,144.26,0.0,5,30.31
ORD-000540,East,Furniture,2024-03-15,569.95,383.23,0.14,3,186.72
ORD-000541,East,Electronics,2024-03-21,418.25,242.24,0.14,2,176.01
ORD-000542,East,Groceries,2024-03-01,161.76,120.98,0.12,5,40.78
ORD-000543,East,Electronics,2024-03-13,641.29,410.48,0.25,3,230.81
ORD-000544,East,Furniture,2024-03-03,950.39,609.91,0.27,5,340.48
ORD-000545,West,Clothing,2024-03-06,61.03,36.26,0.01,1,24.77
ORD-000546,West,Electronics,2024-03-21,188.69,107.65,0.31,1,81.04
ORD-000547,West,Clothing,2024-03-25,336.4,208.48,0.18,5,127.92
ORD-000548,West,Clothing,2024-03-26,266.0,151.03,0.03,4,114.97
ORD-000549,West,Groceries,2024-03-13,102.8,82.18,0.35,3,20.62
ORD-000550,West,Electronics,2024-03-23,437.33,247.34,0.26,2,189.99
ORD-000551,West,Furniture,2024-03-19,725.86,476.28,0.05,4,249.58
ORD-000552,West,Electronics,2024-03-03,898.75,550.46,0.08,4,348.29
ORD-000553,West,Clothing,2024-03-20,114.78,75.48,0.13,2,39.3
ORD-000554,West,Groceries,2024-03-03,121.67,100.49,0.3,4,21.18
ORD-000555,West,Furniture,2024-03-18,514.52,374.32,0.27,3,140.2
ORD-000556,West,Groceries,2024-03-14,31.59,23.86,0.04,1,7.73
ORD-000557,West,Electronics,2024-03-10,1011.44,593.2,0.06,4,418.24
ORD-000558,West,Electronics,2024-03-25,387.82,218.8,0.01,2,169.02
ORD-000559,West,Furniture,2024-03-08,614.65,421.58,0.32,3,193.07
ORD-000560,West,Electronics,2024-03-20,977.07,689.97,0.34,4,287.1
ORD-000561,West,Clothing,2024-03-14,56.22,35.97,0.26,1,20.25
ORD-000562,West,Electronics,2024-03-13,1206.47,827.75,0.24,5,378.72
ORD-000563,West,Clothing,2024-03-19,285.0,164.13,0.02,5,120.87
ORD-000564,West,Clothing,2024-03-13,106.29,59.26,0.07,2,47.03
ORD-000565,West,Furniture,2024-03-07,942.53,699.81,0.13,5,242.72
ORD-000566,West,Furniture,2024-03-13,341.1,227.36,0.27,2,113.74
ORD-000567,West,Groceries,2024-03-19,119.82,93.77,0.16,3,26.05
ORD-000568,West,Furniture,2024-03-15,771.28,485.69,0.15,4,285.59
ORD-000569,West,Electronics,2024-03-12,977.73,686.62,0.01,5,291.11
ORD-000570,West,Clothing,2024-03-13,310.19,173.14,0.04,5,137.05
ORD-000571,West,Electronics,2024-03-08,209.17,133.87,0.0,1,75.3
ORD-000572,West,Electronics,2024-03-03,241.58,147.12,0.19,1,94.46
ORD-000573,West,Electronics,2024-03-01,715.77,411.42,0.04,3,304.35
ORD-000574,West,Electronics,2024-03-28,1385.76,904.34,0.35,5,481.42
ORD-000575,West,Electronics,2024-03-28,494.35,323.59,0.15,2,170.76
ORD-000576,West,Furniture,2024-03-27,555.16,433.86,0.13,3,121.3
ORD-000577,West,Clothing,2024-03-28,128.66,84.38,0.2,2,44.28
ORD-000578,West,Clothing,2024-03-05,278.46,172.55,0.16,5,105.91
ORD-000579,West,Electronics,2024-03-07,1296.32,730.27,0.25,5,566.05
ORD-000580,West,Groceries,2024-03-01,106.6,82.01,0.02,3,24.59
ORD-000581,West,Furniture,2024-03-20,327.7,220.9,0.24,2,106.8
ORD-000582,West,Furniture,2024-03-06,648.78,494.32,0.23,3,154.46
ORD-000583,West,Furniture,2024-03-10,632.97,413.7,0.0,4,219.27
ORD-000584,West,Groceries,2024-03-07,164.07,111.3,0.1,5,52.77
ORD-000585,West,Furniture,2024-03-10,197.01,152.64,0.31,1,44.37
ORD-000586,West,Electronics,2024-03-22,223.77,156.54,0.18,1,67.23
ORD-000587,West,Electronics,2024-03-05,870.13,518.97,0.32,4,351.16
ORD-000588,West,Clothing,2024-03-28,207.55,126.16,0.09,4,81.39
ORD-000589,West,Furniture,2024-03-09,336.58,238.82,0.06,2,97.76
ORD-000590,West,Furniture,2024-03-19,180.89,139.32,0.18,1,41.57
ORD-000591,West,Clothing,2024-03-19,56.61,35.43,0.31,1,21.18
ORD-000592,West,Clothing,2024-03-08,378.85,231.06,0.02,5,147.79
ORD-000593,West,Electronics,2024-03-02,605.23,352.76,0.21,3,252.47
ORD-000594,West,Clothing,2024-03-24,334.16,201.03,0.2,5,133.13
ORD-000595,West,Furniture,2024-03-19,822.92,640.62,0.03,5,182.3
ORD-000596,West,Groceries,2024-03-17,100.78,78.83,0.03,4,21.95
ORD-000597,West,Clothing,2024-03-17,292.29,155.94,0.26,4,136.35
ORD-000598,West,Electronics,2024-03-25,452.16,301.24,0.1,2,150.92
ORD-000599,West,Clothing,2024-03-27,208.57,118.74,0.08,4,89.83
ORD-000600,West,Furniture,2024-03-21,278.86,197.72,0.11,2,81.14
ORD-000601,West,Electronics,2024-03-08,556.07,362.21,0.13,2,193.86
ORD-000602,West,Clothing,2024-03-02,120.41,66.87,0.34,2,53.54
ORD-000603,West,Clothing,2024-03-18,239.07,131.18,0.22,4,107.89
ORD-000604,West,Furniture,2024-03-26,365.18,251.26,0.26,2,113.92
ORD-000605,West,Groceries,2024-03-13,34.48,28.04,0.09,1,6.44
ORD-000606,West,Groceries,2024-03-03,102.56,80.91,0.22,3,21.65
ORD-000607,West,Furniture,2024-03-18,553.82,359.23,0.09,3,194.59
ORD-000608,West,Furniture,2024-03-13,1094.1,833.79,0.13,5,260.31
ORD-000609,West,Furniture,2024-03-12,778.36,573.17,0.16,5,205.19
ORD-000610,West,Electronics,2024-03-27,716.78,480.35,0.3,3,236.43
ORD-000611,West,Groceries,2024-03-10,110.48,83.7,0.09,4,26.78
ORD-000612,West,Electronics,2024-03-04,421.74,286.38,0.27,2,135.36
ORD-000613,West,Electronics,2024-03-06,1019.79,655.48,0.32,5,364.31
ORD-000614,West,Groceries,2024-03-26,27.38,22.5,0.16,1,4.88
ORD-000615,West,Electronics,2024-03-03,431.09,257.77,0.06,2,173.32
ORD-000616,West,Groceries,2024-03-06,63.28,49.67,0.22,2,13.61
ORD-000617,West,Clothing,2024-03-10,187.88,103.16,0.33,3,84.72
ORD-000618,West,Electronics,2024-03-08,796.11,525.23,0.16,4,270.88
ORD-000619,West,Clothing,2024-03-05,56.56,31.74,0.1,1,24.82
ORD-000620,West,Electronics,2024-03-10,1223.83,769.05,0.07,5,454.78
ORD-000621,West,Electronics,2024-03-16,436.02,289.86,0.33,2,146.16
ORD-000622,West,Furniture,2024-03-26,332.12,205.68,0.25,2,126.44
ORD-000623,North,Groceries,2024-03-02,101.41,72.59,0.11,3,28.82
ORD-000624,North,Electronics,2024-03-28,596.33,409.19,0.22,3,187.14
ORD-000625,North,Clothing,2024-03-20,69.86,38.33,0.0,1,31.53
ORD-000626,North,Furniture,2024-03-10,408.25,262.77,0.12,2,145.48
ORD-000627,North,Electronics,2024-03-02,1039.57,630.37,0.34,5,409.2
ORD-000628,North,Groceries,2024-03-04,196.59,148.65,0.24,5,47.94
ORD-000629,North,Electronics,2024-03-06,273.9,178.48,0.35,1,95.42
ORD-000630,North,Clothing,2024-03-20,64.41,39.95,0.01,1,24.46
ORD-000631,North,Groceries,2024-03-11,138.82,102.63,0.33,4,36.19
ORD-000632,North,Electronics,2024-03-14,997.76,565.67,0.03,5,432.09
ORD-000633,North,Clothing,2024-03-25,62.1,35.01,0.07,1,27.09
ORD-000634,North,Electronics,2024-03-16,378.77,249.39,0.14,2,129.38
ORD-000635,North,Furniture,2024-03-03,555.95,428.31,0.27,3,127.64
ORD-000636,North,Groceries,2024-03-26,182.94,149.11,0.15,5,33.83
ORD-000637,North,Electronics,2024-03-02,413.06,236.59,0.12,2,176.47
ORD-000638,North,Clothing,2024-03-23,380.1,206.48,0.26,5,173.62
ORD-000639,North,Furniture,2024-03-01,742.39,496.07,0.1,4,246.32
ORD-000640,North,Clothing,2024-03-22,74.26,40.26,0.28,1,34.0
ORD-000641,North,Clothing,2024-03-06,177.13,104.88,0.15,3,72.25
ORD-000642,North,Electronics,2024-03-15,184.71,107.77,0.05,1,76.94
ORD-000643,North,Groceries,2024-03-08,75.92,53.6,0.31,2,22.32
ORD-000644,North,Furniture,2024-03-26,644.92,407.28,0.19,4,237.64
ORD-000645,North,Furniture,2024-03-23,361.7,250.42,0.34,2,111.28
ORD-000646,North,Furniture,2024-03-08,582.2,360.0,0.28,3,222.2
ORD-000647,North,Electronics,2024-03-09,1177.15,664.69,0.03,5,512.46
ORD-000648,North,Clothing,2024-03-03,114.96,65.65,0.08,2,49.31
ORD-000649,North,Electronics,2024-03-22,954.7,553.47,0.34,5,401.23
ORD-000650,North,Furniture,2024-03-18,203.55,148.94,0.29,1,54.61
ORD-000651,North,Furniture,2024-03-15,616.53,388.35,0.23,3,228.18
ORD-000652,North,Electronics,2024-03-08,248.67,146.11,0.22,1,102.56
ORD-000653,North,Clothing,2024-03-12,53.05,31.03,0.12,1,22.02
ORD-000654,North,Clothing,2024-03-17,313.79,185.96,0.34,4,127.83
ORD-000655,North,Clothing,2024-03-14,240.44,126.43,0.33,5,114.01
ORD-000656,North,Electronics,2024-03-08,710.6,403.33,0.01,3,307.27
ORD-000657,North,Furniture,2024-03-03,399.6,308.2,0.19,2,91.4
ORD-000658,North,Clothing,2024-03-09,200.75,126.26,0.04,3,74.49
ORD-000659,North,Electronics,2024-03-09,907.7,567.56,0.25,4,340.14
ORD-000660,North,Clothing,2024-03-17,199.86,116.11,0.3,3,83.75
ORD-000661,North,Furniture,2024-03-07,606.38,399.45,0.01,3,206.93
ORD-000662,North,Electronics,2024-03-11,594.1,379.82,0.31,3,214.28
ORD-000663,North,Electronics,2024-03-15,1334.74,914.8,0.06,5,419.94
ORD-000664,North,Electronics,2024-03-15,847.56,577.45,0.21,4,270.11
ORD-000665,North,Clothing,2024-03-11,114.69,61.8,0.01,2,52.89
ORD-000666,North,Electronics,2024-03-14,401.34,258.82,0.17,2,142.52
ORD-000667,North,Clothing,2024-03-19,70.17,40.15,0.2,1,30.02
ORD-000668,North,Furniture,2024-03-09,171.44,125.15,0.23,1,46.29
ORD-000669,North,Electronics,2024-03-13,470.24,265.04,0.3,2,205.2
ORD-000670,North,Electronics,2024-03-15,417.3,233.51,0.32,2,183.79
ORD-000671,North,Furniture,2024-03-27,404.73,307.3,0.32,2,97.43
ORD-000672,North,Furniture,2024-03-06,478.42,337.44,0.33,3,140.98
ORD-000673,North,Furniture,2024-03-08,183.01,133.74,0.34,1,49.27
ORD-000674,North,Electronics,2024-03-21,504.22,287.2,0.04,2,217.02
ORD-000675,North,Clothing,2024-03-19,197.63,127.07,0.18,3,70.56
ORD-000676,North,Groceries,2024-03-25,32.28,23.92,0.09,1,8.36
ORD-000677,North,Furniture,2024-03-03,686.46,435.75,0.18,4,250.71
ORD-000678,North,Electronics,2024-03-09,579.85,379.28,0.28,3,200.57
ORD-000679,North,Electronics,2024-03-24,241.65,147.66,0.23,1,93.99
ORD-000680,North,Furniture,2024-03-05,384.07,240.69,0.31,2,143.38
ORD-000681,North,Groceries,2024-03-24,95.32,71.33,0.34,3,23.99
ORD-000682,North,Electronics,2024-03-03,826.33,503.2,0.11,4,323.13
ORD-000683,South,Furniture,2024-03-08,322.05,199.31,0.13,2,122.74
ORD-000684,South,Groceries,2024-03-10,36.3,28.47,0.11,1,7.83
ORD-000685,South,Groceries,2024-03-20,32.63,21.15,0.01,1,11.48
ORD-000686,South,Groceries,2024-03-22,124.69,101.05,0.01,4,23.64
ORD-000687,South,Clothing,2024-03-13,110.74,57.91,0.1,2,52.83
ORD-000688,South,Clothing,2024-03-23,49.82,28.18,0.11,1,21.64
ORD-000689,South,Groceries,2024-03-13,154.34,115.36,0.14,5,38.98
ORD-000690,South,Furniture,2024-03-13,576.09,441.6,0.33,4,134.49
ORD-000691,South,Furniture,2024-03-13,408.43,308.17,0.2,2,100.26
ORD-000692,South,Clothing,2024-03-21,57.42,36.19,0.07,1,21.23
ORD-000693,South,Furniture,2024-03-17,358.26,271.39,0.21,2,86.87
ORD-000694,South,Electronics,2024-03-23,577.98,390.45,0.14,3,187.53
ORD-000695,South,Groceries,2024-03-12,202.79,131.43,0.23,5,71.36
ORD-000696,South,Clothing,2024-03-16,84.11,53.78,0.24,1,30.33
ORD-000697,South,Electronics,2024-03-27,725.85,516.17,0.34,3,209.68
ORD-000698,South,Groceries,2024-03-22,150.1,101.92,0.19,5,48.18
ORD-000699,South,Clothing,2024-03-15,226.78,121.98,0.13,3,104.8
ORD-000700,South,Furniture,2024-03-13,1027.74,655.8,0.29,5,371.94
ORD-000701,South,Furniture,2024-03-02,537.56,372.26,0.06,3,165.3
ORD-000702,South,Clothing,2024-03-23,143.01,86.93,0.05,2,56.08
ORD-000703,South,Electronics,2024-03-25,482.72,335.64,0.08,2,147.08
ORD-000704,South,Electronics,2024-03-14,933.46,665.22,0.04,4,268.24
ORD-000705,South,Groceries,2024-03-25,117.49,83.41,0.18,3,34.08
ORD-000706,South,Electronics,2024-03-23,188.02,131.9,0.22,1,56.12
ORD-000707,South,Furniture,2024-03-20,541.19,414.42,0.06,3,126.77
ORD-000708,South,Groceries,2024-03-23,77.74,57.13,0.29,2,20.61
ORD-000709,South,Electronics,2024-03-22,213.82,129.49,0.16,1,84.33
ORD-000710,South,Electronics,2024-03-11,784.57,469.0,0.26,3,315.57
ORD-000711,South,Electronics,2024-03-22,236.27,146.55,0.25,1,89.72
ORD-000712,South,Groceries,2024-03-23,178.43,131.17,0.27,5,47.26
ORD-000713,South,Electronics,2024-03-23,582.8,398.01,0.03,3,184.79
ORD-000714,South,Electronics,2024-03-28,688.87,431.19,0.1,3,257.68
ORD-000715,South,Electronics,2024-03-15,238.04,167.34,0.0,1,70.7
ORD-000716,South,Electronics,2024-03-07,393.99,233.63,0.23,2,160.36
ORD-000717,South,Electronics,2024-03-18,651.18,424.18,0.24,3,227.0
ORD-000718,South,Furniture,2024-03-05,380.94,295.58,0.22,2,85.36
ORD-000719,South,Electronics,2024-03-13,798.09,528.02,0.2,4,270.07
ORD-000720,South,Groceries,2024-03-19,67.8,46.25,0.04,2,21.55
ORD-000721,South,Groceries,2024-03-17,112.41,84.76,0.02,3,27.65
ORD-000722,East,Electronics,2024-04-23,426.86,256.49,0.01,2,170.37
ORD-000723,East,Clothing,2024-04-05,261.59,165.22,0.12,4,96.37
ORD-000724,East,Furniture,2024-04-07,440.23,291.67,0.07,2,148.56
ORD-000725,East,Electronics,2024-04-06,720.05,411.04,0.06,3,309.01
ORD-000726,East,Furniture,2024-04-25,669.31,433.82,0.32,4,235.49
ORD-000727,East,Groceries,2024-04-20,59.62,43.14,0.07,2,16.48
ORD-000728,East,Electronics,2024-04-11,1141.55,700.67,0.21,5,440.88
ORD-000729,East,Electronics,2024-04-10,206.02,143.01,0.11,1,63.01
ORD-000730,East,Furniture,2024-04-08,344.09,253.74,0.06,2,90.35
ORD-000731,East,Furniture,2024-04-14,851.31,534.69,0.12,4,316.62
ORD-000732,East,Groceries,2024-04-18,141.18,92.47,0.21,4,48.71
ORD-000733,East,Electronics,2024-04-16,875.9,546.26,0.1,4,329.64
ORD-000734,East,Electronics,2024-04-01,528.43,341.88,0.24,3,186.55
ORD-000735,East,Electronics,2024-04-05,213.1,141.04,0.15,1,72.06
ORD-000736,East,Clothing,2024-04-25,238.17,158.59,0.26,4,79.58
ORD-000737,East,Groceries,2024-04-24,188.76,149.56,0.33,5,39.2
ORD-000738,East,Furniture,2024-04-18,176.33,133.42,0.15,1,42.91
ORD-000739,East,Clothing,2024-04-23,204.2,113.96,0.25,4,90.24
ORD-000740,East,Clothing,2024-04-27,174.18,105.41,0.2,3,68.77
ORD-000741,East,Electronics,2024-04-28,885.47,593.56,0.28,4,291.91
ORD-000742,East,Furniture,2024-04-06,775.92,587.84,0.18,4,188.08
ORD-000743,East,Electronics,2024-04-21,220.11,152.72,0.11,1,67.39
ORD-000744,East,Electronics,2024-04-03,1077.94,676.8,0.26,5,401.14
ORD-000745,East,Furniture,2024-04-10,365.96,241.27,0.32,2,124.69
ORD-000746,East,Electronics,2024-04-28,186.85,106.82,0.09,1,80.03
ORD-000747,East,Electronics,2024-04-23,666.34,406.62,0.23,3,259.72
ORD-000748,East,Clothing,2024-04-27,211.58,131.33,0.29,4,80.25
ORD-000749,East,Clothing,2024-04-14,141.11,75.26,0.27,2,65.85
ORD-000750,East,Groceries,2024-04-03,163.3,133.24,0.08,4,30.06
ORD-000751,East,Furniture,2024-04-26,621.44,393.83,0.12,4,227.61
ORD-000752,East,Clothing,2024-04-07,63.88,33.56,0.05,1,30.32
ORD-000753,East,Furniture,2024-04-19,174.09,129.58,0.15,1,44.51
ORD-000754,East,Electronics,2024-04-01,200.3,121.47,0.06,1,78.83
ORD-000755,East,Electronics,2024-04-05,227.54,149.17,0.33,1,78.37
ORD-000756,East,Clothing,2024-04-16,296.39,178.96,0.02,5,117.43
ORD-000757,East,Furniture,2024-04-11,370.83,244.59,0.24,2,126.24
ORD-000758,East,Groceries,2024-04-22,141.2,105.18,0.01,4,36.02
ORD-000759,East,Clothing,2024-04-16,113.36,64.56,0.33,2,48.8
ORD-000760,East,Clothing,2024-04-14,335.83,195.45,0.16,4,140.38
ORD-000761,East,Electronics,2024-04-13,257.12,145.06,0.28,1,112.06
ORD-000762,East,Electronics,2024-04-20,428.15,282.22,0.21,2,145.93
ORD-000763,East,Groceries,2024-04-15,150.23,116.43,0.08,5,33.8
ORD-000764,East,Electronics,2024-04-12,684.44,420.82,0.14,3,263.62
ORD-000765,East,Clothing,2024-04-07,126.6,74.12,0.25,2,52.48
ORD-000766,East,Electronics,2024-04-14,231.38,153.35,0.12,1,78.03
ORD-000767,East,Groceries,2024-04-10,110.96,77.04,0.22,3,33.92
ORD-000768,East,Furniture,2024-04-11,160.7,101.4,0.04,1,59.3
ORD-000769,East,Groceries,2024-04-12,140.72,115.32,0.01,4,25.4
ORD-000770,East,Furniture,2024-04-21,344.17,252.34,0.16,2,91.83
ORD-000771,East,Groceries,2024-04-02,57.36,45.94,0.33,2,11.42
ORD-000772,East,Electronics,2024-04-04,603.29,384.87,0.18,3,218.42
ORD-000773,East,Groceries,2024-04-18,158.38,114.04,0.05,5,44.34
ORD-000774,East,Electronics,2024-04-05,636.29,424.57,0.19,3,211.72
ORD-000775,East,Furniture,2024-04-19,494.59,376.78,0.19,3,117.81
ORD-000776,East,Clothing,2024-04-15,67.32,43.59,0.14,1,23.73
ORD-000777,East,Furniture,2024-04-09,174.56,123.0,0.23,1,51.56
ORD-000778,East,Furniture,2024-04-07,480.81,322.54,0.32,3,158.27
ORD-000779,East,Electronics,2024-04-16,455.13,312.42,0.05,2,142.71
ORD-000780,East,Groceries,2024-04-15,118.59,87.74,0.01,4,30.85
ORD-000781,East,Furniture,2024-04-08,136.03,98.26,0.17,1,37.77
ORD-000782,East,Electronics,2024-04-03,472.34,277.54,0.21,2,194.8
ORD-000783,East,Electronics,2024-04-25,351.47,201.08,0.31,2,150.39
ORD-000784,East,Electronics,2024-04-12,190.16,133.94,0.25,1,56.22
ORD-000785,East,Electronics,2024-04-17,192.97,136.0,0.04,1,56.97
ORD-000786,East,Furniture,2024-04-09,360.76,263.4,0.1,2,97.36
ORD-000787,East,Furniture,2024-04-03,377.78,258.95,0.05,2,118.83
ORD-000788,East,Groceries,2024-04-05,99.02,67.68,0.03,3,31.34
ORD-000789,East,Electronics,2024-04-02,1107.44,702.66,0.23,5,404.78
ORD-000790,East,Electronics,2024-04-13,570.42,339.0,0.13,3,231.42
ORD-000791,East,Electronics,2024-04-07,544.8,387.64,0.35,3,157.16
ORD-000792,East,Groceries,2024-04-12,113.41,80.1,0.08,3,33.31
ORD-000793,East,Electronics,2024-04-03,1180.25,720.72,0.06,4,459.53
ORD-000794,East,Clothing,2024-04-10,141.15,78.61,0.19,2,62.54
ORD-000795,East,Electronics,2024-04-14,213.65,124.57,0.21,1,89.08
ORD-000796,East,Electronics,2024-04-05,1143.48,645.68,0.2,5,497.8
ORD-000797,East,Furniture,2024-04-08,800.99,502.15,0.25,4,298.84
ORD-000798,East,Electronics,2024-04-06,969.05,676.27,0.28,5,292.78
ORD-000799,East,Groceries,2024-04-19,107.66,79.07,0.32,3,28.59
ORD-000800,East,Furniture,2024-04-10,182.51,128.64,0.04,1,53.87
ORD-000801,East,Furniture,2024-04-09,835.22,564.95,0.29,4,270.27
ORD-000802,East,Furniture,2024-04-22,537.41,413.37,0.17,3,124.04
ORD-000803,West,Electronics,2024-04-08,495.4,331.53,0.33,2,163.87
ORD-000804,West,Clothing,2024-04-16,54.32,34.88,0.3,1,19.44
ORD-000805,West,Electronics,2024-04-27,427.54,291.59,0.34,2,135.95
ORD-000806,West,Clothing,2024-04-05,211.98,114.3,0.28,4,97.68
ORD-000807,West,Electronics,2024-04-20,812.18,475.98,0.14,4,336.2
ORD-000808,West,Clothing,2024-04-12,263.4,138.61,0.14,4,124.79
ORD-000809,West,Clothing,2024-04-17,163.41,95.98,0.13,3,67.43
ORD-000810,West,Electronics,2024-04-21,394.57,253.2,0.32,2,141.37
ORD-000811,West,Furniture,2024-04-18,193.48,124.27,0.04,1,69.21
ORD-000812,West,Clothing,2024-04-24,154.87,85.77,0.11,3,69.1
ORD-000813,West,Furniture,2024-04-18,213.69,163.66,0.1,1,50.03
ORD-000814,West,Clothing,2024-04-16,207.04,135.32,0.03,3,71.72
ORD-000815,West,Clothing,2024-04-21,61.24,36.57,0.11,1,24.67
ORD-000816,West,Groceries,2024-04-22,175.11,137.67,0.09,5,37.44
ORD-000817,West,Furniture,2024-04-25,323.64,224.67,0.33,2,98.97
ORD-000818,West,Clothing,2024-04-25,184.29,122.83,0.05,3,61.46
ORD-000819,West,Furniture,2024-04-14,825.05,632.37,0.26,5,192.68
ORD-000820,West,Clothing,2024-04-12,58.76,35.01,0.01,1,23.75
ORD-000821,West,Furniture,2024-04-24,160.36,119.83,0.14,1,40.53
ORD-000822,West,Furniture,2024-04-01,725.29,502.37,0.09,4,222.92
ORD-000823,West,Electronics,2024-04-20,235.63,146.66,0.09,1,88.97
ORD-000824,West,Furniture,2024-04-13,392.18,278.74,0.0,2,113.44
ORD-000825,West,Groceries,2024-04-02,32.37,22.18,0.18,1,10.19
ORD-000826,West,Electronics,2024-04-25,654.11,429.75,0.09,3,224.36
ORD-000827,West,Electronics,2024-04-12,1079.04,678.96,0.34,5,400.08
ORD-000828,West,Clothing,2024-04-28,113.27,72.09,0.19,2,41.18
ORD-000829,West,Clothing,2024-04-28,181.69,118.52,0.25,3,63.17
ORD-000830,West,Electronics,2024-04-20,895.26,627.05,0.28,5,268.21
ORD-000831,West,Electronics,2024-04-04,1003.47,636.65,0.03,5,366.82
ORD-000832,West,Clothing,2024-04-16,330.93,186.17,0.18,5,144.76
ORD-000833,West,Electronics,2024-04-25,200.39,115.0,0.07,1,85.39
ORD-000834,West,Clothing,2024-04-03,349.66,220.35,0.26,5,129.31
ORD-000835,West,Electronics,2024-04-02,814.67,480.15,0.24,4,334.52
ORD-000836,West,Furniture,2024-04-13,202.33,143.35,0.06,1,58.98
ORD-000837,West,Clothing,2024-04-02,106.43,66.12,0.06,2,40.31
ORD-000838,West,Electronics,2024-04-10,848.44,502.15,0.31,4,346.29
ORD-000839,West,Clothing,2024-04-05,312.86,174.92,0.34,5,137.94
ORD-000840,West,Electronics,2024-04-21,676.17,384.34,0.06,3,291.83
ORD-000841,West,Furniture,2024-04-25,877.49,634.78,0.27,5,242.71
ORD-000842,West,Groceries,2024-04-14,35.4,27.51,0.09,1,7.89
ORD-000843,West,Groceries,2024-04-01,83.35,66.02,0.12,2,17.33
ORD-000844,West,Electronics,2024-04-06,229.75,158.33,0.02,1,71.42
ORD-000845,West,Electronics,2024-04-14,562.78,338.37,0.34,3,224.41
ORD-000846,West,Groceries,2024-04-08,91.6,70.67,0.18,3,20.93
ORD-000847,West,Furniture,2024-04-23,580.81,430.19,0.35,3,150.62
ORD-000848,West,Furniture,2024-04-23,158.29,102.57,0.01,1,55.72
ORD-000849,West,Furniture,2024-04-24,819.02,598.71,0.0,5,220.31
ORD-000850,West,Furniture,2024-04-18,179.38,137.12,0.05,1,42.26
ORD-000851,West,Groceries,2024-04-07,225.74,170.85,0.03,5,54.89
ORD-000852,West,Electronics,2024-04-03,256.45,175.28,0.14,1,81.17
ORD-000853,West,Furniture,2024-04-17,187.01,136.32,0.17,1,50.69
ORD-000854,West,Clothing,2024-04-28,70.89,37.13,0.04,1,33.76
ORD-000855,West,Furniture,2024-04-10,172.73,124.14,0.18,1,48.59
ORD-000856,West,Clothing,2024-04-08,118.28,72.37,0.33,2,45.91
ORD-000857,West,Clothing,2024-04-24,57.28,36.75,0.19,1,20.53
ORD-000858,West,Clothing,2024-04-02,220.95,132.99,0.02,4,87.96
ORD-000859,West,Clothing,2024-04-24,133.76,71.8,0.33,2,61.96
ORD-000860,West,Electronics,2024-04-14,1274.85,725.26,0.01,5,549.59
ORD-000861,West,Electronics,2024-04-15,950.34,549.06,0.04,4,401.28
ORD-000862,West,Furniture,2024-04-07,158.72,122.76,0.27,1,35.96
ORD-000863,West,Groceries,2024-04-15,148.67,101.23,0.02,4,47.44
ORD-000864,West,Clothing,2024-04-02,190.73,118.69,0.33,3,72.04
ORD-000865,West,Electronics,2024-04-14,1006.3,599.38,0.19,4,406.92
ORD-000866,West,Clothing,2024-04-28,283.66,167.62,0.21,5,116.04
ORD-000867,West,Electronics,2024-04-13,916.94,528.54,0.18,4,388.4
ORD-000868,West,Electronics,2024-04-17,1153.34,772.92,0.07,5,380.42
ORD-000869,West,Groceries,2024-04-01,68.02,48.0,0.08,2,20.02
ORD-000870,West,Furniture,2024-04-24,198.09,131.44,0.05,1,66.65
ORD-000871,West,Clothing,2024-04-17,55.3,34.96,0.18,1,20.34
ORD-000872,West,Clothing,2024-04-11,54.08,29.64,0.26,1,24.44
ORD-000873,West,Electronics,2024-04-22,1016.3,684.7,0.01,5,331.6
ORD-000874,West,Electronics,2024-04-14,806.93,565.24,0.13,4,241.69
ORD-000875,West,Groceries,2024-04-05,179.94,118.29,0.26,4,61.65
ORD-000876,West,Electronics,2024-04-08,884.6,495.52,0.0,4,389.08
ORD-000877,West,Furniture,2024-04-09,337.33,241.63,0.08,2,95.7
ORD-000878,West,Furniture,2024-04-11,300.85,191.18,0.08,2,109.67
ORD-000879,West,Electronics,2024-04-09,1164.1,799.58,0.13,5,364.52
ORD-000880,West,Furniture,2024-04-16,216.24,141.03,0.1,1,75.21
ORD-000881,North,Electronics,2024-04-09,441.54,308.79,0.04,2,132.75
ORD-000882,North,Furniture,2024-04-11,679.31,479.8,0.01,4,199.51
ORD-000883,North,Groceries,2024-04-28,110.26,84.56,0.18,3,25.7
ORD-000884,North,Electronics,2024-04-05,738.17,417.04,0.29,4,321.13
ORD-000885,North,Furniture,2024-04-12,682.33,530.03,0.06,4,152.3
ORD-000886,North,Electronics,2024-04-05,614.42,437.31,0.08,3,177.11
ORD-000887,North,Groceries,2024-04-08,172.14,112.8,0.17,5,59.34
ORD-000888,North,Clothing,2024-04-16,148.42,95.31,0.34,2,53.11
ORD-000889,North,Furniture,2024-04-18,850.4,555.36,0.3,5,295.04
ORD-000890,North,Electronics,2024-04-22,404.94,244.06,0.19,2,160.88
ORD-000891,North,Furniture,2024-04-24,740.2,466.49,0.09,5,273.71
ORD-000892,North,Furniture,2024-04-14,805.62,610.3,0.27,5,195.32
ORD-000893,North,Electronics,2024-04-13,779.17,490.38,0.05,4,288.79
ORD-000894,North,Furniture,2024-04-12,866.88,641.99,0.11,4,224.89
ORD-000895,North,Furniture,2024-04-15,715.22,452.55,0.04,4,262.67
ORD-000896,North,Electronics,2024-04-13,804.06,543.78,0.09,4,260.28
ORD-000897,North,Electronics,2024-04-12,689.72,475.79,0.26,3,213.93
ORD-000898,North,Furniture,2024-04-21,165.58,107.93,0.19,1,57.65
ORD-000899,North,Clothing,2024-04-09,234.63,138.86,0.18,4,95.77
ORD-000900,North,Electronics,2024-04-19,230.21,141.52,0.02,1,88.69
ORD-000901,North,Electronics,2024-04-28,558.09,342.17,0.1,3,215.92
ORD-000902,North,Groceries,2024-04-08,61.93,43.29,0.02,2,18.64
ORD-000903,North,Clothing,2024-04-01,141.96,79.26,0.26,2,62.7
ORD-000904,North,Clothing,2024-04-21,188.99,117.94,0.35,3,71.05
ORD-000905,North,Electronics,2024-04-08,205.31,119.67,0.23,1,85.64
ORD-000906,North,Clothing,2024-04-02,111.44,67.48,0.11,2,43.96
ORD-000907,North,Groceries,2024-04-05,234.16,187.51,0.07,5,46.65
ORD-000908,North,Groceries,2024-04-03,194.65,128.77,0.24,5,65.88
ORD-000909,North,Clothing,2024-04-24,328.57,203.53,0.27,5,125.04
ORD-000910,North,Furniture,2024-04-26,555.07,423.08,0.08,3,131.99
ORD-000911,North,Furniture,2024-04-21,947.39,613.84,0.34,5,333.55
ORD-000912,North,Furniture,2024-04-06,320.45,217.76,0.22,2,102.69
ORD-000913,North,Groceries,2024-04-28,144.1,111.53,0.11,4,32.57
ORD-000914,North,Groceries,2024-04-07,192.56,158.51,0.3,5,34.05
ORD-000915,North,Electronics,2024-04-19,197.07,119.84,0.1,1,77.23
ORD-000916,North,Electronics,2024-04-16,603.29,384.53,0.08,3,218.76
ORD-000917,North,Groceries,2024-04-18,135.23,90.29,0.22,4,44.94
ORD-000918,North,Groceries,2024-04-10,181.81,126.49,0.1,5,55.32
ORD-000919,North,Furniture,2024-04-10,699.88,505.49,0.02,4,194.39
ORD-000920,North,Furniture,2024-04-20,186.38,121.06,0.07,1,65.32
ORD-000921,North,Electronics,2024-04-14,197.13,118.34,0.35,1,78.79
ORD-000922,North,Groceries,2024-04-07,36.16,26.45,0.3,1,9.71
ORD-000923,North,Clothing,2024-04-04,130.28,84.44,0.31,3,45.84
ORD-000924,North,Electronics,2024-04-17,1014.1,673.72,0.32,5,340.38
ORD-000925,North,Furniture,2024-04-03,187.94,128.07,0.28,1,59.87
ORD-000926,North,Furniture,2024-04-25,346.99,221.65,0.11,2,125.34
ORD-000927,North,Electronics,2024-04-08,1168.19,677.61,0.04,5,490.58
ORD-000928,North,Electronics,2024-04-03,928.37,627.4,0.26,4,300.97
ORD-000929,North,Groceries,2024-04-10,72.67,53.02,0.3,2,19.65
ORD-000930,North,Clothing,2024-04-14,44.78,28.1,0.3,1,16.68
ORD-000931,North,Furniture,2024-04-19,366.48,254.1,0.18,2,112.38
ORD-000932,North,Clothing,2024-04-28,215.54,123.21,0.13,3,92.33
ORD-000933,North,Electronics,2024-04-09,1324.21,826.74,0.06,5,497.47
ORD-000934,North,Furniture,2024-04-23,591.36,423.43,0.32,3,167.93
ORD-000935,North,Furniture,2024-04-06,225.84,160.88,0.18,1,64.96
ORD-000936,South,Furniture,2024-04-16,184.14,131.87,0.02,1,52.27
ORD-000937,South,Electronics,2024-04-23,890.37,580.35,0.14,4,310.02
ORD-000938,South,Electronics,2024-04-26,805.37,478.94,0.32,3,326.43
ORD-000939,South,Clothing,2024-04-20,210.17,113.71,0.22,4,96.46
ORD-000940,South,Electronics,2024-04-07,230.5,138.83,0.03,1,91.67
ORD-000941,South,Electronics,2024-04-13,534.35,370.13,0.04,3,164.22
ORD-000942,South,Electronics,2024-04-15,381.02,241.11,0.32,2,139.91
ORD-000943,South,Furniture,2024-04-12,648.01,403.77,0.33,3,244.24
ORD-000944,South,Furniture,2024-04-15,814.15,568.48,0.15,5,245.67
ORD-000945,South,Electronics,2024-04-19,589.27,348.39,0.25,3,240.88
ORD-000946,South,Clothing,2024-04-12,118.8,69.71,0.0,2,49.09
ORD-000947,South,Electronics,2024-04-13,543.22,326.33,0.23,3,216.89
ORD-000948,South,Electronics,2024-04-28,978.68,634.89,0.34,4,343.79
ORD-000949,South,Groceries,2024-04-09,25.74,19.85,0.17,1,5.89
ORD-000950,South,Electronics,2024-04-08,1031.15,625.86,0.06,4,405.29
ORD-000951,South,Electronics,2024-04-14,801.06,541.11,0.15,3,259.95
ORD-000952,South,Electronics,2024-04-02,606.17,414.8,0.26,3,191.37
ORD-000953,South,Furniture,2024-04-17,822.3,584.19,0.18,4,238.11
ORD-000954,South,Clothing,2024-04-15,313.28,182.98,0.01,5,130.3
ORD-000955,South,Electronics,2024-04-15,967.84,622.92,0.25,4,344.92
ORD-000956,South,Electronics,2024-04-19,707.18,439.69,0.14,3,267.49
ORD-000957,South,Electronics,2024-04-12,1157.76,809.15,0.21,5,348.61
ORD-000958,South,Electronics,2024-04-20,267.74,163.19,0.29,1,104.55
ORD-000959,South,Electronics,2024-04-01,474.74,276.38,0.31,3,198.36
ORD-000960,South,Furniture,2024-04-08,824.51,559.94,0.11,4,264.57
ORD-000961,South,Electronics,2024-04-19,215.92,146.43,0.07,1,69.49
ORD-000962,South,Clothing,2024-04-23,59.97,32.06,0.33,1,27.91
ORD-000963,South,Furniture,2024-04-18,696.99,459.58,0.18,4,237.41
ORD-000964,South,Groceries,2024-04-08,72.15,55.35,0.04,2,16.8
ORD-000965,South,Electronics,2024-04-07,488.21,320.5,0.15,2,167.71
ORD-000966,South,Electronics,2024-04-20,613.5,391.72,0.19,3,221.78
ORD-000967,South,Electronics,2024-04-20,674.34,414.27,0.05,3,260.07
ORD-000968,South,Furniture,2024-04-17,752.51,570.53,0.3,4,181.98
ORD-000969,South,Electronics,2024-04-20,225.34,160.66,0.08,1,64.68
ORD-000970,South,Electronics,2024-04-13,641.49,426.76,0.17,3,214.73
ORD-000971,South,Electronics,2024-04-15,1104.17,751.74,0.17,5,352.43
ORD-000972,South,Electronics,2024-04-06,1109.01,740.9,0.2,5,368.11
ORD-000973,South,Groceries,2024-04-04,112.56,77.33,0.04,3,35.23
ORD-000974,South,Furniture,2024-04-11,206.42,137.7,0.29,1,68.72
ORD-000975,South,Clothing,2024-04-19,56.86,33.04,0.14,1,23.82
ORD-000976,South,Electronics,2024-04-08,878.49,554.79,0.12,4,323.7
ORD-000977,South,Electronics,2024-04-14,818.41,493.04,0.27,4,325.37
ORD-000978,South,Clothing,2024-04-23,239.5,146.93,0.05,4,92.57
ORD-000979,East,Clothing,2024-05-18,321.65,207.93,0.02,5,113.72
ORD-000980,East,Furniture,2024-05-28,671.12,502.07,0.21,4,169.05
ORD-000981,East,Clothing,2024-05-19,349.97,194.24,0.26,5,155.73
ORD-000982,East,Electronics,2024-05-28,997.92,593.45,0.3,5,404.47
ORD-000983,East,Electronics,2024-05-11,254.09,148.03,0.06,1,106.06
ORD-000984,East,Furniture,2024-05-07,471.01,289.0,0.13,3,182.01
ORD-000985,East,Electronics,2024-05-01,604.1,395.76,0.02,3,208.34
ORD-000986,East,Electronics,2024-05-25,712.29,442.94,0.16,4,269.35
ORD-000987,East,Electronics,2024-05-23,825.87,577.41,0.08,4,248.46
ORD-000988,East,Electronics,2024-05-05,935.36,570.18,0.22,4,365.18
ORD-000989,East,Electronics,2024-05-26,569.75,318.53,0.3,2,251.22
ORD-000990,East,Clothing,2024-05-10,155.88,86.42,0.06,3,69.46
ORD-000991,East,Furniture,2024-05-10,958.29,622.01,0.23,5,336.28
ORD-000992,East,Clothing,2024-05-05,232.12,135.96,0.27,4,96.16
ORD-000993,East,Clothing,2024-05-20,293.88,163.42,0.19,5,130.46
ORD-000994,East,Electronics,2024-05-21,995.29,600.3,0.18,5,394.99
ORD-000995,East,Furniture,2024-05-17,560.34,430.52,0.29,3,129.82
ORD-000996,East,Groceries,2024-05-18,107.33,81.32,0.15,3,26.01
ORD-000997,East,Electronics,2024-05-17,827.46,462.68,0.3,4,364.78
ORD-000998,East,Electronics,2024-05-15,772.26,454.64,0.31,4,317.62
ORD-000999,East,Electronics,2024-05-25,682.65,406.39,0.05,3,276.26
ORD-001000,East,Electronics,2024-05-12,563.65,401.79,0.08,3,161.86
ORD-001001,East,Groceries,2024-05-05,209.41,144.2,0.15,5,65.21
ORD-001002,East,Furniture,2024-05-04,767.86,505.79,0.19,4,262.07
ORD-001003,East,Furniture,2024-05-17,978.83,627.1,0.06,5,351.73
ORD-001004,East,Electronics,2024-05-05,602.69,384.22,0.22,3,218.47
ORD-001005,East,Furniture,2024-05-08,358.91,237.61,0.12,2,121.3
ORD-001006,East,Furniture,2024-05-15,723.25,470.09,0.17,5,253.16
ORD-001007,East,Electronics,2024-05-10,236.68,138.47,0.2,1,98.21
ORD-001008,East,Furniture,2024-05-02,339.52,231.66,0.27,2,107.86
ORD-001009,East,Furniture,2024-05-27,691.83,471.88,0.27,4,219.95
ORD-001010,East,Furniture,2024-05-11,388.74,274.63,0.24,3,114.11
ORD-001011,East,Clothing,2024-05-24,274.75,165.86,0.1,4,108.89
ORD-001012,East,Electronics,2024-05-18,1381.78,867.53,0.06,5,514.25
ORD-001013,East,Electronics,2024-05-15,621.97,363.62,0.21,3,258.35
ORD-001014,East,Clothing,2024-05-27,110.63,72.61,0.21,2,38.02
ORD-001015,East,Clothing,2024-05-02,301.8,184.79,0.11,5,117.01
ORD-001016,East,Furniture,2024-05-16,378.99,234.64,0.15,2,144.35
ORD-001017,East,Electronics,2024-05-26,797.98,482.34,0.06,4,315.64
ORD-001018,East,Electronics,2024-05-14,537.92,304.78,0.01,2,233.14
ORD-001019,East,Electronics,2024-05-24,381.42,246.11,0.11,2,135.31
ORD-001020,East,Groceries,2024-05-10,61.76,49.98,0.17,2,11.78
ORD-001021,East,Groceries,2024-05-08,154.56,102.6,0.17,4,51.96
ORD-001022,East,Electronics,2024-05-02,218.61,132.99,0.21,1,85.62
ORD-001023,East,Furniture,2024-05-09,147.64,113.94,0.04,1,33.7
ORD-001024,East,Furniture,2024-05-19,579.56,390.79,0.26,4,188.77
ORD-001025,East,Electronics,2024-05-10,969.86,635.24,0.29,5,334.62
ORD-001026,East,Electronics,2024-05-05,1003.59,589.89,0.0,4,413.7
ORD-001027,East,Furniture,2024-05-15,858.87,581.83,0.0,5,277.04
ORD-001028,East,Clothing,2024-05-02,106.73,56.06,0.19,2,50.67
ORD-001029,East,Groceries,2024-05-17,77.9,60.04,0.04,2,17.86
ORD-001030,East,Clothing,2024-05-25,75.49,44.26,0.12,1,31.23
ORD-001031,East,Clothing,2024-05-16,121.01,66.19,0.06,2,54.82
ORD-001032,East,Furniture,2024-05-05,364.33,226.2,0.33,2,138.13
ORD-001033,East,Electronics,2024-05-03,805.81,480.26,0.34,4,325.55
ORD-001034,East,Groceries,2024-05-12,59.6,42.65,0.01,2,16.95
ORD-001035,East,Electronics,2024-05-04,290.34,187.25,0.03,1,103.09
ORD-001036,East,Electronics,2024-05-14,747.94,433.31,0.0,3,314.63
ORD-001037,East,Electronics,2024-05-07,210.2,147.12,0.14,1,63.08
ORD-001038,East,Furniture,2024-05-20,720.91,463.76,0.04,4,257.15
ORD-001039,East,Furniture,2024-05-16,702.94,465.25,0.11,4,237.69
ORD-001040,East,Electronics,2024-05-13,1057.54,673.61,0.07,5,383.93
ORD-001041,East,Electronics,2024-05-24,1037.64,589.0,0.09,4,448.64
ORD-001042,East,Clothing,2024-05-22,180.28,109.85,0.15,3,70.43
ORD-001043,East,Furniture,2024-05-06,570.74,406.06,0.05,3,164.68
ORD-001044,East,Groceries,2024-05-11,165.11,116.74,0.3,5,48.37
ORD-001045,East,Groceries,2024-05-14,31.95,25.74,0.29,1,6.21
ORD-001046,East,Groceries,2024-05-11,105.59,79.4,0.25,3,26.19
ORD-001047,East,Electronics,2024-05-21,700.39,423.67,0.35,3,276.72
ORD-001048,East,Furniture,2024-05-06,1092.64,814.5,0.19,5,278.14
ORD-001049,East,Electronics,2024-05-18,578.42,362.96,0.3,3,215.46
ORD-001050,East,Clothing,2024-05-22,284.85,189.64,0.08,5,95.21
ORD-001051,East,Electronics,2024-05-03,1300.22,849.14,0.25,5,451.08
ORD-001052,East,Electronics,2024-05-01,218.41,155.68,0.1,1,62.73
ORD-001053,West,Electronics,2024-05-12,439.92,288.99,0.12,2,150.93
ORD-001054,West,Furniture,2024-05-02,561.65,382.58,0.11,3,179.07
ORD-001055,West,Electronics,2024-05-18,764.57,431.51,0.05,4,333.06
ORD-001056,West,Electronics,2024-05-17,983.17,615.32,0.12,5,367.85
ORD-001057,West,Clothing,2024-05-21,106.42,58.03,0.13,2,48.39
ORD-001058,West,Clothing,2024-05-20,112.34,72.15,0.1,2,40.19
ORD-001059,West,Electronics,2024-05-02,1015.87,658.56,0.1,4,357.31
ORD-001060,West,Electronics,2024-05-21,1035.23,684.55,0.07,4,350.68
ORD-001061,West,Groceries,2024-05-22,101.59,77.73,0.32,3,23.86
ORD-001062,West,Groceries,2024-05-17,131.19,93.6,0.29,4,37.59
ORD-001063,West,Clothing,2024-05-03,62.47,40.76,0.31,1,21.71
ORD-001064,West,Groceries,2024-05-12,76.95,61.34,0.11,2,15.61
ORD-001065,West,Electronics,2024-05-28,641.99,417.67,0.23,3,224.32
ORD-001066,West,Clothing,2024-05-08,142.4,78.8,0.29,2,63.6
ORD-001067,West,Electronics,2024-05-20,1166.22,684.91,0.08,5,481.31
ORD-001068,West,Clothing,2024-05-03,267.48,157.29,0.33,4,110.19
ORD-001069,West,Furniture,2024-05-11,450.66,311.33,0.15,3,139.33
ORD-001070,West,Furniture,2024-05-09,411.21,299.74,0.01,2,111.47
ORD-001071,West,Clothing,2024-05-06,121.79,66.16,0.19,2,55.63
ORD-001072,West,Clothing,2024-05-10,188.46,104.57,0.29,3,83.89
ORD-001073,West,Electronics,2024-05-22,196.42,115.35,0.25,1,81.07
ORD-001074,West,Furniture,2024-05-01,323.25,205.95,0.12,2,117.3
ORD-001075,West,Furniture,2024-05-14,823.49,504.83,0.33,5,318.66
ORD-001076,West,Clothing,2024-05-27,272.23,178.73,0.21,5,93.5
ORD-001077,West,Furniture,2024-05-13,182.93,125.23,0.26,1,57.7
ORD-001078,West,Electronics,2024-05-24,583.01,410.62,0.05,3,172.39
ORD-001079,West,Electronics,2024-05-23,481.96,324.12,0.34,2,157.84
ORD-001080,West,Electronics,2024-05-24,366.35,234.94,0.16,2,131.41
ORD-001081,West,Electronics,2024-05-17,280.43,164.07,0.33,1,116.36
ORD-001082,West,Furniture,2024-05-05,188.83,121.72,0.02,1,67.11
ORD-001083,West,Clothing,2024-05-04,264.05,166.16,0.02,4,97.89
ORD-001084,West,Clothing,2024-05-23,61.46,36.7,0.03,1,24.76
ORD-001085,West,Clothing,2024-05-02,208.15,114.92,0.24,4,93.23
ORD-001086,West,Electronics,2024-05-06,1139.8,737.26,0.35,5,402.54
ORD-001087,West,Electronics,2024-05-01,244.15,150.09,0.31,1,94.06
ORD-001088,West,Groceries,2024-05-25,131.82,95.2,0.26,4,36.62
ORD-001089,West,Electronics,2024-05-19,1397.49,849.86,0.3,5,547.63
ORD-001090,West,Electronics,2024-05-28,1203.62,676.01,0.09,5,527.61
ORD-001091,West,Electronics,2024-05-15,980.05,641.97,0.31,4,338.08
ORD-001092,West,Furniture,2024-05-05,174.66,130.23,0.21,1,44.43
ORD-001093,West,Electronics,2024-05-16,920.99,560.61,0.04,4,360.38
ORD-001094,West,Groceries,2024-05-05,125.21,84.42,0.2,4,40.79
ORD-001095,West,Furniture,2024-05-07,333.42,242.23,0.1,2,91.19
ORD-001096,West,Groceries,2024-05-09,201.52,143.03,0.29,5,58.49
ORD-001097,West,Furniture,2024-05-10,767.84,568.1,0.1,5,199.74
ORD-001098,West,Clothing,2024-05-11,180.67,119.51,0.19,3,61.16
ORD-001099,West,Furniture,2024-05-17,506.42,334.9,0.34,3,171.52
ORD-001100,West,Clothing,2024-05-19,269.26,151.79,0.02,4,117.47
ORD-001101,West,Furniture,2024-05-05,704.75,536.62,0.11,4,168.13
ORD-001102,West,Electronics,2024-05-19,445.25,312.59,0.13,2,132.66
ORD-001103,West,Electronics,2024-05-05,386.21,230.3,0.23,2,155.91
ORD-001104,West,Electronics,2024-05-06,871.99,506.58,0.01,4,365.41
ORD-001105,West,Furniture,2024-05-25,392.85,248.98,0.34,2,143.87
ORD-001106,West,Clothing,2024-05-24,119.51,74.48,0.13,2,45.03
ORD-001107,West,Electronics,2024-05-21,1358.31,958.07,0.2,5,400.24
ORD-001108,West,Electronics,2024-05-14,769.08,480.02,0.28,3,289.06
ORD-001109,West,Furniture,2024-05-01,475.32,342.09,0.32,3,133.23
ORD-001110,West,Furniture,2024-05-17,214.9,150.94,0.02,1,63.96
ORD-001111,West,Groceries,2024-05-26,111.14,83.15,0.02,3,27.99
ORD-001112,West,Furniture,2024-05-13,582.78,361.33,0.25,3,221.45
ORD-001113,West,Electronics,2024-05-19,1102.18,653.77,0.15,5,448.41
ORD-001114,West,Groceries,2024-05-17,160.83,117.04,0.11,5,43.79
ORD-001115,West,Clothing,2024-05-18,58.52,35.7,0.26,1,22.82
ORD-001116,West,Clothing,2024-05-02,64.4,37.55,0.06,1,26.85
ORD-001117,West,Furniture,2024-05-02,157.92,114.6,0.09,1,43.32
ORD-001118,West,Clothing,2024-05-02,155.39,89.93,0.28,3,65.46
ORD-001119,West,Clothing,2024-05-11,49.87,26.62,0.15,1,23.25
ORD-001120,West,Electronics,2024-05-25,1305.22,847.83,0.13,5,457.39
ORD-001121,West,Electronics,2024-05-06,998.58,680.95,0.05,5,317.63
ORD-001122,West,Clothing,2024-05-12,246.33,147.46,0.05,4,98.87
ORD-001123,West,Electronics,2024-05-20,1094.28,761.88,0.23,5,332.4
ORD-001124,West,Groceries,2024-05-18,134.24,95.73,0.19,5,38.51
ORD-001125,West,Furniture,2024-05-26,773.97,549.73,0.26,4,224.24
ORD-001126,West,Furniture,2024-05-25,1013.2,649.93,0.2,5,363.27
ORD-001127,West,Furniture,2024-05-01,962.62,621.08,0.27,5,341.54
ORD-001128,West,Groceries,2024-05-16,74.27,55.27,0.3,2,19.0
ORD-001129,West,Clothing,2024-05-09,80.89,52.79,0.3,1,28.1
ORD-001130,West,Electronics,2024-05-24,516.83,293.46,0.27,2,223.37
ORD-001131,West,Furniture,2024-05-12,172.73,130.36,0.02,1,42.37
ORD-001132,West,Clothing,2024-05-22,188.97,125.58,0.24,3,63.39
ORD-001133,North,Electronics,2024-05-24,790.36,453.07,0.04,3,337.29
ORD-001134,North,Clothing,2024-05-02,131.82,85.8,0.28,2,46.02
ORD-001135,North,Groceries,2024-05-19,156.62,127.04,0.1,4,29.58
ORD-001136,North,Electronics,2024-05-25,605.64,422.03,0.05,3,183.61
ORD-001137,North,Groceries,2024-05-18,188.81,153.41,0.13,5,35.4
ORD-001138,North,Clothing,2024-05-18,60.73,39.6,0.24,1,21.13
ORD-001139,North,Electronics,2024-05-06,202.69,143.53,0.34,1,59.16
ORD-001140,North,Electronics,2024-05-11,869.22,586.46,0.03,4,282.76
ORD-001141,North,Clothing,2024-05-05,129.93,72.34,0.02,2,57.59
ORD-001142,North,Electronics,2024-05-26,259.84,161.64,0.13,2,98.2
ORD-001143,North,Clothing,2024-05-10,172.09,109.83,0.31,4,62.26
ORD-001144,North,Electronics,2024-05-15,1262.9,712.05,0.25,5,550.85
ORD-001145,North,Furniture,2024-05-21,391.16,305.59,0.35,2,85.57
ORD-001146,North,Furniture,2024-05-25,162.62,119.91,0.31,1,42.71
ORD-001147,North,Clothing,2024-05-23,263.46,168.85,0.24,4,94.61
ORD-001148,North,Electronics,2024-05-04,211.4,138.46,0.18,1,72.94
ORD-001149,North,Groceries,2024-05-19,101.72,73.49,0.21,3,28.23
ORD-001150,North,Clothing,2024-05-16,234.7,147.25,0.25,4,87.45
ORD-001151,North,Groceries,2024-05-02,70.24,52.01,0.03,2,18.23
ORD-001152,North,Clothing,2024-05-21,188.46,120.07,0.11,3,68.39
ORD-001153,North,Electronics,2024-05-10,420.4,279.93,0.3,2,140.47
ORD-001154,North,Clothing,2024-05-05,70.73,38.55,0.24,1,32.18
ORD-001155,North,Electronics,2024-05-15,426.02,282.02,0.1,2,144.0
ORD-001156,North,Electronics,2024-05-19,419.53,240.37,0.31,2,179.16
ORD-001157,North,Furniture,2024-05-14,967.05,653.81,0.12,5,313.24
ORD-001158,North,Electronics,2024-05-16,926.68,644.81,0.33,4,281.87
ORD-001159,North,Electronics,2024-05-03,921.37,656.2,0.3,4,265.17
ORD-001160,North,Electronics,2024-05-08,1040.6,713.04,0.2,5,327.56
ORD-001161,North,Furniture,2024-05-16,541.09,386.49,0.01,3,154.6
ORD-001162,North,Clothing,2024-05-21,224.85,128.2,0.29,4,96.65
ORD-001163,North,Clothing,2024-05-04,70.73,43.46,0.1,1,27.27
ORD-001164,North,Electronics,2024-05-05,714.51,451.61,0.21,3,262.9
ORD-001165,North,Electronics,2024-05-20,235.96,143.06,0.08,1,92.9
ORD-001166,North,Clothing,2024-05-27,200.44,105.85,0.09,4,94.59
ORD-001167,North,Electronics,2024-05-24,1006.24,712.22,0.21,4,294.02
ORD-001168,North,Furniture,2024-05-24,527.94,392.85,0.04,3,135.09
ORD-001169,North,Groceries,2024-05-15,97.76,78.01,0.01,3,19.75
ORD-001170,North,Electronics,2024-05-23,1072.94,745.28,0.22,4,327.66
ORD-001171,North,Clothing,2024-05-09,178.83,118.27,0.04,3,60.56
ORD-001172,North,Furniture,2024-05-08,551.17,393.03,0.28,3,158.14
ORD-001173,North,Clothing,2024-05-25,208.22,122.75,0.0,4,85.47
ORD-001174,North,Clothing,2024-05-09,268.9,146.97,0.29,5,121.93
ORD-001175,North,Clothing,2024-05-25,227.59,151.55,0.09,4,76.04
ORD-001176,North,Electronics,2024-05-07,640.56,412.3,0.08,3,228.26
ORD-001177,North,Furniture,2024-05-19,609.08,444.49,0.21,4,164.59
ORD-001178,North,Electronics,2024-05-23,392.05,234.82,0.02,2,157.23
ORD-001179,North,Clothing,2024-05-11,190.36,108.95,0.16,3,81.41
ORD-001180,North,Furniture,2024-05-02,929.92,670.45,0.19,5,259.47
ORD-001181,North,Electronics,2024-05-19,562.69,315.24,0.05,3,247.45
ORD-001182,North,Furniture,2024-05-09,202.11,131.96,0.27,1,70.15
ORD-001183,North,Electronics,2024-05-18,451.16,278.71,0.02,2,172.45
ORD-001184,North,Furniture,2024-05-28,603.49,392.01,0.26,3,211.48
ORD-001185,North,Furniture,2024-05-05,870.31,606.73,0.19,5,263.58
ORD-001186,South,Electronics,2024-05-19,1046.76,591.02,0.13,4,455.74
ORD-001187,South,Groceries,2024-05-14,189.16,146.0,0.34,5,43.16
ORD-001188,South,Groceries,2024-05-17,174.55,131.35,0.29,5,43.2
ORD-001189,South,Groceries,2024-05-23,61.81,41.38,0.2,2,20.43
ORD-001190,South,Electronics,2024-05-02,541.5,357.16,0.3,3,184.34
ORD-001191,South,Clothing,2024-05-25,61.29,38.24,0.0,1,23.05
ORD-001192,South,Clothing,2024-05-04,205.66,112.02,0.29,3,93.64
ORD-001193,South,Clothing,2024-05-27,274.92,179.12,0.05,4,95.8
ORD-001194,South,Groceries,2024-05-24,42.17,28.48,0.04,1,13.69
ORD-001195,South,Groceries,2024-05-05,77.32,56.45,0.04,2,20.87
ORD-001196,South,Electronics,2024-05-28,1103.39,771.72,0.1,5,331.67
ORD-001197,South,Electronics,2024-05-12,1161.66,649.21,0.27,5,512.45
ORD-001198,South,Groceries,2024-05-15,137.3,98.68,0.03,4,38.62
ORD-001199,South,Electronics,2024-05-15,594.9,382.21,0.3,3,212.69
ORD-001200,South,Electronics,2024-05-01,471.4,272.84,0.2,2,198.56
ORD-001201,South,Clothing,2024-05-25,61.0,35.41,0.05,1,25.59
ORD-001202,South,Furniture,2024-05-10,1245.96,865.62,0.08,5,380.34
ORD-001203,South,Electronics,2024-05-04,734.9,415.81,0.0,3,319.09
ORD-001204,South,Electronics,2024-05-23,213.65,139.94,0.13,1,73.71
ORD-001205,South,Electronics,2024-05-24,241.13,135.79,0.2,1,105.34
ORD-001206,South,Electronics,2024-05-03,1191.12,755.41,0.08,5,435.71
ORD-001207,South,Furniture,2024-05-21,161.79,102.22,0.22,1,59.57
ORD-001208,South,Clothing,2024-05-28,48.3,28.98,0.22,1,19.32
ORD-001209,South,Electronics,2024-05-16,724.81,499.35,0.29,3,225.46
ORD-001210,South,Furniture,2024-05-28,1089.84,690.93,0.13,5,398.91
ORD-001211,South,Clothing,2024-05-03,237.56,133.0,0.33,4,104.56
ORD-001212,South,Furniture,2024-05-22,175.73,111.48,0.3,1,64.25
ORD-001213,South,Electronics,2024-05-02,411.18,273.22,0.12,2,137.96
ORD-001214,South,Electronics,2024-05-09,429.23,275.09,0.04,2,154.14
ORD-001215,South,Electronics,2024-05-18,415.3,248.7,0.12,2,166.6
ORD-001216,South,Electronics,2024-05-27,453.02,265.65,0.16,2,187.37
ORD-001217,South,Electronics,2024-05-05,1067.99,701.91,0.21,4,366.08
ORD-001218,South,Clothing,2024-05-22,133.11,87.21,0.26,2,45.9
ORD-001219,South,Clothing,2024-05-21,101.18,56.97,0.15,2,44.21
ORD-001220,South,Electronics,2024-05-13,723.31,404.05,0.33,3,319.26
ORD-001221,South,Clothing,2024-05-16,50.05,30.27,0.31,1,19.78
ORD-001222,South,Clothing,2024-05-17,235.81,146.98,0.34,4,88.83
ORD-001223,South,Furniture,2024-05-11,499.86,342.08,0.35,3,157.78
ORD-001224,South,Clothing,2024-05-11,213.95,125.05,0.01,3,88.9
ORD-001225,South,Furniture,2024-05-23,384.28,248.14,0.25,2,136.14
ORD-001226,South,Clothing,2024-05-08,51.06,31.18,0.29,1,19.88
ORD-001227,South,Electronics,2024-05-06,1031.77,582.79,0.15,5,448.98
ORD-001228,South,Clothing,2024-05-05,207.89,138.35,0.18,4,69.54
ORD-001229,South,Furniture,2024-05-16,388.95,247.77,0.24,2,141.18
ORD-001230,South,Furniture,2024-05-09,169.1,127.81,0.01,1,41.29
ORD-001231,South,Clothing,2024-05-11,127.41,71.08,0.05,2,56.33
ORD-001232,South,Furniture,2024-05-20,313.48,215.1,0.16,2,98.38
ORD-001233,South,Electronics,2024-05-16,455.58,290.21,0.04,2,165.37
ORD-001234,South,Furniture,2024-05-09,230.25,157.89,0.32,1,72.36
ORD-001235,South,Furniture,2024-05-23,788.59,529.82,0.03,5,258.77
ORD-001236,South,Furniture,2024-05-19,1118.61,792.21,0.22,5,326.4
ORD-001237,South,Electronics,2024-05-02,620.16,362.11,0.03,3,258.05
ORD-001238,South,Groceries,2024-05-27,157.82,113.02,0.29,4,44.8
ORD-001239,South,Electronics,2024-05-13,813.48,569.0,0.32,3,244.48
ORD-001240,East,Electronics,2024-06-14,1008.82,701.29,0.05,5,307.53
ORD-001241,East,Electronics,2024-06-20,695.69,478.6,0.03,3,217.09
ORD-001242,East,Clothing,2024-06-02,170.81,100.59,0.08,3,70.22
ORD-001243,East,Furniture,2024-06-01,869.6,639.69,0.07,5,229.91
ORD-001244,East,Clothing,2024-06-21,63.03,39.94,0.09,1,23.09
ORD-001245,East,Furniture,2024-06-03,452.66,320.18,0.18,3,132.48
ORD-001246,East,Groceries,2024-06-10,68.86,53.54,0.32,2,15.32
ORD-001247,East,Groceries,2024-06-28,174.1,137.76,0.28,5,36.34
ORD-001248,East,Clothing,2024-06-08,187.42,103.39,0.17,4,84.03
ORD-001249,East,Furniture,2024-06-05,653.98,410.12,0.24,4,243.86
ORD-001250,East,Groceries,2024-06-10,28.68,19.39,0.3,1,9.29
ORD-001251,East,Groceries,2024-06-05,162.13,119.82,0.19,5,42.31
ORD-001252,East,Clothing,2024-06-14,325.11,180.59,0.13,5,144.52
ORD-001253,East,Groceries,2024-06-04,56.08,38.2,0.3,2,17.88
ORD-001254,East,Furniture,2024-06-12,328.31,229.35,0.16,2,98.96
ORD-001255,East,Clothing,2024-06-11,332.04,189.55,0.05,5,142.49
ORD-001256,East,Clothing,2024-06-25,185.02,120.21,0.16,3,64.81
ORD-001257,East,Electronics,2024-06-18,1218.85,817.47,0.17,5,401.38
ORD-001258,East,Clothing,2024-06-22,284.03,179.7,0.15,5,104.33
ORD-001259,East,Electronics,2024-06-14,977.27,688.12,0.18,5,289.15
ORD-001260,East,Furniture,2024-06-10,549.49,384.87,0.05,3,164.62
ORD-001261,East,Groceries,2024-06-11,159.47,109.24,0.19,5,50.23
ORD-001262,East,Clothing,2024-06-25,166.98,110.73,0.25,3,56.25
ORD-001263,East,Electronics,2024-06-06,850.05,589.71,0.1,4,260.34
ORD-001264,East,Furniture,2024-06-20,645.35,467.21,0.26,3,178.14
ORD-001265,East,Electronics,2024-06-25,212.27,122.67,0.34,1,89.6
ORD-001266,East,Electronics,2024-06-04,660.82,401.4,0.05,3,259.42
ORD-001267,East,Clothing,2024-06-22,58.31,31.75,0.19,1,26.56
ORD-001268,East,Clothing,2024-06-05,343.81,179.59,0.18,5,164.22
ORD-001269,East,Electronics,2024-06-21,255.77,151.0,0.23,1,104.77
ORD-001270,East,Electronics,2024-06-01,639.14,399.64,0.33,3,239.5
ORD-001271,East,Furniture,2024-06-05,1005.84,650.27,0.31,5,355.57
ORD-001272,East,Clothing,2024-06-10,56.08,34.72,0.27,1,21.36
ORD-001273,East,Electronics,2024-06-01,958.56,593.56,0.16,5,365.0
ORD-001274,East,Electronics,2024-06-12,1150.42,661.39,0.32,5,489.03
ORD-001275,East,Furniture,2024-06-11,709.78,472.3,0.3,4,237.48
ORD-001276,East,Furniture,2024-06-14,770.36,581.2,0.28,4,189.16
ORD-001277,East,Electronics,2024-06-05,188.66,118.98,0.24,1,69.68
ORD-001278,East,Clothing,2024-06-09,56.19,33.33,0.1,1,22.86
ORD-001279,East,Clothing,2024-06-21,239.65,150.25,0.18,5,89.4
ORD-001280,East,Clothing,2024-06-07,362.22,226.64,0.09,5,135.58
ORD-001281,East,Furniture,2024-06-24,694.55,527.34,0.14,3,167.21
ORD-001282,East,Clothing,2024-06-28,256.89,138.38,0.02,4,118.51
ORD-001283,East,Clothing,2024-06-12,148.24,84.85,0.27,2,63.39
ORD-001284,East,Furniture,2024-06-25,1011.95,786.87,0.31,5,225.08
ORD-001285,East,Electronics,2024-06-19,227.51,161.9,0.09,1,65.61
ORD-001286,East,Clothing,2024-06-24,123.5,79.65,0.0,2,43.85
ORD-001287,East,Furniture,2024-06-14,296.41,210.95,0.32,2,85.46
ORD-001288,East,Electronics,2024-06-17,441.6,299.32,0.01,2,142.28
ORD-001289,East,Groceries,2024-06-02,62.19,46.74,0.28,2,15.45
ORD-001290,East,Electronics,2024-06-06,880.94,511.98,0.16,4,368.96
ORD-001291,East,Clothing,2024-06-19,361.59,204.69,0.34,5,156.9
ORD-001292,East,Furniture,2024-06-02,325.46,218.13,0.35,2,107.33
ORD-001293,East,Electronics,2024-06-01,441.84,252.27,0.1,2,189.57
ORD-001294,East,Groceries,2024-06-20,62.52,45.56,0.06,2,16.96
ORD-001295,East,Electronics,2024-06-17,1116.8,751.77,0.31,5,365.03
ORD-001296,East,Electronics,2024-06-26,228.71,136.8,0.3,1,91.91
ORD-001297,East,Electronics,2024-06-16,191.16,114.96,0.3,1,76.2
ORD-001298,East,Electronics,2024-06-24,206.28,120.22,0.13,1,86.06
ORD-001299,East,Groceries,2024-06-05,139.83,96.39,0.16,4,43.44
ORD-001300,East,Furniture,2024-06-04,159.11,109.23,0.24,1,49.88
ORD-001301,East,Furniture,2024-06-15,610.0,466.48,0.24,4,143.52
ORD-001302,East,Furniture,2024-06-19,785.89,538.83,0.22,5,247.06
ORD-001303,East,Furniture,2024-06-22,798.01,618.6,0.29,5,179.41
ORD-001304,East,Clothing,2024-06-21,235.93,139.54,0.09,4,96.39
ORD-001305,East,Electronics,2024-06-28,159.64,101.79,0.09,1,57.85
ORD-001306,East,Clothing,2024-06-13,157.1,104.77,0.12,3,52.33
ORD-001307,East,Electronics,2024-06-08,986.86,610.94,0.01,5,375.92
ORD-001308,East,Electronics,2024-06-08,1127.48,757.09,0.04,5,370.39
ORD-001309,East,Groceries,2024-06-07,37.65,24.47,0.25,1,13.18
ORD-001310,East,Electronics,2024-06-15,811.46,576.72,0.04,3,234.74
ORD-001311,East,Furniture,2024-06-24,198.15,130.26,0.28,1,67.89
ORD-001312,East,Electronics,2024-06-01,406.28,227.49,0.32,2,178.79
ORD-001313,East,Clothing,2024-06-17,210.11,131.0,0.24,3,79.11
ORD-001314,East,Electronics,2024-06-25,758.72,516.56,0.09,4,242.16
ORD-001315,East,Electronics,2024-06-20,1197.99,740.16,0.01,5,457.83
ORD-001316,East,Clothing,2024-06-06,162.11,99.39,0.03,3,62.72
ORD-001317,East,Electronics,2024-06-01,428.77,259.95,0.23,2,168.82
ORD-001318,East,Groceries,2024-06-19,130.9,97.1,0.13,4,33.8
ORD-001319,East,Furniture,2024-06-27,812.82,556.07,0.12,4,256.75
ORD-001320,East,Groceries,2024-06-04,55.24,38.33,0.25,2,16.91
ORD-001321,East,Clothing,2024-06-14,348.6,224.67,0.13,5,123.93
ORD-001322,East,Electronics,2024-06-15,989.08,656.62,0.05,4,332.46
ORD-001323,East,Furniture,2024-06-25,832.28,574.06,0.23,5,258.22
ORD-001324,West,Furniture,2024-06-24,156.85,105.4,0.33,1,51.45
ORD-001325,West,Groceries,2024-06-16,76.62,55.87,0.02,2,20.75
ORD-001326,West,Groceries,2024-06-23,195.41,136.45,0.12,5,58.96
ORD-001327,West,Electronics,2024-06-21,636.22,378.1,0.22,3,258.12
ORD-001328,West,Groceries,2024-06-04,30.41,22.41,0.06,1,8.0
ORD-001329,West,Furniture,2024-06-17,583.8,372.64,0.3,3,211.16
ORD-001330,West,Electronics,2024-06-18,219.2,150.83,0.26,1,68.37
ORD-001331,West,Groceries,2024-06-18,92.18,66.26,0.13,3,25.92
ORD-001332,West,Furniture,2024-06-04,194.09,131.63,0.01,1,62.46
ORD-001333,West,Electronics,2024-06-22,178.54,121.93,0.19,1,56.61
ORD-001334,West,Groceries,2024-06-23,80.55,66.36,0.01,2,14.19
ORD-001335,West,Furniture,2024-06-23,418.37,298.61,0.13,2,119.76
ORD-001336,West,Electronics,2024-06-01,944.06,541.19,0.21,4,402.87
ORD-001337,West,Furniture,2024-06-13,682.41,419.59,0.09,4,262.82
ORD-001338,West,Clothing,2024-06-26,199.2,106.34,0.28,3,92.86
ORD-001339,West,Groceries,2024-06-12,86.03,56.43,0.21,2,29.6
ORD-001340,West,Groceries,2024-06-19,170.13,129.93,0.29,5,40.2
ORD-001341,West,Furniture,2024-06-23,520.55,349.42,0.2,3,171.13
ORD-001342,West,Furniture,2024-06-28,884.41,599.17,0.14,5,285.24
ORD-001343,West,Furniture,2024-06-10,316.18,213.96,0.13,2,102.22
ORD-001344,West,Clothing,2024-06-02,121.18,72.13,0.16,2,49.05
ORD-001345,West,Clothing,2024-06-22,210.59,121.37,0.11,4,89.22
ORD-001346,West,Clothing,2024-06-17,236.73,142.64,0.27,4,94.09
ORD-001347,West,Electronics,2024-06-16,229.13,142.32,0.23,1,86.81
ORD-001348,West,Furniture,2024-06-11,880.64,654.65,0.18,5,225.99
ORD-001349,West,Groceries,2024-06-12,149.6,101.46,0.1,4,48.14
ORD-001350,West,Electronics,2024-06-03,220.52,129.62,0.22,1,90.9
ORD-001351,West,Electronics,2024-06-04,242.73,160.21,0.33,1,82.52
ORD-001352,West,Furniture,2024-06-01,636.87,450.21,0.01,3,186.66
ORD-001353,West,Groceries,2024-06-18,177.27,130.63,0.22,4,46.64
ORD-001354,West,Electronics,2024-06-28,852.48,497.13,0.02,4,355.35
ORD-001355,West,Clothing,2024-06-28,117.55,73.33,0.35,2,44.22
ORD-001356,West,Clothing,2024-06-10,55.55,29.64,0.08,1,25.91
ORD-001357,West,Furniture,2024-06-06,668.01,521.88,0.13,3,146.13
ORD-001358,West,Clothing,2024-06-12,174.3,99.5,0.08,3,74.8
ORD-001359,West,Electronics,2024-06-07,821.16,485.88,0.32,3,335.28
ORD-001360,West,Electronics,2024-06-10,207.23,127.02,0.18,1,80.21
ORD-001361,West,Electronics,2024-06-19,739.67,490.81,0.2,3,248.86
ORD-001362,West,Furniture,2024-06-10,159.33,111.05,0.01,1,48.28
ORD-001363,West,Electronics,2024-06-19,1053.53,598.14,0.23,4,455.39
ORD-001364,West,Furniture,2024-06-23,159.81,123.8,0.15,1,36.01
ORD-001365,West,Electronics,2024-06-18,875.12,572.73,0.11,4,302.39
ORD-001366,West,Electronics,2024-06-06,929.92,536.75,0.32,4,393.17
ORD-001367,West,Electronics,2024-06-17,894.11,548.81,0.18,5,345.3
ORD-001368,West,Clothing,2024-06-09,322.23,206.38,0.26,5,115.85
ORD-001369,West,Clothing,2024-06-28,265.95,167.64,0.21,5,98.31
ORD-001370,West,Clothing,2024-06-21,191.71,118.24,0.1,3,73.47
ORD-001371,West,Furniture,2024-06-22,688.8,470.74,0.18,4,218.06
ORD-001372,West,Electronics,2024-06-05,436.63,305.37,0.11,2,131.26
ORD-001373,West,Groceries,2024-06-07,168.55,126.63,0.24,4,41.92
ORD-001374,West,Clothing,2024-06-20,57.51,34.72,0.02,1,22.79
ORD-001375,West,Electronics,2024-06-20,372.03,239.22,0.21,2,132.81
ORD-001376,West,Furniture,2024-06-22,625.86,459.03,0.25,4,166.83
ORD-001377,West,Groceries,2024-06-17,210.95,141.22,0.22,5,69.73
ORD-001378,West,Clothing,2024-06-14,57.42,34.55,0.13,1,22.87
ORD-001379,West,Groceries,2024-06-10,64.96,48.83,0.14,2,16.13
ORD-001380,West,Electronics,2024-06-16,1108.64,721.32,0.2,5,387.32
ORD-001381,West,Clothing,2024-06-11,360.03,237.59,0.2,5,122.44
ORD-001382,West,Electronics,2024-06-23,953.79,648.42,0.25,4,305.37
ORD-001383,West,Groceries,2024-06-28,33.4,26.25,0.11,1,7.15
ORD-001384,West,Clothing,2024-06-17,61.81,32.31,0.02,1,29.5
ORD-001385,West,Electronics,2024-06-08,204.32,130.44,0.28,1,73.88
ORD-001386,West,Groceries,2024-06-21,180.83,145.3,0.26,5,35.53
ORD-001387,West,Clothing,2024-06-26,50.85,30.44,0.31,1,20.41
ORD-001388,West,Furniture,2024-06-23,944.21,578.06,0.18,5,366.15
ORD-001389,West,Electronics,2024-06-28,1086.42,727.16,0.09,5,359.26
ORD-001390,West,Groceries,2024-06-11,100.95,65.91,0.19,3,35.04
ORD-001391,West,Groceries,2024-06-28,122.32,89.89,0.04,3,32.43
ORD-001392,West,Furniture,2024-06-17,359.24,257.24,0.31,2,102.0
ORD-001393,West,Electronics,2024-06-07,1072.5,619.05,0.06,4,453.45
ORD-001394,West,Clothing,2024-06-03,72.23,46.99,0.32,1,25.24
ORD-001395,West,Clothing,2024-06-06,61.07,40.4,0.34,1,20.67
ORD-001396,West,Furniture,2024-06-10,351.41,232.49,0.34,2,118.92
ORD-001397,West,Electronics,2024-06-11,622.58,359.47,0.13,3,263.11
ORD-001398,West,Groceries,2024-06-04,192.52,138.84,0.06,5,53.68
ORD-001399,West,Electronics,2024-06-08,194.41,119.83,0.28,1,74.58
ORD-001400,West,Clothing,2024-06-27,152.5,95.26,0.23,3,57.24
ORD-001401,West,Electronics,2024-06-09,841.0,573.13,0.16,4,267.87
ORD-001402,West,Electronics,2024-06-28,776.75,548.51,0.28,3,228.24
ORD-001403,West,Groceries,2024-06-23,61.89,47.15,0.26,2,14.74
ORD-001404,West,Clothing,2024-06-08,111.76,63.66,0.17,2,48.1
ORD-001405,West,Furniture,2024-06-24,524.87,381.55,0.09,3,143.32
ORD-001406,West,Furniture,2024-06-10,303.5,186.27,0.12,2,117.23
ORD-001407,West,Electronics,2024-06-17,935.63,561.31,0.02,5,374.32
ORD-001408,West,Clothing,2024-06-16,330.74,179.71,0.34,5,151.03
ORD-001409,West,Furniture,2024-06-20,659.94,494.37,0.31,4,165.57
ORD-001410,West,Furniture,2024-06-20,423.6,306.18,0.14,3,117.42
ORD-001411,West,Electronics,2024-06-27,556.37,335.54,0.35,2,220.83
ORD-001412,West,Electronics,2024-06-13,1373.57,831.3,0.16,5,542.27
ORD-001413,West,Clothing,2024-06-04,288.08,163.3,0.24,5,124.78
ORD-001414,West,Electronics,2024-06-07,811.6,472.53,0.15,3,339.07
ORD-001415,West,Clothing,2024-06-22,142.71,92.12,0.25,2,50.59
ORD-001416,West,Electronics,2024-06-22,522.06,339.93,0.2,2,182.13
ORD-001417,West,Clothing,2024-06-28,64.17,41.02,0.26,1,23.15
ORD-001418,West,Groceries,2024-06-27,163.64,110.91,0.21,5,52.73
ORD-001419,West,Furniture,2024-06-16,157.51,121.34,0.15,1,36.17
ORD-001420,West,Clothing,2024-06-06,249.9,131.24,0.18,4,118.66
ORD-001421,West,Furniture,2024-06-21,173.43,116.71,0.0,1,56.72
ORD-001422,West,Electronics,2024-06-28,988.5,601.39,0.09,5,387.11
ORD-001423,West,Furniture,2024-06-20,296.93,185.12,0.14,2,111.81
ORD-001424,West,Electronics,2024-06-10,818.2,540.11,0.18,4,278.09
ORD-001425,West,Electronics,2024-06-16,1050.75,715.96,0.33,4,334.79
ORD-001426,North,Groceries,2024-06-20,65.13,46.59,0.12,2,18.54
ORD-001427,North,Electronics,2024-06-28,770.58,478.04,0.19,3,292.54
ORD-001428,North,Electronics,2024-06-05,1345.74,858.19,0.28,5,487.55
ORD-001429,North,Clothing,2024-06-17,320.72,170.59,0.24,5,150.13
ORD-001430,North,Clothing,2024-06-08,344.4,190.46,0.07,5,153.94
ORD-001431,North,Furniture,2024-06-04,771.11,485.69,0.01,4,285.42
ORD-001432,North,Electronics,2024-06-06,1358.82,822.04,0.08,5,536.78
ORD-001433,North,Electronics,2024-06-11,1203.82,817.64,0.13,4,386.18
ORD-001434,North,Clothing,2024-06-14,276.21,166.97,0.1,5,109.24
ORD-001435,North,Clothing,2024-06-23,268.53,178.61,0.31,4,89.92
ORD-001436,North,Electronics,2024-06-23,1234.48,791.17,0.18,5,443.31
ORD-001437,North,Groceries,2024-06-18,75.13,49.34,0.16,2,25.79
ORD-001438,North,Groceries,2024-06-20,198.24,160.0,0.29,5,38.24
ORD-001439,North,Furniture,2024-06-01,331.27,205.81,0.11,2,125.46
ORD-001440,North,Clothing,2024-06-26,98.03,63.4,0.32,2,34.63
ORD-001441,North,Electronics,2024-06-07,940.11,634.87,0.14,5,305.24
ORD-001442,North,Clothing,2024-06-18,153.46,96.1,0.03,3,57.36
ORD-001443,North,Electronics,2024-06-04,925.32,647.35,0.28,4,277.97
ORD-001444,North,Electronics,2024-06-17,495.52,304.79,0.09,2,190.73
ORD-001445,North,Groceries,2024-06-05,143.3,118.24,0.24,4,25.06
ORD-001446,North,Electronics,2024-06-26,897.7,564.41,0.23,4,333.29
ORD-001447,North,Groceries,2024-06-14,166.97,121.79,0.03,5,45.18
ORD-001448,North,Clothing,2024-06-04,244.3,141.23,0.1,4,103.07
ORD-001449,North,Furniture,2024-06-18,656.4,420.97,0.3,4,235.43
ORD-001450,North,Groceries,2024-06-13,38.72,25.42,0.01,1,13.3
ORD-001451,North,Furniture,2024-06-27,1091.7,732.94,0.34,5,358.76
ORD-001452,North,Furniture,2024-06-08,193.7,125.51,0.31,1,68.19
ORD-001453,North,Furniture,2024-06-19,369.28,282.61,0.22,2,86.67
ORD-001454,North,Furniture,2024-06-04,184.84,130.3,0.1,1,54.54
ORD-001455,North,Groceries,2024-06-02,75.8,56.44,0.12,2,19.36
ORD-001456,North,Furniture,2024-06-08,534.78,330.64,0.06,3,204.14
ORD-001457,North,Groceries,2024-06-17,147.67,105.91,0.25,4,41.76
ORD-001458,North,Electronics,2024-06-08,229.11,144.86,0.27,1,84.25
ORD-001459,North,Groceries,2024-06-24,64.99,43.18,0.06,2,21.81
ORD-001460,North,Clothing,2024-06-26,158.27,89.46,0.29,3,68.81
ORD-001461,North,Furniture,2024-06-24,168.09,107.04,0.03,1,61.05
ORD-001462,North,Groceries,2024-06-12,114.74,81.71,0.13,3,33.03
ORD-001463,North,Groceries,2024-06-02,81.72,64.57,0.19,2,17.15
ORD-001464,North,Electronics,2024-06-01,576.43,344.95,0.0,3,231.48
ORD-001465,North,Electronics,2024-06-21,364.72,254.29,0.14,2,110.43
ORD-001466,North,Electronics,2024-06-28,893.23,572.82,0.09,4,320.41
ORD-001467,North,Electronics,2024-06-15,800.69,448.48,0.34,4,352.21
ORD-001468,North,Furniture,2024-06-17,1004.84,745.64,0.26,5,259.2
ORD-001469,North,Electronics,2024-06-17,230.29,158.33,0.07,1,71.96
ORD-001470,North,Groceries,2024-06-13,135.22,90.19,0.07,4,45.03
ORD-001471,North,Electronics,2024-06-14,769.18,451.46,0.35,4,317.72
ORD-001472,North,Electronics,2024-06-17,414.31,284.65,0.23,2,129.66
ORD-001473,North,Clothing,2024-06-04,242.96,142.12,0.03,4,100.84
ORD-001474,North,Furniture,2024-06-07,158.86,120.99,0.29,1,37.87
ORD-001475,North,Clothing,2024-06-05,256.53,158.23,0.22,4,98.3
ORD-001476,North,Furniture,2024-06-14,581.43,379.55,0.11,3,201.88
ORD-001477,North,Furniture,2024-06-17,151.05,106.27,0.26,1,44.78
ORD-001478,North,Clothing,2024-06-04,291.02,172.26,0.2,5,118.76
ORD-001479,North,Electronics,2024-06-26,766.72,428.24,0.07,3,338.48
ORD-001480,North,Electronics,2024-06-22,1323.25,774.75,0.28,5,548.5
ORD-001481,North,Furniture,2024-06-13,879.37,616.12,0.17,5,263.25
ORD-001482,South,Furniture,2024-06-26,362.12,278.03,0.19,2,84.09
ORD-001483,South,Clothing,2024-06-09,112.27,62.91,0.01,2,49.36
ORD-001484,South,Electronics,2024-06-01,176.95,126.16,0.27,1,50.79
ORD-001485,South,Electronics,2024-06-26,198.52,121.0,0.18,1,77.52
ORD-001486,South,Clothing,2024-06-01,179.66,112.86,0.07,3,66.8
ORD-001487,South,Furniture,2024-06-15,661.96,513.65,0.3,5,148.31
ORD-001488,South,Clothing,2024-06-17,70.87,42.6,0.02,1,28.27
ORD-001489,South,Clothing,2024-06-21,181.4,117.58,0.24,3,63.82
ORD-001490,South,Furniture,2024-06-01,845.2,567.81,0.16,4,277.39
ORD-001491,South,Electronics,2024-06-06,379.62,257.75,0.27,2,121.87
ORD-001492,South,Furniture,2024-06-05,720.19,451.42,0.14,5,268.77
ORD-001493,South,Electronics,2024-06-10,518.67,330.22,0.29,2,188.45
ORD-001494,South,Electronics,2024-06-08,388.64,239.97,0.23,2,148.67
ORD-001495,South,Groceries,2024-06-16,98.13,72.98,0.02,3,25.15
ORD-001496,South,Electronics,2024-06-01,888.39,588.16,0.1,4,300.23
ORD-001497,South,Electronics,2024-06-20,955.61,577.54,0.11,4,378.07
ORD-001498,South,Groceries,2024-06-26,64.16,44.96,0.04,2,19.2
ORD-001499,South,Furniture,2024-06-09,178.51,110.36,0.22,1,68.15
ORD-001500,South,Groceries,2024-06-28,102.98,84.34,0.03,3,18.64
ORD-001501,South,Furniture,2024-06-01,155.19,118.79,0.01,1,36.4
ORD-001502,South,Electronics,2024-06-11,1101.94,642.29,0.28,5,459.65
ORD-001503,South,Furniture,2024-06-11,920.11,719.16,0.22,5,200.95
ORD-001504,South,Furniture,2024-06-11,174.2,130.93,0.28,1,43.27
ORD-001505,South,Clothing,2024-06-25,330.62,206.32,0.14,5,124.3
ORD-001506,South,Furniture,2024-06-28,153.6,107.39,0.2,1,46.21
ORD-001507,South,Groceries,2024-06-28,35.91,23.69,0.11,1,12.22
ORD-001508,South,Groceries,2024-06-22,88.27,67.81,0.15,3,20.46
ORD-001509,South,Furniture,2024-06-23,825.56,601.36,0.25,5,224.2
ORD-001510,South,Groceries,2024-06-09,80.77,53.89,0.05,3,26.88
ORD-001511,South,Furniture,2024-06-02,324.64,248.45,0.02,2,76.19
ORD-001512,South,Groceries,2024-06-15,119.66,96.64,0.2,3,23.02
ORD-001513,South,Electronics,2024-06-01,664.82,468.79,0.2,4,196.03
ORD-001514,South,Furniture,2024-06-01,187.46,125.15,0.25,1,62.31
ORD-001515,South,Clothing,2024-06-08,62.58,36.16,0.11,1,26.42
ORD-001516,South,Clothing,2024-06-23,198.22,118.65,0.01,4,79.57
ORD-001517,South,Electronics,2024-06-22,483.69,328.11,0.05,2,155.58
ORD-001518,South,Furniture,2024-06-12,833.95,603.11,0.33,4,230.84
ORD-001519,South,Electronics,2024-06-13,821.43,505.19,0.22,4,316.24
ORD-001520,South,Furniture,2024-06-28,515.17,397.2,0.14,3,117.97
ORD-001521,South,Furniture,2024-06-15,176.46,136.9,0.32,1,39.56
ORD-001522,South,Groceries,2024-06-28,61.45,44.82,0.3,2,16.63
ORD-001523,South,Electronics,2024-06-24,709.85,470.17,0.13,4,239.68
ORD-001524,South,Furniture,2024-06-01,167.3,114.0,0.08,1,53.3
ORD-001525,South,Electronics,2024-06-17,402.19,276.18,0.04,2,126.01
ORD-001526,South,Furniture,2024-06-05,917.26,647.52,0.22,5,269.74
ORD-001527,South,Furniture,2024-06-15,758.53,523.93,0.13,4,234.6
ORD-001528,South,Clothing,2024-06-13,63.52,37.08,0.08,1,26.44
ORD-001529,South,Electronics,2024-06-02,945.09,649.08,0.27,4,296.01
ORD-001530,East,Electronics,2024-07-25,694.23,430.34,0.3,3,263.89
ORD-001531,East,Furniture,2024-07-04,879.09,627.67,0.05,5,251.42
ORD-001532,East,Clothing,2024-07-13,253.81,141.36,0.29,5,112.45
ORD-001533,East,Furniture,2024-07-21,571.4,358.62,0.15,3,212.78
ORD-001534,East,Furniture,2024-07-13,788.1,604.35,0.28,4,183.75
ORD-001535,East,Furniture,2024-07-16,188.65,124.68,0.28,1,63.97
ORD-001536,East,Groceries,2024-07-08,131.97,105.68,0.15,4,26.29
ORD-001537,East,Groceries,2024-07-04,112.22,79.75,0.2,3,32.47
ORD-001538,East,Furniture,2024-07-27,718.78,474.26,0.22,4,244.52
ORD-001539,East,Electronics,2024-07-21,1097.41,778.67,0.24,5,318.74
ORD-001540,East,Electronics,2024-07-03,503.09,355.01,0.24,2,148.08
ORD-001541,East,Furniture,2024-07-06,684.53,442.39,0.25,3,242.14
ORD-001542,East,Clothing,2024-07-09,119.36,66.17,0.13,2,53.19
ORD-001543,East,Groceries,2024-07-20,117.33,87.45,0.08,3,29.88
ORD-001544,East,Clothing,2024-07-15,56.22,32.71,0.22,1,23.51
ORD-001545,East,Clothing,2024-07-07,59.88,34.55,0.09,1,25.33
ORD-001546,East,Electronics,2024-07-23,731.08,462.72,0.08,4,268.36
ORD-001547,East,Clothing,2024-07-22,212.25,139.88,0.01,3,72.37
ORD-001548,East,Electronics,2024-07-17,995.49,594.16,0.19,5,401.33
ORD-001549,East,Electronics,2024-07-16,212.14,150.36,0.16,1,61.78
ORD-001550,East,Clothing,2024-07-17,269.31,150.46,0.35,4,118.85
ORD-001551,East,Electronics,2024-07-23,1132.09,772.85,0.07,5,359.24
ORD-001552,East,Groceries,2024-07-20,110.9,85.7,0.21,3,25.2
ORD-001553,East,Electronics,2024-07-08,350.97,236.17,0.11,2,114.8
ORD-001554,East,Groceries,2024-07-08,113.29,85.64,0.04,3,27.65
ORD-001555,East,Electronics,2024-07-15,226.18,133.75,0.25,1,92.43
ORD-001556,East,Furniture,2024-07-24,674.63,468.32,0.09,4,206.31
ORD-001557,East,Clothing,2024-07-06,155.19,99.95,0.26,2,55.24
ORD-001558,East,Clothing,2024-07-02,300.96,178.92,0.26,5,122.04
ORD-001559,East,Furniture,2024-07-01,333.94,237.8,0.24,2,96.14
ORD-001560,East,Electronics,2024-07-02,1084.34,619.1,0.19,5,465.24
ORD-001561,East,Electronics,2024-07-19,233.7,165.56,0.33,1,68.14
ORD-001562,East,Electronics,2024-07-01,575.74,384.49,0.02,3,191.25
ORD-001563,East,Furniture,2024-07-09,829.46,607.2,0.23,4,222.26
ORD-001564,East,Furniture,2024-07-26,403.84,257.43,0.13,3,146.41
ORD-001565,East,Clothing,2024-07-17,156.56,103.48,0.11,3,53.08
ORD-001566,East,Furniture,2024-07-18,859.73,623.01,0.33,4,236.72
ORD-001567,East,Electronics,2024-07-18,503.35,320.58,0.13,2,182.77
ORD-001568,East,Groceries,2024-07-04,37.38,30.1,0.32,1,7.28
ORD-001569,East,Groceries,2024-07-25,167.4,136.49,0.15,4,30.91
ORD-001570,East,Clothing,2024-07-12,214.08,129.63,0.3,4,84.45
ORD-001571,East,Electronics,2024-07-06,417.55,233.3,0.24,2,184.25
ORD-001572,East,Electronics,2024-07-16,172.1,100.58,0.22,1,71.52
ORD-001573,East,Electronics,2024-07-07,237.06,140.17,0.22,1,96.89
ORD-001574,East,Electronics,2024-07-11,1028.91,656.05,0.21,4,372.86
ORD-001575,East,Electronics,2024-07-27,850.61,512.48,0.32,4,338.13
ORD-001576,East,Clothing,2024-07-18,243.87,129.37,0.29,4,114.5
ORD-001577,East,Clothing,2024-07-11,119.45,64.17,0.33,2,55.28
ORD-001578,East,Electronics,2024-07-08,509.93,340.67,0.06,2,169.26
ORD-001579,East,Clothing,2024-07-15,210.1,112.33,0.01,4,97.77
ORD-001580,East,Clothing,2024-07-05,123.92,64.94,0.27,2,58.98
ORD-001581,East,Groceries,2024-07-24,226.52,183.61,0.16,5,42.91
ORD-001582,East,Furniture,2024-07-26,170.43,132.49,0.27,1,37.94
ORD-001583,East,Electronics,2024-07-27,952.85,630.07,0.3,5,322.78
ORD-001584,East,Furniture,2024-07-27,1070.09,812.06,0.02,5,258.03
ORD-001585,East,Electronics,2024-07-04,372.99,221.56,0.33,2,151.43
ORD-001586,East,Furniture,2024-07-26,182.49,112.49,0.27,1,70.0
ORD-001587,East,Clothing,2024-07-16,196.12,126.26,0.21,3,69.86
ORD-001588,East,Groceries,2024-07-21,111.05,79.18,0.0,3,31.87
ORD-001589,East,Electronics,2024-07-22,798.5,486.53,0.22,3,311.97
ORD-001590,East,Electronics,2024-07-08,757.87,471.43,0.09,3,286.44
ORD-001591,East,Furniture,2024-07-11,769.36,596.68,0.21,4,172.68
ORD-001592,East,Furniture,2024-07-11,744.07,495.76,0.0,4,248.31
ORD-001593,East,Groceries,2024-07-13,127.9,84.8,0.29,4,43.1
ORD-001594,East,Electronics,2024-07-12,183.82,115.61,0.33,1,68.21
ORD-001595,East,Electronics,2024-07-21,718.25,461.97,0.24,4,256.28
ORD-001596,East,Furniture,2024-07-22,350.03,256.05,0.33,2,93.98
ORD-001597,East,Furniture,2024-07-17,172.38,126.29,0.31,1,46.09
ORD-001598,East,Clothing,2024-07-07,66.63,42.08,0.33,1,24.55
ORD-001599,East,Electronics,2024-07-04,205.63,118.75,0.34,1,86.88
ORD-001600,East,Furniture,2024-07-15,163.27,112.39,0.34,1,50.88
ORD-001601,East,Furniture,2024-07-01,864.17,672.62,0.35,4,191.55
ORD-001602,East,Electronics,2024-07-18,745.45,482.68,0.04,4,262.77
ORD-001603,East,Clothing,2024-07-27,279.25,164.5,0.04,5,114.75
ORD-001604,East,Electronics,2024-07-02,857.51,610.11,0.02,4,247.4
ORD-001605,East,Groceries,2024-07-03,98.63,71.94,0.33,3,26.69
ORD-001606,East,Electronics,2024-07-06,768.55,515.3,0.24,4,253.25
ORD-001607,East,Electronics,2024-07-08,718.34,467.73,0.21,4,250.61
ORD-001608,East,Electronics,2024-07-08,943.82,633.12,0.04,4,310.7
ORD-001609,East,Groceries,2024-07-17,57.25,41.19,0.25,2,16.06
ORD-001610,East,Furniture,2024-07-17,711.86,459.3,0.33,5,252.56
ORD-001611,East,Furniture,2024-07-12,494.79,354.02,0.15,3,140.77
ORD-001612,West,Groceries,2024-07-23,38.38,26.66,0.15,1,11.72
ORD-001613,West,Furniture,2024-07-02,176.94,118.02,0.1,1,58.92
ORD-001614,West,Electronics,2024-07-08,512.91,334.29,0.2,2,178.62
ORD-001615,West,Electronics,2024-07-06,1049.07,600.46,0.18,5,448.61
ORD-001616,West,Furniture,2024-07-17,703.09,504.86,0.34,4,198.23
ORD-001617,West,Groceries,2024-07-07,166.15,117.98,0.14,4,48.17
ORD-001618,West,Furniture,2024-07-07,217.9,147.48,0.24,1,70.42
ORD-001619,West,Clothing,2024-07-28,217.55,125.95,0.34,3,91.6
ORD-001620,West,Clothing,2024-07-17,127.25,67.82,0.31,2,59.43
ORD-001621,West,Clothing,2024-07-17,125.27,72.51,0.09,2,52.76
ORD-001622,West,Clothing,2024-07-15,287.05,166.45,0.33,5,120.6
ORD-001623,West,Furniture,2024-07-12,607.97,454.93,0.23,4,153.04
ORD-001624,West,Groceries,2024-07-04,36.84,29.87,0.18,1,6.97
ORD-001625,West,Clothing,2024-07-06,277.7,153.12,0.01,4,124.58
ORD-001626,West,Groceries,2024-07-08,159.1,111.7,0.13,5,47.4
ORD-001627,West,Furniture,2024-07-10,732.93,568.28,0.15,4,164.65
ORD-001628,West,Groceries,2024-07-19,160.7,110.99,0.02,4,49.71
ORD-001629,West,Groceries,2024-07-17,38.28,30.4,0.11,1,7.88
ORD-001630,West,Clothing,2024-07-10,133.93,75.12,0.05,2,58.81
ORD-001631,West,Clothing,2024-07-05,64.03,39.51,0.08,1,24.52
ORD-001632,West,Electronics,2024-07-26,745.35,519.16,0.04,4,226.19
ORD-001633,West,Groceries,2024-07-15,76.65,54.81,0.02,2,21.84
ORD-001634,West,Groceries,2024-07-28,31.13,25.46,0.06,1,5.67
ORD-001635,West,Electronics,2024-07-03,903.01,511.2,0.14,4,391.81
ORD-001636,West,Electronics,2024-07-21,1280.09,850.76,0.07,5,429.33
ORD-001637,West,Clothing,2024-07-07,245.64,148.43,0.13,4,97.21
ORD-001638,West,Electronics,2024-07-24,815.57,539.27,0.34,4,276.3
ORD-001639,West,Groceries,2024-07-06,212.83,151.3,0.17,5,61.53
ORD-001640,West,Electronics,2024-07-28,396.45,237.62,0.13,2,158.83
ORD-001641,West,Furniture,2024-07-21,824.23,549.47,0.17,5,274.76
ORD-001642,West,Furniture,2024-07-12,535.76,337.51,0.06,3,198.25
ORD-001643,West,Furniture,2024-07-26,416.51,272.59,0.26,2,143.92
ORD-001644,West,Groceries,2024-07-13,35.42,27.34,0.15,1,8.08
ORD-001645,West,Clothing,2024-07-08,59.88,34.25,0.25,1,25.63
ORD-001646,West,Furniture,2024-07-07,1056.67,781.83,0.04,5,274.84
ORD-001647,West,Clothing,2024-07-19,134.54,89.16,0.31,3,45.38
ORD-001648,West,Electronics,2024-07-01,398.19,234.83,0.19,2,163.36
ORD-001649,West,Groceries,2024-07-25,29.76,21.58,0.01,1,8.18
ORD-001650,West,Furniture,2024-07-02,818.1,621.25,0.07,5,196.85
ORD-001651,West,Clothing,2024-07-16,66.52,39.31,0.07,1,27.21
ORD-001652,West,Clothing,2024-07-03,267.3,147.77,0.24,5,119.53
ORD-001653,West,Groceries,2024-07-04,73.92,57.66,0.06,2,16.26
ORD-001654,West,Furniture,2024-07-19,404.92,305.08,0.18,2,99.84
ORD-001655,West,Clothing,2024-07-04,253.13,134.0,0.32,4,119.13
ORD-001656,West,Groceries,2024-07-23,159.7,118.59,0.28,4,41.11
ORD-001657,West,Clothing,2024-07-04,301.28,164.77,0.32,5,136.51
ORD-001658,West,Furniture,2024-07-11,587.77,457.78,0.04,3,129.99
ORD-001659,West,Clothing,2024-07-10,152.86,89.14,0.19,3,63.72
ORD-001660,West,Electronics,2024-07-12,1086.59,703.4,0.25,5,383.19
ORD-001661,West,Groceries,2024-07-12,102.57,75.64,0.2,3,26.93
ORD-001662,West,Electronics,2024-07-09,1174.44,725.58,0.34,5,448.86
ORD-001663,West,Furniture,2024-07-13,584.56,424.24,0.15,3,160.32
ORD-001664,West,Furniture,2024-07-20,168.33,118.47,0.19,1,49.86
ORD-001665,West,Clothing,2024-07-28,265.02,157.7,0.06,5,107.32
ORD-001666,West,Furniture,2024-07-24,489.43,368.2,0.07,3,121.23
ORD-001667,West,Clothing,2024-07-25,268.76,167.02,0.18,5,101.74
ORD-001668,West,Clothing,2024-07-09,212.73,136.58,0.33,4,76.15
ORD-001669,West,Groceries,2024-07-10,38.7,27.03,0.29,1,11.67
ORD-001670,West,Clothing,2024-07-28,297.02,178.8,0.28,4,118.22
ORD-001671,West,Electronics,2024-07-27,608.82,340.47,0.01,3,268.35
ORD-001672,West,Groceries,2024-07-19,105.99,83.64,0.15,3,22.35
ORD-001673,West,Clothing,2024-07-27,189.1,119.66,0.11,3,69.44
ORD-001674,West,Electronics,2024-07-12,787.48,442.11,0.15,3,345.37
ORD-001675,West,Clothing,2024-07-04,107.16,70.57,0.03,2,36.59
ORD-001676,West,Electronics,2024-07-28,431.28,245.93,0.33,2,185.35
ORD-001677,West,Groceries,2024-07-19,112.48,91.5,0.23,3,20.98
ORD-001678,West,Clothing,2024-07-24,123.69,73.6,0.14,2,50.09
ORD-001679,West,Furniture,2024-07-15,845.33,581.74,0.28,4,263.59
ORD-001680,West,Furniture,2024-07-01,760.81,495.59,0.28,4,265.22
ORD-001681,West,Furniture,2024-07-08,159.78,98.31,0.06,1,61.47
ORD-001682,West,Groceries,2024-07-16,136.44,109.0,0.33,4,27.44
ORD-001683,West,Electronics,2024-07-23,389.95,230.11,0.33,2,159.84
ORD-001684,West,Furniture,2024-07-25,217.21,152.38,0.06,1,64.83
ORD-001685,West,Groceries,2024-07-16,34.7,22.6,0.27,1,12.1
ORD-001686,West,Electronics,2024-07-17,1023.76,615.59,0.2,5,408.17
ORD-001687,West,Electronics,2024-07-27,371.35,223.79,0.19,2,147.56
ORD-001688,West,Furniture,2024-07-27,365.33,258.5,0.33,2,106.83
ORD-001689,West,Electronics,2024-07-16,1165.17,761.69,0.13,5,403.48
ORD-001690,West,Groceries,2024-07-12,103.21,82.37,0.29,3,20.84
ORD-001691,West,Clothing,2024-07-21,291.61,179.37,0.01,5,112.24
ORD-001692,West,Electronics,2024-07-27,953.81,566.33,0.04,5,387.48
ORD-001693,West,Groceries,2024-07-04,138.59,94.36,0.0,4,44.23
ORD-001694,West,Electronics,2024-07-28,1259.57,801.3,0.26,5,458.27
ORD-001695,West,Furniture,2024-07-21,1008.08,721.24,0.23,5,286.84
ORD-001696,West,Clothing,2024-07-20,185.22,100.6,0.24,3,84.62
ORD-001697,West,Clothing,2024-07-09,135.16,75.33,0.3,3,59.83
ORD-001698,West,Electronics,2024-07-12,597.87,416.83,0.16,3,181.04
ORD-001699,West,Clothing,2024-07-23,59.91,39.47,0.28,1,20.44
ORD-001700,West,Furniture,2024-07-27,570.08,351.08,0.09,3,219.0
ORD-001701,West,Clothing,2024-07-05,67.0,38.49,0.19,1,28.51
ORD-001702,West,Electronics,2024-07-24,521.68,302.43,0.15,3,219.25
ORD-001703,West,Furniture,2024-07-18,936.55,580.1,0.31,5,356.45
ORD-001704,West,Furniture,2024-07-03,344.78,249.7,0.23,2,95.08
ORD-001705,West,Furniture,2024-07-12,171.86,106.66,0.1,1,65.2
ORD-001706,West,Groceries,2024-07-19,99.14,68.21,0.26,3,30.93
ORD-001707,West,Electronics,2024-07-05,1123.96,754.22,0.22,5,369.74
ORD-001708,West,Electronics,2024-07-04,870.79,562.99,0.24,4,307.8
ORD-001709,West,Electronics,2024-07-21,1190.0,774.88,0.07,5,415.12
ORD-001710,West,Clothing,2024-07-10,252.51,142.88,0.32,4,109.63
ORD-001711,North,Groceries,2024-07-15,74.61,48.42,0.22,2,26.19
ORD-001712,North,Electronics,2024-07-14,222.11,137.45,0.19,1,84.66
ORD-001713,North,Electronics,2024-07-08,243.64,138.12,0.11,1,105.52
ORD-001714,North,Electronics,2024-07-11,977.14,582.77,0.16,5,394.37
ORD-001715,North,Clothing,2024-07-10,131.58,87.38,0.04,2,44.2
ORD-001716,North,Furniture,2024-07-06,409.11,284.52,0.2,2,124.59
ORD-001717,North,Furniture,2024-07-08,374.54,292.39,0.32,2,82.15
ORD-001718,North,Electronics,2024-07-19,619.08,411.54,0.21,3,207.54
ORD-001719,North,Groceries,2024-07-02,37.64,31.07,0.06,1,6.57
ORD-001720,North,Electronics,2024-07-21,692.88,458.83,0.27,3,234.05
ORD-001721,North,Clothing,2024-07-04,49.32,31.3,0.3,1,18.02
ORD-001722,North,Electronics,2024-07-04,856.42,511.94,0.01,4,344.48
ORD-001723,North,Groceries,2024-07-15,163.19,106.08,0.01,4,57.11
ORD-001724,North,Clothing,2024-07-14,186.06,106.8,0.06,3,79.26
ORD-001725,North,Electronics,2024-07-08,640.93,378.5,0.12,3,262.43
ORD-001726,North,Furniture,2024-07-12,180.76,111.82,0.01,1,68.94
ORD-001727,North,Furniture,2024-07-21,724.32,540.19,0.25,4,184.13
ORD-001728,North,Electronics,2024-07-01,764.47,433.22,0.19,4,331.25
ORD-001729,North,Electronics,2024-07-23,525.26,352.36,0.26,3,172.9
ORD-001730,North,Furniture,2024-07-26,506.18,340.69,0.04,3,165.49
ORD-001731,North,Furniture,2024-07-07,173.13,117.09,0.17,1,56.04
ORD-001732,North,Clothing,2024-07-08,64.84,37.0,0.27,1,27.84
ORD-001733,North,Clothing,2024-07-01,167.98,91.83,0.25,3,76.15
ORD-001734,North,Furniture,2024-07-12,797.87,604.48,0.27,4,193.39
ORD-001735,North,Furniture,2024-07-21,492.29,367.31,0.29,3,124.98
ORD-001736,North,Electronics,2024-07-07,1127.65,658.26,0.14,5,469.39
ORD-001737,North,Electronics,2024-07-17,971.52,582.75,0.23,5,388.77
ORD-001738,North,Furniture,2024-07-12,812.73,633.41,0.2,4,179.32
ORD-001739,North,Electronics,2024-07-03,987.93,655.28,0.26,5,332.65
ORD-001740,North,Clothing,2024-07-06,52.8,33.67,0.3,1,19.13
ORD-001741,North,Electronics,2024-07-17,462.69,326.91,0.09,2,135.78
ORD-001742,North,Clothing,2024-07-07,48.31,29.84,0.11,1,18.47
ORD-001743,North,Clothing,2024-07-25,347.64,198.14,0.26,5,149.5
ORD-001744,North,Furniture,2024-07-17,328.9,234.85,0.05,2,94.05
ORD-001745,North,Furniture,2024-07-05,176.27,111.71,0.07,1,64.56
ORD-001746,North,Clothing,2024-07-16,125.93,80.13,0.32,2,45.8
ORD-001747,North,Groceries,2024-07-24,153.31,115.53,0.34,5,37.78
ORD-001748,North,Groceries,2024-07-09,91.02,71.96,0.27,2,19.06
ORD-001749,North,Groceries,2024-07-11,33.65,25.68,0.26,1,7.97
ORD-001750,North,Groceries,2024-07-25,118.94,97.56,0.06,3,21.38
ORD-001751,North,Groceries,2024-07-02,38.38,25.49,0.2,1,12.89
ORD-001752,North,Furniture,2024-07-03,367.9,270.89,0.06,2,97.01
ORD-001753,North,Clothing,2024-07-06,61.64,33.49,0.21,1,28.15
ORD-001754,North,Clothing,2024-07-17,66.69,40.53,0.28,1,26.16
ORD-001755,North,Groceries,2024-07-11,67.27,45.23,0.21,2,22.04
ORD-001756,North,Furniture,2024-07-06,711.4,551.08,0.09,4,160.32
ORD-001757,North,Electronics,2024-07-06,671.12,463.24,0.21,3,207.88
ORD-001758,North,Electronics,2024-07-14,631.48,392.13,0.14,3,239.35
ORD-001759,North,Clothing,2024-07-16,175.55,111.34,0.01,4,64.21
ORD-001760,North,Electronics,2024-07-25,1203.69,703.75,0.17,5,499.94
ORD-001761,North,Clothing,2024-07-27,118.3,62.18,0.17,2,56.12
ORD-001762,North,Electronics,2024-07-02,748.09,507.52,0.01,4,240.57
ORD-001763,North,Clothing,2024-07-20,59.81,33.34,0.14,1,26.47
ORD-001764,North,Electronics,2024-07-07,631.13,383.42,0.06,3,247.71
ORD-001765,North,Electronics,2024-07-26,625.45,382.4,0.33,3,243.05
ORD-001766,North,Electronics,2024-07-12,1270.76,796.32,0.08,5,474.44
ORD-001767,North,Furniture,2024-07-15,415.88,283.19,0.15,2,132.69
ORD-001768,North,Electronics,2024-07-15,830.98,575.43,0.26,4,255.55
ORD-001769,North,Furniture,2024-07-21,727.9,488.1,0.15,4,239.8
ORD-001770,North,Furniture,2024-07-21,426.04,288.26,0.12,2,137.78
ORD-001771,North,Clothing,2024-07-08,288.56,190.86,0.28,5,97.7
ORD-001772,North,Groceries,2024-07-07,181.82,132.13,0.33,5,49.69
ORD-001773,North,Electronics,2024-07-04,227.55,153.96,0.28,1,73.59
ORD-001774,North,Clothing,2024-07-02,358.72,210.59,0.06,5,148.13
ORD-001775,South,Furniture,2024-07-10,461.91,319.97,0.13,3,141.94
ORD-001776,South,Clothing,2024-07-19,239.14,146.28,0.09,4,92.86
ORD-001777,South,Furniture,2024-07-20,331.05,223.35,0.06,2,107.7
ORD-001778,South,Furniture,2024-07-09,518.04,364.1,0.3,3,153.94
ORD-001779,South,Furniture,2024-07-24,828.95,549.33,0.03,5,279.62
ORD-001780,South,Electronics,2024-07-26,207.05,135.6,0.19,1,71.45
ORD-001781,South,Furniture,2024-07-18,300.82,214.63,0.26,2,86.19
ORD-001782,South,Electronics,2024-07-28,1140.33,704.63,0.31,5,435.7
ORD-001783,South,Electronics,2024-07-04,794.65,496.16,0.33,5,298.49
ORD-001784,South,Groceries,2024-07-13,59.44,45.39,0.31,2,14.05
ORD-001785,South,Electronics,2024-07-14,229.45,128.35,0.25,1,101.1
ORD-001786,South,Electronics,2024-07-16,1161.96,654.18,0.16,5,507.78
ORD-001787,South,Clothing,2024-07-25,57.52,38.15,0.3,1,19.37
ORD-001788,South,Clothing,2024-07-11,62.58,40.07,0.11,1,22.51
ORD-001789,South,Groceries,2024-07-26,149.22,116.11,0.18,4,33.11
ORD-001790,South,Clothing,2024-07-24,58.77,31.35,0.12,1,27.42
ORD-001791,South,Groceries,2024-07-12,103.74,75.86,0.1,3,27.88
ORD-001792,South,Groceries,2024-07-16,56.52,37.08,0.04,2,19.44
ORD-001793,South,Electronics,2024-07-11,1044.89,632.87,0.02,4,412.02
ORD-001794,South,Electronics,2024-07-12,183.66,113.67,0.03,1,69.99
ORD-001795,South,Furniture,2024-07-26,198.19,149.47,0.32,1,48.72
ORD-001796,South,Clothing,2024-07-28,125.76,80.87,0.3,2,44.89
ORD-001797,South,Groceries,2024-07-14,98.59,67.35,0.21,3,31.24
ORD-001798,South,Furniture,2024-07-17,341.85,229.38,0.08,2,112.47
ORD-001799,South,Electronics,2024-07-19,766.96,516.09,0.04,4,250.87
ORD-001800,South,Clothing,2024-07-20,169.09,96.49,0.16,3,72.6
ORD-001801,South,Furniture,2024-07-04,961.38,592.38,0.03,5,369.0
ORD-001802,South,Electronics,2024-07-23,624.07,389.29,0.23,3,234.78
ORD-001803,South,Furniture,2024-07-04,318.7,207.1,0.21,2,111.6
ORD-001804,South,Furniture,2024-07-11,168.53,130.93,0.11,1,37.6
ORD-001805,South,Furniture,2024-07-14,155.16,114.22,0.26,1,40.94
ORD-001806,South,Electronics,2024-07-13,771.42,476.07,0.34,3,295.35
ORD-001807,South,Furniture,2024-07-14,606.72,416.04,0.3,4,190.68
ORD-001808,South,Electronics,2024-07-16,173.15,119.46,0.21,1,53.69
ORD-001809,South,Groceries,2024-07-25,120.1,96.41,0.34,4,23.69
ORD-001810,South,Electronics,2024-07-18,469.33,309.14,0.03,2,160.19
ORD-001811,South,Clothing,2024-07-12,66.79,35.11,0.24,1,31.68
ORD-001812,South,Furniture,2024-07-18,849.35,540.86,0.15,5,308.49
ORD-001813,South,Groceries,2024-07-07,124.27,81.64,0.25,4,42.63
ORD-001814,South,Electronics,2024-07-13,517.46,297.79,0.12,2,219.67
ORD-001815,South,Furniture,2024-07-15,823.81,570.0,0.32,4,253.81
ORD-001816,South,Furniture,2024-07-04,172.22,117.33,0.11,1,54.89
ORD-001817,South,Groceries,2024-07-20,29.76,21.92,0.14,1,7.84
ORD-001818,South,Clothing,2024-07-04,167.39,94.73,0.06,3,72.66
ORD-001819,South,Clothing,2024-07-01,188.04,122.77,0.35,3,65.27
ORD-001820,South,Furniture,2024-07-14,172.9,106.88,0.15,1,66.02
ORD-001821,South,Electronics,2024-07-12,750.12,506.19,0.34,4,243.93
ORD-001822,South,Clothing,2024-07-18,241.71,149.27,0.16,4,92.44
ORD-001823,South,Electronics,2024-07-15,1125.93,713.2,0.05,5,412.73
ORD-001824,South,Furniture,2024-07-07,332.78,231.89,0.06,2,100.89
ORD-001825,East,Furniture,2024-08-10,341.14,257.68,0.22,2,83.46
ORD-001826,East,Furniture,2024-08-07,297.04,229.53,0.13,2,67.51
ORD-001827,East,Electronics,2024-08-04,668.03,449.79,0.34,3,218.24
ORD-001828,East,Groceries,2024-08-22,32.43,26.72,0.11,1,5.71
ORD-001829,East,Electronics,2024-08-20,210.42,144.35,0.35,1,66.07
ORD-001830,East,Clothing,2024-08-22,242.07,128.67,0.28,4,113.4
ORD-001831,East,Furniture,2024-08-26,929.87,617.31,0.13,4,312.56
ORD-001832,East,Clothing,2024-08-23,55.01,31.07,0.17,1,23.94
ORD-001833,East,Electronics,2024-08-08,1174.74,763.63,0.16,4,411.11
ORD-001834,East,Furniture,2024-08-18,302.98,197.87,0.12,2,105.11
ORD-001835,East,Clothing,2024-08-22,347.85,192.14,0.19,5,155.71
ORD-001836,East,Groceries,2024-08-11,77.55,64.0,0.04,2,13.55
ORD-001837,East,Clothing,2024-08-24,115.41,72.2,0.16,2,43.21
ORD-001838,East,Groceries,2024-08-26,133.24,87.88,0.26,3,45.36
ORD-001839,East,Groceries,2024-08-18,40.8,26.77,0.3,1,14.03
ORD-001840,East,Electronics,2024-08-09,735.69,518.82,0.35,3,216.87
ORD-001841,East,Furniture,2024-08-05,130.95,82.42,0.31,1,48.53
ORD-001842,East,Furniture,2024-08-12,791.16,538.69,0.3,5,252.47
ORD-001843,East,Clothing,2024-08-03,58.08,33.62,0.04,1,24.46
ORD-001844,East,Groceries,2024-08-19,32.66,25.8,0.13,1,6.86
ORD-001845,East,Electronics,2024-08-16,1124.52,708.6,0.3,5,415.92
ORD-001846,East,Groceries,2024-08-10,101.72,70.07,0.2,3,31.65
ORD-001847,East,Electronics,2024-08-16,1162.13,818.01,0.31,5,344.12
ORD-001848,East,Electronics,2024-08-22,1170.17,787.24,0.1,5,382.93
ORD-001849,East,Electronics,2024-08-19,486.16,311.23,0.18,2,174.93
ORD-001850,East,Electronics,2024-08-02,563.28,368.78,0.02,3,194.5
ORD-001851,East,Furniture,2024-08-18,188.8,142.13,0.15,1,46.67
ORD-001852,East,Furniture,2024-08-17,189.06,117.43,0.0,1,71.63
ORD-001853,East,Groceries,2024-08-06,70.78,53.22,0.14,2,17.56
ORD-001854,East,Groceries,2024-08-20,171.3,134.95,0.18,5,36.35
ORD-001855,East,Furniture,2024-08-21,766.43,509.52,0.34,4,256.91
ORD-001856,East,Clothing,2024-08-17,193.34,108.75,0.16,3,84.59
ORD-001857,East,Clothing,2024-08-15,182.08,101.98,0.25,3,80.1
ORD-001858,East,Clothing,2024-08-22,307.32,200.01,0.03,5,107.31
ORD-001859,East,Clothing,2024-08-28,54.94,30.41,0.35,1,24.53
ORD-001860,East,Electronics,2024-08-10,232.74,146.63,0.15,1,86.11
ORD-001861,East,Furniture,2024-08-26,475.61,332.68,0.31,3,142.93
ORD-001862,East,Clothing,2024-08-07,123.41,75.68,0.3,2,47.73
ORD-001863,East,Furniture,2024-08-06,147.35,106.95,0.2,1,40.4
ORD-001864,East,Groceries,2024-08-22,31.46,24.15,0.23,1,7.31
ORD-001865,East,Furniture,2024-08-13,674.49,482.79,0.17,4,191.7
ORD-001866,East,Electronics,2024-08-20,424.59,259.45,0.12,2,165.14
ORD-001867,East,Electronics,2024-08-27,773.03,498.58,0.14,4,274.45
ORD-001868,East,Clothing,2024-08-15,297.99,157.93,0.01,4,140.06
ORD-001869,East,Furniture,2024-08-06,365.03,271.89,0.05,3,93.14
ORD-001870,East,Furniture,2024-08-20,415.86,289.6,0.07,2,126.26
ORD-001871,East,Furniture,2024-08-13,733.06,517.87,0.1,4,215.19
ORD-001872,East,Clothing,2024-08-15,107.46,64.87,0.33,2,42.59
ORD-001873,East,Clothing,2024-08-09,104.53,58.85,0.19,2,45.68
ORD-001874,East,Furniture,2024-08-07,276.12,213.21,0.09,2,62.91
ORD-001875,East,Clothing,2024-08-19,176.47,95.64,0.07,3,80.83
ORD-001876,East,Electronics,2024-08-17,965.98,670.36,0.01,4,295.62
ORD-001877,East,Electronics,2024-08-05,257.06,152.83,0.07,1,104.23
ORD-001878,East,Clothing,2024-08-16,325.25,201.4,0.03,5,123.85
ORD-001879,East,Electronics,2024-08-03,725.24,514.29,0.19,4,210.95
ORD-001880,East,Clothing,2024-08-10,202.61,134.15,0.13,4,68.46
ORD-001881,East,Groceries,2024-08-18,30.55,21.18,0.23,1,9.37
ORD-001882,East,Furniture,2024-08-27,189.59,128.81,0.33,1,60.78
ORD-001883,East,Groceries,2024-08-17,85.75,58.05,0.03,3,27.7
ORD-001884,East,Electronics,2024-08-28,710.95,472.84,0.22,4,238.11
ORD-001885,East,Clothing,2024-08-06,131.53,80.59,0.2,2,50.94
ORD-001886,East,Electronics,2024-08-21,542.4,352.36,0.15,3,190.04
ORD-001887,East,Electronics,2024-08-23,197.0,138.41,0.31,1,58.59
ORD-001888,East,Furniture,2024-08-09,357.16,274.22,0.22,2,82.94
ORD-001889,East,Electronics,2024-08-15,1046.86,677.25,0.18,5,369.61
ORD-001890,East,Electronics,2024-08-23,641.21,411.61,0.22,3,229.6
ORD-001891,East,Groceries,2024-08-14,75.55,53.78,0.3,2,21.77
ORD-001892,East,Electronics,2024-08-20,413.67,294.05,0.33,2,119.62
ORD-001893,East,Furniture,2024-08-15,431.86,284.49,0.24,3,147.37
ORD-001894,East,Clothing,2024-08-15,170.11,111.47,0.04,3,58.64
ORD-001895,East,Clothing,2024-08-03,57.12,29.99,0.13,1,27.13
ORD-001896,East,Clothing,2024-08-15,55.43,34.36,0.05,1,21.07
ORD-001897,East,Electronics,2024-08-18,638.33,411.27,0.09,3,227.06
ORD-001898,East,Clothing,2024-08-03,122.12,65.88,0.23,2,56.24
ORD-001899,East,Furniture,2024-08-21,377.13,266.39,0.05,2,110.74
ORD-001900,East,Clothing,2024-08-04,166.24,103.97,0.02,3,62.27
ORD-001901,East,Electronics,2024-08-24,608.15,419.86,0.11,3,188.29
ORD-001902,East,Furniture,2024-08-22,919.75,676.15,0.03,5,243.6
ORD-001903,East,Groceries,2024-08-18,88.79,65.28,0.06,2,23.51
ORD-001904,East,Furniture,2024-08-21,744.01,522.28,0.07,4,221.73
ORD-001905,East,Clothing,2024-08-11,276.04,181.87,0.18,5,94.17
ORD-001906,East,Furniture,2024-08-28,448.94,346.72,0.24,3,102.22
ORD-001907,East,Clothing,2024-08-07,160.37,93.89,0.0,3,66.48
ORD-001908,East,Electronics,2024-08-17,244.62,142.87,0.26,1,101.75
ORD-001909,East,Groceries,2024-08-21,170.26,131.8,0.08,5,38.46
ORD-001910,East,Furniture,2024-08-27,378.32,282.28,0.34,2,96.04
ORD-001911,East,Electronics,2024-08-10,859.52,482.86,0.2,4,376.66
ORD-001912,East,Clothing,2024-08-18,253.69,159.06,0.05,4,94.63
ORD-001913,East,Groceries,2024-08-03,152.11,112.2,0.15,5,39.91
ORD-001914,East,Furniture,2024-08-06,308.07,233.04,0.28,2,75.03
ORD-001915,East,Electronics,2024-08-19,572.83,392.43,0.15,3,180.4
ORD-001916,East,Electronics,2024-08-27,839.47,515.39,0.27,4,324.08
ORD-001917,East,Electronics,2024-08-24,575.43,387.16,0.34,3,188.27
ORD-001918,East,Groceries,2024-08-26,63.12,44.07,0.34,2,19.05
ORD-001919,East,Groceries,2024-08-15,101.44,67.73,0.21,3,33.71
ORD-001920,East,Clothing,2024-08-12,171.1,103.54,0.01,3,67.56
ORD-001921,East,Groceries,2024-08-09,180.6,117.21,0.3,5,63.39
ORD-001922,East,Groceries,2024-08-03,102.68,74.81,0.06,3,27.87
ORD-001923,West,Electronics,2024-08-16,1122.49,707.24,0.15,5,415.25
ORD-001924,West,Electronics,2024-08-07,419.97,241.85,0.34,2,178.12
ORD-001925,West,Electronics,2024-08-09,656.63,443.26,0.32,3,213.37
ORD-001926,West,Clothing,2024-08-18,160.44,93.15,0.3,3,67.29
ORD-001927,West,Clothing,2024-08-01,192.73,108.0,0.03,4,84.73
ORD-001928,West,Groceries,2024-08-01,43.71,36.1,0.17,1,7.61
ORD-001929,West,Furniture,2024-08-17,310.93,202.99,0.09,2,107.94
ORD-001930,West,Clothing,2024-08-27,234.88,135.44,0.35,4,99.44
ORD-001931,West,Electronics,2024-08-03,267.29,150.15,0.06,1,117.14
ORD-001932,West,Clothing,2024-08-19,121.46,70.16,0.2,2,51.3
ORD-001933,West,Clothing,2024-08-23,253.72,156.9,0.31,4,96.82
ORD-001934,West,Groceries,2024-08-04,131.78,106.55,0.11,4,25.23
ORD-001935,West,Electronics,2024-08-17,972.37,655.56,0.18,5,316.81
ORD-001936,West,Electronics,2024-08-07,867.72,489.26,0.26,4,378.46
ORD-001937,West,Electronics,2024-08-13,1020.2,608.82,0.23,5,411.38
ORD-001938,West,Clothing,2024-08-03,203.59,128.25,0.25,3,75.34
ORD-001939,West,Furniture,2024-08-22,619.39,391.51,0.23,3,227.88
ORD-001940,West,Clothing,2024-08-23,110.57,66.0,0.23,2,44.57
ORD-001941,West,Electronics,2024-08-15,215.24,127.26,0.13,1,87.98
ORD-001942,West,Electronics,2024-08-26,684.71,394.89,0.01,4,289.82
ORD-001943,West,Electronics,2024-08-06,521.24,292.28,0.1,3,228.96
ORD-001944,West,Electronics,2024-08-12,237.63,154.97,0.24,1,82.66
ORD-001945,West,Clothing,2024-08-07,105.4,65.57,0.02,2,39.83
ORD-001946,West,Furniture,2024-08-22,409.41,277.12,0.22,2,132.29
ORD-001947,West,Electronics,2024-08-28,404.25,227.24,0.0,2,177.01
ORD-001948,West,Furniture,2024-08-25,217.96,167.19,0.19,1,50.77
ORD-001949,West,Furniture,2024-08-11,194.76,149.31,0.17,1,45.45
ORD-001950,West,Furniture,2024-08-15,807.51,525.01,0.25,4,282.5
ORD-001951,West,Clothing,2024-08-24,58.79,32.14,0.16,1,26.65
ORD-001952,West,Groceries,2024-08-28,122.45,84.02,0.06,3,38.43
ORD-001953,West,Clothing,2024-08-06,186.78,120.11,0.14,3,66.67
ORD-001954,West,Furniture,2024-08-02,177.91,130.0,0.13,1,47.91
ORD-001955,West,Electronics,2024-08-03,826.04,545.32,0.21,3,280.72
ORD-001956,West,Furniture,2024-08-15,191.81,133.71,0.02,1,58.1
ORD-001957,West,Groceries,2024-08-02,149.16,96.67,0.28,4,52.49
ORD-001958,West,Electronics,2024-08-26,205.54,140.84,0.23,1,64.7
ORD-001959,West,Electronics,2024-08-06,754.01,517.55,0.3,4,236.46
ORD-001960,West,Electronics,2024-08-10,534.37,308.34,0.23,2,226.03
ORD-001961,West,Furniture,2024-08-07,471.7,348.69,0.27,2,123.01
ORD-001962,West,Electronics,2024-08-26,255.29,162.39,0.0,1,92.9
ORD-001963,West,Groceries,2024-08-16,65.55,50.21,0.28,2,15.34
ORD-001964,West,Clothing,2024-08-26,136.92,75.48,0.25,2,61.44
ORD-001965,West,Furniture,2024-08-17,838.15,590.95,0.28,4,247.2
ORD-001966,West,Electronics,2024-08-25,1296.5,850.85,0.31,5,445.65
ORD-001967,West,Electronics,2024-08-10,1004.7,648.49,0.14,5,356.21
ORD-001968,West,Electronics,2024-08-25,1014.7,650.2,0.21,4,364.5
ORD-001969,West,Electronics,2024-08-03,205.01,135.51,0.01,1,69.5
ORD-001970,West,Clothing,2024-08-15,221.23,137.32,0.17,3,83.91
ORD-001971,West,Electronics,2024-08-25,469.59,282.74,0.1,2,186.85
ORD-001972,West,Clothing,2024-08-20,115.27,64.0,0.28,2,51.27
ORD-001973,West,Furniture,2024-08-09,583.67,438.47,0.08,3,145.2
ORD-001974,West,Clothing,2024-08-16,60.38,40.22,0.29,1,20.16
ORD-001975,West,Furniture,2024-08-20,337.53,249.29,0.05,2,88.24
ORD-001976,West,Furniture,2024-08-10,238.24,164.05,0.05,1,74.19
ORD-001977,West,Groceries,2024-08-01,137.77,98.54,0.22,4,39.23
ORD-001978,West,Electronics,2024-08-15,247.13,141.5,0.34,1,105.63
ORD-001979,West,Electronics,2024-08-18,702.16,469.02,0.29,4,233.14
ORD-001980,West,Electronics,2024-08-04,928.27,519.69,0.35,4,408.58
ORD-001981,West,Furniture,2024-08-18,776.55,585.09,0.28,5,191.46
ORD-001982,West,Electronics,2024-08-10,701.88,429.37,0.13,3,272.51
ORD-001983,West,Electronics,2024-08-10,491.62,297.9,0.06,2,193.72
ORD-001984,West,Furniture,2024-08-14,287.18,210.48,0.07,2,76.7
ORD-001985,West,Electronics,2024-08-09,857.37,531.01,0.34,4,326.36
ORD-001986,West,Electronics,2024-08-09,529.88,337.49,0.02,3,192.39
ORD-001987,West,Electronics,2024-08-27,551.73,362.18,0.28,2,189.55
ORD-001988,West,Electronics,2024-08-21,707.23,425.85,0.11,3,281.38
ORD-001989,West,Groceries,2024-08-07,104.05,84.76,0.06,3,19.29
ORD-001990,West,Groceries,2024-08-19,60.28,47.21,0.25,2,13.07
ORD-001991,West,Electronics,2024-08-28,979.42,682.63,0.22,4,296.79
ORD-001992,West,Furniture,2024-08-16,369.96,257.83,0.22,2,112.13
ORD-001993,West,Clothing,2024-08-10,48.96,30.07,0.15,1,18.89
ORD-001994,West,Groceries,2024-08-20,34.95,22.79,0.24,1,12.16
ORD-001995,West,Furniture,2024-08-24,813.2,499.59,0.14,5,313.61
ORD-001996,West,Clothing,2024-08-28,177.32,105.01,0.28,3,72.31
ORD-001997,West,Electronics,2024-08-17,416.89,258.24,0.34,2,158.65
ORD-001998,West,Electronics,2024-08-03,420.29,293.62,0.11,2,126.67
ORD-001999,West,Clothing,2024-08-05,146.42,88.26,0.06,3,58.16
ORD-002000,West,Clothing,2024-08-20,234.65,130.16,0.05,4,104.49
ORD-002001,West,Groceries,2024-08-19,32.71,25.3,0.29,1,7.41
ORD-002002,West,Electronics,2024-08-14,232.38,133.39,0.05,1,98.99
ORD-002003,West,Clothing,2024-08-25,60.59,31.95,0.34,1,28.64
ORD-002004,West,Electronics,2024-08-07,512.87,347.47,0.33,2,165.4
ORD-002005,West,Clothing,2024-08-19,325.5,185.34,0.33,5,140.16
ORD-002006,West,Groceries,2024-08-11,54.64,38.33,0.11,2,16.31
ORD-002007,West,Groceries,2024-08-01,97.26,79.53,0.19,3,17.73
ORD-002008,West,Furniture,2024-08-09,641.47,417.06,0.03,3,224.41
ORD-002009,West,Electronics,2024-08-05,408.21,228.48,0.33,2,179.73
ORD-002010,West,Electronics,2024-08-11,437.82,251.54,0.17,2,186.28
ORD-002011,West,Groceries,2024-08-16,79.65,62.16,0.24,2,17.49
ORD-002012,West,Furniture,2024-08-02,893.72,672.36,0.11,5,221.36
ORD-002013,West,Electronics,2024-08-15,809.32,452.66,0.02,4,356.66
ORD-002014,West,Furniture,2024-08-19,590.95,451.83,0.02,4,139.12
ORD-002015,West,Furniture,2024-08-10,685.71,476.5,0.28,3,209.21
ORD-002016,West,Electronics,2024-08-21,1054.2,679.87,0.13,5,374.33
ORD-002017,West,Furniture,2024-08-04,194.48,148.98,0.29,1,45.5
ORD-002018,West,Groceries,2024-08-05,34.81,24.55,0.31,1,10.26
ORD-002019,West,Electronics,2024-08-07,399.29,228.31,0.26,2,170.98
ORD-002020,West,Electronics,2024-08-19,510.97,333.4,0.07,3,177.57
ORD-002021,West,Electronics,2024-08-02,498.66,323.07,0.12,2,175.59
ORD-002022,West,Electronics,2024-08-07,712.38,410.63,0.11,3,301.75
ORD-002023,West,Furniture,2024-08-01,696.6,438.05,0.24,4,258.55
ORD-002024,West,Clothing,2024-08-23,63.88,40.47,0.15,1,23.41
ORD-002025,West,Furniture,2024-08-20,820.02,573.16,0.07,4,246.86
ORD-002026,West,Electronics,2024-08-11,216.6,134.87,0.0,1,81.73
ORD-002027,West,Furniture,2024-08-20,208.45,152.15,0.0,1,56.3
ORD-002028,West,Electronics,2024-08-20,242.02,161.97,0.23,1,80.05
ORD-002029,North,Clothing,2024-08-21,168.94,90.0,0.02,3,78.94
ORD-002030,North,Furniture,2024-08-15,545.55,364.92,0.1,3,180.63
ORD-002031,North,Clothing,2024-08-07,212.47,116.37,0.13,4,96.1
ORD-002032,North,Furniture,2024-08-09,907.11,591.47,0.12,5,315.64
ORD-002033,North,Electronics,2024-08-22,732.26,452.75,0.01,3,279.51
ORD-002034,North,Groceries,2024-08-23,32.15,26.1,0.11,1,6.05
ORD-002035,North,Clothing,2024-08-09,58.27,33.89,0.13,1,24.38
ORD-002036,North,Groceries,2024-08-24,98.42,64.95,0.09,3,33.47
ORD-002037,North,Electronics,2024-08-12,914.52,551.62,0.28,4,362.9
ORD-002038,North,Electronics,2024-08-20,724.58,472.12,0.12,4,252.46
ORD-002039,North,Electronics,2024-08-04,511.37,322.53,0.02,2,188.84
ORD-002040,North,Groceries,2024-08-19,115.09,83.66,0.33,4,31.43
ORD-002041,North,Electronics,2024-08-06,434.63,302.6,0.17,2,132.03
ORD-002042,North,Electronics,2024-08-09,220.53,151.97,0.12,1,68.56
ORD-002043,North,Electronics,2024-08-19,687.78,445.94,0.35,3,241.84
ORD-002044,North,Electronics,2024-08-17,395.06,254.07,0.3,2,140.99
ORD-002045,North,Clothing,2024-08-15,79.62,49.68,0.05,1,29.94
ORD-002046,North,Electronics,2024-08-14,576.84,411.2,0.25,3,165.64
ORD-002047,North,Groceries,2024-08-10,71.14,58.57,0.15,2,12.57
ORD-002048,North,Clothing,2024-08-15,224.28,135.95,0.08,4,88.33
ORD-002049,North,Electronics,2024-08-07,787.62,484.77,0.31,4,302.85
ORD-002050,North,Furniture,2024-08-24,197.59,121.18,0.07,1,76.41
ORD-002051,North,Groceries,2024-08-17,98.12,69.06,0.25,3,29.06
ORD-002052,North,Clothing,2024-08-28,186.48,123.09,0.14,3,63.39
ORD-002053,North,Groceries,2024-08-16,112.9,80.46,0.29,3,32.44
ORD-002054,North,Electronics,2024-08-14,396.39,266.81,0.17,2,129.58
ORD-002055,North,Clothing,2024-08-14,252.28,156.35,0.25,4,95.93
ORD-002056,North,Groceries,2024-08-16,95.37,73.47,0.03,3,21.9
ORD-002057,North,Electronics,2024-08-23,1193.95,758.39,0.35,5,435.56
ORD-002058,North,Electronics,2024-08-01,1210.05,721.07,0.25,5,488.98
ORD-002059,North,Clothing,2024-08-16,238.13,142.32,0.01,4,95.81
ORD-002060,North,Clothing,2024-08-18,184.26,118.01,0.27,3,66.25
ORD-002061,North,Electronics,2024-08-18,301.21,174.76,0.07,1,126.45
ORD-002062,North,Clothing,2024-08-27,328.66,198.62,0.23,5,130.04
ORD-002063,North,Furniture,2024-08-02,186.22,142.47,0.28,1,43.75
ORD-002064,North,Groceries,2024-08-05,173.88,130.98,0.07,5,42.9
ORD-002065,North,Electronics,2024-08-22,195.99,129.02,0.09,1,66.97
ORD-002066,North,Furniture,2024-08-01,714.2,500.01,0.11,4,214.19
ORD-002067,North,Groceries,2024-08-14,135.95,88.53,0.25,5,47.42
ORD-002068,North,Electronics,2024-08-06,828.77,496.37,0.22,4,332.4
ORD-002069,North,Furniture,2024-08-04,509.32,348.58,0.21,3,160.74
ORD-002070,North,Electronics,2024-08-18,1050.24,666.51,0.1,5,383.73
ORD-002071,North,Groceries,2024-08-07,63.85,51.92,0.15,2,11.93
ORD-002072,North,Electronics,2024-08-11,592.77,387.62,0.19,3,205.15
ORD-002073,North,Electronics,2024-08-24,1087.64,614.82,0.1,4,472.82
ORD-002074,North,Furniture,2024-08-26,706.03,455.81,0.13,4,250.22
ORD-002075,North,Clothing,2024-08-15,311.2,180.32,0.22,5,130.88
ORD-002076,North,Groceries,2024-08-19,142.74,110.61,0.09,4,32.13
ORD-002077,North,Groceries,2024-08-11,33.65,24.64,0.09,1,9.01
ORD-002078,North,Electronics,2024-08-17,454.1,312.16,0.14,2,141.94
ORD-002079,North,Electronics,2024-08-14,681.47,401.07,0.31,3,280.4
ORD-002080,North,Groceries,2024-08-02,76.58,58.52,0.09,2,18.06
ORD-002081,North,Clothing,2024-08-04,69.03,45.98,0.22,1,23.05
ORD-002082,North,Electronics,2024-08-13,953.88,597.13,0.32,4,356.75
ORD-002083,North,Groceries,2024-08-10,75.0,57.52,0.27,2,17.48
ORD-002084,North,Furniture,2024-08-02,658.07,471.71,0.27,4,186.36
ORD-002085,North,Clothing,2024-08-17,126.33,66.26,0.27,2,60.07
ORD-002086,North,Furniture,2024-08-22,582.61,396.91,0.32,3,185.7
ORD-002087,North,Electronics,2024-08-02,850.86,553.19,0.33,4,297.67
ORD-002088,North,Groceries,2024-08-21,136.05,99.92,0.31,4,36.13
ORD-002089,North,Furniture,2024-08-27,685.04,431.99,0.18,4,253.05
ORD-002090,North,Clothing,2024-08-02,289.07,180.95,0.05,5,108.12
ORD-002091,North,Furniture,2024-08-20,174.44,122.13,0.33,1,52.31
ORD-002092,North,Groceries,2024-08-14,63.54,50.01,0.09,2,13.53
ORD-002093,North,Groceries,2024-08-17,65.16,48.75,0.19,2,16.41
ORD-002094,North,Groceries,2024-08-07,29.54,19.31,0.27,1,10.23
ORD-002095,North,Groceries,2024-08-12,80.14,63.54,0.3,2,16.6
ORD-002096,North,Electronics,2024-08-15,1192.06,700.65,0.22,5,491.41
ORD-002097,North,Furniture,2024-08-05,1034.71,690.35,0.33,5,344.36
ORD-002098,North,Furniture,2024-08-15,493.23,335.45,0.29,3,157.78
ORD-002099,North,Clothing,2024-08-22,199.03,111.44,0.03,3,87.59
ORD-002100,North,Clothing,2024-08-12,297.04,175.27,0.15,5,121.77
ORD-002101,South,Clothing,2024-08-28,58.71,35.53,0.02,1,23.18
ORD-002102,South,Clothing,2024-08-18,183.12,116.89,0.16,3,66.23
ORD-002103,South,Electronics,2024-08-14,407.78,284.29,0.26,2,123.49
ORD-002104,South,Clothing,2024-08-25,114.15,66.73,0.04,2,47.42
ORD-002105,South,Furniture,2024-08-27,812.31,603.17,0.07,5,209.14
ORD-002106,South,Electronics,2024-08-25,216.77,140.58,0.13,1,76.19
ORD-002107,South,Electronics,2024-08-19,186.64,126.64,0.17,1,60.0
ORD-002108,South,Furniture,2024-08-26,480.3,334.49,0.24,3,145.81
ORD-002109,South,Electronics,2024-08-02,1112.61,725.56,0.06,4,387.05
ORD-002110,South,Electronics,2024-08-28,888.28,583.24,0.03,4,305.04
ORD-002111,South,Groceries,2024-08-25,37.41,26.33,0.24,1,11.08
ORD-002112,South,Groceries,2024-08-23,183.13,139.66,0.11,5,43.47
ORD-002113,South,Furniture,2024-08-23,522.78,340.51,0.25,3,182.27
ORD-002114,South,Furniture,2024-08-23,366.21,245.02,0.09,2,121.19
ORD-002115,South,Clothing,2024-08-22,65.49,38.73,0.05,1,26.76
ORD-002116,South,Clothing,2024-08-28,173.09,95.95,0.22,3,77.14
ORD-002117,South,Electronics,2024-08-01,962.86,552.59,0.07,5,410.27
ORD-002118,South,Clothing,2024-08-09,304.14,200.61,0.2,5,103.53
ORD-002119,South,Furniture,2024-08-22,203.45,139.32,0.17,1,64.13
ORD-002120,South,Groceries,2024-08-23,97.33,75.3,0.19,3,22.03
ORD-002121,South,Groceries,2024-08-25,113.82,93.95,0.31,4,19.87
ORD-002122,South,Furniture,2024-08-02,197.32,146.8,0.04,1,50.52
ORD-002123,South,Furniture,2024-08-17,179.6,135.78,0.27,1,43.82
ORD-002124,South,Furniture,2024-08-04,338.53,217.61,0.2,2,120.92
ORD-002125,South,Groceries,2024-08-16,147.93,113.9,0.29,4,34.03
ORD-002126,South,Furniture,2024-08-14,560.47,401.57,0.1,3,158.9
ORD-002127,South,Furniture,2024-08-22,745.88,527.98,0.06,4,217.9
ORD-002128,South,Electronics,2024-08-01,846.15,601.55,0.35,4,244.6
ORD-002129,South,Clothing,2024-08-18,62.02,40.44,0.18,1,21.58
ORD-002130,South,Electronics,2024-08-20,541.42,323.77,0.16,2,217.65
ORD-002131,South,Furniture,2024-08-11,946.92,640.43,0.33,5,306.49
ORD-002132,South,Clothing,2024-08-01,169.54,107.5,0.18,3,62.04
ORD-002133,South,Furniture,2024-08-24,382.34,244.36,0.11,2,137.98
ORD-002134,South,Electronics,2024-08-20,1199.92,789.48,0.16,5,410.44
ORD-002135,South,Groceries,2024-08-14,131.12,106.22,0.06,4,24.9
ORD-002136,South,Clothing,2024-08-07,94.14,57.82,0.1,2,36.32
ORD-002137,South,Electronics,2024-08-13,672.17,458.02,0.01,3,214.15
ORD-002138,South,Electronics,2024-08-12,238.42,138.56,0.12,1,99.86
ORD-002139,South,Groceries,2024-08-14,40.04,29.44,0.16,1,10.6
ORD-002140,South,Clothing,2024-08-08,213.68,134.4,0.05,3,79.28
ORD-002141,South,Electronics,2024-08-05,1132.77,775.41,0.18,5,357.36
ORD-002142,South,Groceries,2024-08-05,31.04,21.14,0.11,1,9.9
ORD-002143,South,Groceries,2024-08-25,62.44,43.27,0.21,2,19.17
ORD-002144,South,Electronics,2024-08-16,725.64,437.63,0.1,3,288.01
ORD-002145,South,Electronics,2024-08-27,899.92,583.79,0.11,4,316.13
ORD-002146,South,Clothing,2024-08-03,264.64,166.7,0.25,4,97.94
ORD-002147,South,Electronics,2024-08-10,764.82,439.14,0.06,4,325.68
ORD-002148,South,Furniture,2024-08-08,732.34,534.17,0.18,4,198.17
ORD-002149,South,Clothing,2024-08-13,294.41,155.48,0.11,5,138.93
ORD-002150,South,Clothing,2024-08-10,288.53,165.05,0.25,4,123.48
ORD-002151,South,Electronics,2024-08-21,1057.72,694.36,0.09,5,363.36
ORD-002152,South,Clothing,2024-08-07,64.3,40.15,0.02,1,24.15
ORD-002153,South,Clothing,2024-08-15,189.83,110.67,0.21,3,79.16
ORD-002154,South,Clothing,2024-08-26,172.32,105.71,0.24,3,66.61
ORD-002155,South,Clothing,2024-08-14,63.14,39.94,0.11,1,23.2
ORD-002156,South,Electronics,2024-08-16,634.99,357.6,0.02,3,277.39
ORD-002157,South,Clothing,2024-08-28,288.96,157.0,0.29,4,131.96
ORD-002158,South,Electronics,2024-08-28,984.41,584.8,0.17,4,399.61
ORD-002159,East,Clothing,2024-09-03,340.45,221.9,0.08,5,118.55
ORD-002160,East,Furniture,2024-09-24,721.43,448.92,0.1,4,272.51
ORD-002161,East,Electronics,2024-09-25,1041.91,691.78,0.34,4,350.13
ORD-002162,East,Electronics,2024-09-22,455.42,261.47,0.06,2,193.95
ORD-002163,East,Electronics,2024-09-12,719.64,428.92,0.02,4,290.72
ORD-002164,East,Clothing,2024-09-01,265.17,174.14,0.25,4,91.03
ORD-002165,East,Furniture,2024-09-19,373.3,287.59,0.34,2,85.71
ORD-002166,East,Furniture,2024-09-18,671.09,410.83,0.18,4,260.26
ORD-002167,East,Clothing,2024-09-21,68.5,38.69,0.06,1,29.81
ORD-002168,East,Furniture,2024-09-26,698.74,470.39,0.09,4,228.35
ORD-002169,East,Clothing,2024-09-21,237.9,137.6,0.04,4,100.3
ORD-002170,East,Clothing,2024-09-18,240.19,157.38,0.23,4,82.81
ORD-002171,East,Groceries,2024-09-14,165.56,135.21,0.34,5,30.35
ORD-002172,East,Groceries,2024-09-23,152.6,104.66,0.13,4,47.94
ORD-002173,East,Groceries,2024-09-11,141.97,115.58,0.34,4,26.39
ORD-002174,East,Groceries,2024-09-16,123.9,102.31,0.08,4,21.59
ORD-002175,East,Electronics,2024-09-27,1014.44,650.38,0.05,5,364.06
ORD-002176,East,Furniture,2024-09-27,609.88,415.2,0.19,3,194.68
ORD-002177,East,Groceries,2024-09-26,147.92,112.04,0.1,4,35.88
ORD-002178,East,Furniture,2024-09-07,946.08,672.0,0.12,5,274.08
ORD-002179,East,Electronics,2024-09-05,433.59,289.76,0.08,2,143.83
ORD-002180,East,Electronics,2024-09-28,646.79,450.74,0.21,3,196.05
ORD-002181,East,Clothing,2024-09-16,183.27,118.18,0.29,3,65.09
ORD-002182,East,Furniture,2024-09-22,176.1,134.99,0.28,1,41.11
ORD-002183,East,Electronics,2024-09-25,771.75,519.41,0.04,4,252.34
ORD-002184,East,Clothing,2024-09-19,143.8,93.5,0.2,3,50.3
ORD-002185,East,Groceries,2024-09-19,151.93,125.11,0.2,4,26.82
ORD-002186,East,Furniture,2024-09-12,912.57,664.95,0.15,5,247.62
ORD-002187,East,Groceries,2024-09-28,146.0,100.98,0.25,4,45.02
ORD-002188,East,Electronics,2024-09-24,1194.73,840.13,0.13,5,354.6
ORD-002189,East,Electronics,2024-09-28,829.71,573.99,0.32,4,255.72
ORD-002190,East,Furniture,2024-09-13,573.43,433.58,0.34,3,139.85
ORD-002191,East,Electronics,2024-09-21,209.68,136.86,0.28,1,72.82
ORD-002192,East,Groceries,2024-09-13,113.94,79.03,0.05,4,34.91
ORD-002193,East,Furniture,2024-09-25,343.89,229.01,0.26,2,114.88
ORD-002194,East,Electronics,2024-09-08,205.81,117.44,0.15,1,88.37
ORD-002195,East,Furniture,2024-09-07,174.5,113.38,0.12,1,61.12
ORD-002196,East,Groceries,2024-09-13,163.69,117.46,0.34,5,46.23
ORD-002197,East,Electronics,2024-09-25,197.14,139.23,0.11,1,57.91
ORD-002198,East,Electronics,2024-09-15,1397.87,943.16,0.23,5,454.71
ORD-002199,East,Clothing,2024-09-06,272.53,154.56,0.35,4,117.97
ORD-002200,East,Clothing,2024-09-17,157.96,95.95,0.19,3,62.01
ORD-002201,East,Electronics,2024-09-19,1034.95,708.41,0.02,5,326.54
ORD-002202,East,Clothing,2024-09-05,175.0,113.15,0.03,3,61.85
ORD-002203,East,Clothing,2024-09-18,251.12,137.37,0.28,5,113.75
ORD-002204,East,Furniture,2024-09-13,959.97,650.43,0.18,4,309.54
ORD-002205,East,Electronics,2024-09-12,892.61,567.0,0.06,4,325.61
ORD-002206,East,Furniture,2024-09-13,184.49,141.16,0.19,1,43.33
ORD-002207,East,Clothing,2024-09-03,262.58,149.07,0.12,5,113.51
ORD-002208,East,Electronics,2024-09-03,206.57,122.97,0.1,1,83.6
ORD-002209,East,Electronics,2024-09-28,421.42,295.89,0.3,2,125.53
ORD-002210,East,Groceries,2024-09-14,66.15,46.76,0.1,2,19.39
ORD-002211,East,Clothing,2024-09-01,58.33,36.22,0.04,1,22.11
ORD-002212,East,Electronics,2024-09-04,420.33,243.62,0.05,2,176.71
ORD-002213,East,Electronics,2024-09-22,1003.45,565.43,0.32,4,438.02
ORD-002214,East,Groceries,2024-09-06,102.46,69.87,0.25,3,32.59
ORD-002215,East,Electronics,2024-09-27,996.38,646.85,0.0,5,349.53
ORD-002216,East,Groceries,2024-09-21,33.47,22.12,0.25,1,11.35
ORD-002217,East,Clothing,2024-09-27,259.48,154.56,0.15,5,104.92
ORD-002218,East,Clothing,2024-09-26,131.04,72.72,0.01,2,58.32
ORD-002219,East,Clothing,2024-09-25,129.45,75.04,0.33,2,54.41
ORD-002220,East,Furniture,2024-09-07,637.42,434.33,0.04,3,203.09
ORD-002221,East,Clothing,2024-09-17,121.22,74.01,0.01,2,47.21
ORD-002222,East,Electronics,2024-09-05,837.27,562.64,0.04,3,274.63
ORD-002223,East,Clothing,2024-09-05,253.16,138.12,0.18,5,115.04
ORD-002224,East,Clothing,2024-09-23,242.13,148.03,0.27,4,94.1
ORD-002225,East,Electronics,2024-09-03,407.42,233.12,0.31,2,174.3
ORD-002226,East,Furniture,2024-09-15,544.51,367.63,0.23,3,176.88
ORD-002227,East,Electronics,2024-09-14,1064.49,634.95,0.1,4,429.54
ORD-002228,East,Clothing,2024-09-19,151.5,80.44,0.35,2,71.06
ORD-002229,East,Electronics,2024-09-24,1342.34,872.15,0.15,5,470.19
ORD-002230,East,Clothing,2024-09-21,240.8,153.37,0.03,4,87.43
ORD-002231,East,Furniture,2024-09-19,320.67,221.5,0.08,2,99.17
ORD-002232,East,Furniture,2024-09-08,558.55,385.75,0.27,3,172.8
ORD-002233,East,Electronics,2024-09-06,930.38,526.44,0.08,4,403.94
ORD-002234,East,Furniture,2024-09-14,175.03,123.8,0.31,1,51.23
ORD-002235,East,Furniture,2024-09-09,195.1,123.93,0.2,1,71.17
ORD-002236,East,Clothing,2024-09-02,108.46,61.63,0.11,2,46.83
ORD-002237,East,Groceries,2024-09-06,32.66,23.24,0.05,1,9.42
ORD-002238,East,Electronics,2024-09-12,504.08,288.44,0.21,2,215.64
ORD-002239,East,Furniture,2024-09-03,907.12,599.06,0.34,4,308.06
ORD-002240,East,Groceries,2024-09-13,207.28,165.47,0.13,5,41.81
ORD-002241,East,Electronics,2024-09-16,1204.37,830.72,0.26,4,373.65
ORD-002242,East,Groceries,2024-09-21,172.5,127.31,0.35,5,45.19
ORD-002243,East,Groceries,2024-09-24,180.07,135.41,0.09,5,44.66
ORD-002244,West,Electronics,2024-09-07,227.3,147.48,0.2,1,79.82
ORD-002245,West,Electronics,2024-09-03,1285.38,786.72,0.0,5,498.66
ORD-002246,West,Clothing,2024-09-07,315.88,180.23,0.18,5,135.65
ORD-002247,West,Groceries,2024-09-05,126.21,97.51,0.02,4,28.7
ORD-002248,West,Groceries,2024-09-27,198.9,163.13,0.14,5,35.77
ORD-002249,West,Furniture,2024-09-03,186.75,122.05,0.17,1,64.7
ORD-002250,West,Furniture,2024-09-07,1025.36,659.11,0.11,5,366.25
ORD-002251,West,Electronics,2024-09-20,455.05,305.84,0.02,2,149.21
ORD-002252,West,Furniture,2024-09-28,340.78,232.8,0.01,2,107.98
ORD-002253,West,Electronics,2024-09-13,206.21,131.65,0.32,1,74.56
ORD-002254,West,Electronics,2024-09-04,1055.13,664.04,0.31,4,391.09
ORD-002255,West,Electronics,2024-09-18,708.05,413.94,0.28,3,294.11
ORD-002256,West,Clothing,2024-09-23,209.4,122.49,0.05,3,86.91
ORD-002257,West,Groceries,2024-09-02,161.26,130.57,0.11,5,30.69
ORD-002258,West,Furniture,2024-09-09,185.33,119.49,0.16,1,65.84
ORD-002259,West,Furniture,2024-09-10,362.31,230.37,0.25,2,131.94
ORD-002260,West,Electronics,2024-09-09,602.32,378.51,0.25,3,223.81
ORD-002261,West,Furniture,2024-09-25,863.22,651.34,0.25,5,211.88
ORD-002262,West,Electronics,2024-09-28,462.09,298.87,0.06,2,163.22
ORD-002263,West,Electronics,2024-09-18,1032.11,684.04,0.13,5,348.07
ORD-002264,West,Furniture,2024-09-06,170.26,106.39,0.29,1,63.87
ORD-002265,West,Furniture,2024-09-27,148.48,103.72,0.29,1,44.76
ORD-002266,West,Groceries,2024-09-21,195.71,149.75,0.04,5,45.96
ORD-002267,West,Electronics,2024-09-20,366.08,213.29,0.03,2,152.79
ORD-002268,West,Groceries,2024-09-04,134.93,104.95,0.3,4,29.98
ORD-002269,West,Furniture,2024-09-16,602.61,393.23,0.26,4,209.38
ORD-002270,West,Groceries,2024-09-09,68.21,47.49,0.02,2,20.72
ORD-002271,West,Electronics,2024-09-01,638.65,381.7,0.24,3,256.95
ORD-002272,West,Furniture,2024-09-24,379.14,255.71,0.03,2,123.43
ORD-002273,West,Clothing,2024-09-01,138.64,73.44,0.31,2,65.2
ORD-002274,West,Electronics,2024-09-14,209.62,138.18,0.1,1,71.44
ORD-002275,West,Groceries,2024-09-21,33.24,23.68,0.29,1,9.56
ORD-002276,West,Clothing,2024-09-12,101.1,53.34,0.03,2,47.76
ORD-002277,West,Electronics,2024-09-01,474.96,328.13,0.28,2,146.83
ORD-002278,West,Groceries,2024-09-18,129.62,86.89,0.24,3,42.73
ORD-002279,West,Electronics,2024-09-15,1019.26,706.29,0.08,4,312.97
ORD-002280,West,Clothing,2024-09-03,316.81,166.67,0.06,5,150.14
ORD-002281,West,Clothing,2024-09-11,303.81,202.11,0.19,5,101.7
ORD-002282,West,Furniture,2024-09-15,673.93,466.32,0.21,4,207.61
ORD-002283,West,Groceries,2024-09-09,59.35,38.5,0.3,2,20.85
ORD-002284,West,Electronics,2024-09-08,849.15,550.74,0.04,5,298.41
ORD-002285,West,Electronics,2024-09-10,839.89,524.72,0.08,4,315.17
ORD-002286,West,Furniture,2024-09-12,188.76,143.15,0.01,1,45.61
ORD-002287,West,Groceries,2024-09-23,32.94,25.64,0.27,1,7.3
ORD-002288,West,Clothing,2024-09-17,189.86,100.74,0.25,3,89.12
ORD-002289,West,Electronics,2024-09-07,483.52,329.0,0.28,2,154.52
ORD-002290,West,Groceries,2024-09-02,137.98,110.45,0.13,4,27.53
ORD-002291,West,Clothing,2024-09-17,281.71,158.34,0.23,4,123.37
ORD-002292,West,Electronics,2024-09-25,215.43,123.93,0.25,1,91.5
ORD-002293,West,Furniture,2024-09-06,592.14,434.83,0.21,4,157.31
ORD-002294,West,Groceries,2024-09-16,204.73,139.65,0.05,5,65.08
ORD-002295,West,Furniture,2024-09-13,824.82,566.78,0.21,4,258.04
ORD-002296,West,Groceries,2024-09-28,30.14,24.42,0.28,1,5.72
ORD-002297,West,Electronics,2024-09-10,985.98,651.71,0.19,4,334.27
ORD-002298,West,Furniture,2024-09-22,766.52,518.99,0.3,5,247.53
ORD-002299,West,Groceries,2024-09-22,186.17,124.41,0.07,4,61.76
ORD-002300,West,Furniture,2024-09-07,368.84,267.79,0.15,2,101.05
ORD-002301,West,Electronics,2024-09-11,1016.45,679.64,0.03,5,336.81
ORD-002302,West,Groceries,2024-09-04,170.55,141.02,0.07,5,29.53
ORD-002303,West,Electronics,2024-09-18,454.95,260.34,0.0,2,194.61
ORD-002304,West,Electronics,2024-09-15,460.01,312.13,0.3,2,147.88
ORD-002305,West,Electronics,2024-09-10,1072.44,646.08,0.08,5,426.36
ORD-002306,West,Clothing,2024-09-10,156.71,97.12,0.29,3,59.59
ORD-002307,West,Electronics,2024-09-06,521.02,316.58,0.23,3,204.44
ORD-002308,West,Clothing,2024-09-15,50.26,27.27,0.17,1,22.99
ORD-002309,West,Furniture,2024-09-22,156.04,119.69,0.34,1,36.35
ORD-002310,West,Clothing,2024-09-03,172.39,105.21,0.21,3,67.18
ORD-002311,West,Electronics,2024-09-17,526.63,321.53,0.29,2,205.1
ORD-002312,West,Furniture,2024-09-15,610.52,432.07,0.07,4,178.45
ORD-002313,West,Furniture,2024-09-10,854.71,544.25,0.35,5,310.46
ORD-002314,West,Clothing,2024-09-12,61.65,35.65,0.25,1,26.0
ORD-002315,West,Clothing,2024-09-20,306.65,180.36,0.23,5,126.29
ORD-002316,West,Furniture,2024-09-18,173.09,128.78,0.0,1,44.31
ORD-002317,West,Electronics,2024-09-09,499.55,318.01,0.13,2,181.54
ORD-002318,West,Furniture,2024-09-13,810.34,628.5,0.3,5,181.84
ORD-002319,West,Groceries,2024-09-06,177.54,134.09,0.23,5,43.45
ORD-002320,West,Electronics,2024-09-21,186.98,111.96,0.11,1,75.02
ORD-002321,West,Groceries,2024-09-21,164.53,130.89,0.28,5,33.64
ORD-002322,West,Furniture,2024-09-22,826.51,576.53,0.04,4,249.98
ORD-002323,West,Furniture,2024-09-15,197.84,136.64,0.23,1,61.2
ORD-002324,West,Clothing,2024-09-02,354.2,202.94,0.29,5,151.26
ORD-002325,West,Groceries,2024-09-09,137.74,103.57,0.34,5,34.17
ORD-002326,West,Electronics,2024-09-16,195.18,118.22,0.02,1,76.96
ORD-002327,West,Electronics,2024-09-13,943.37,628.78,0.06,4,314.59
ORD-002328,West,Groceries,2024-09-11,145.31,97.25,0.29,5,48.06
ORD-002329,West,Groceries,2024-09-24,30.16,21.51,0.25,1,8.65
ORD-002330,West,Furniture,2024-09-12,441.09,291.73,0.14,2,149.36
ORD-002331,West,Groceries,2024-09-09,183.61,129.22,0.27,5,54.39
ORD-002332,West,Groceries,2024-09-04,30.74,23.06,0.23,1,7.68
ORD-002333,West,Clothing,2024-09-27,105.06,59.41,0.2,2,45.65
ORD-002334,West,Furniture,2024-09-14,941.29,599.79,0.33,5,341.5
ORD-002335,West,Electronics,2024-09-17,655.02,366.71,0.08,3,288.31
ORD-002336,West,Furniture,2024-09-15,381.54,275.6,0.08,2,105.94
ORD-002337,West,Electronics,2024-09-01,1372.15,842.58,0.33,5,529.57
ORD-002338,West,Electronics,2024-09-15,257.43,171.55,0.22,1,85.88
ORD-002339,West,Electronics,2024-09-18,197.83,134.09,0.07,1,63.74
ORD-002340,West,Clothing,2024-09-18,285.53,156.33,0.23,5,129.2
ORD-002341,West,Clothing,2024-09-14,139.54,76.21,0.1,2,63.33
ORD-002342,West,Clothing,2024-09-12,280.5,176.52,0.24,5,103.98
ORD-002343,West,Clothing,2024-09-18,242.82,133.72,0.29,4,109.1
ORD-002344,West,Groceries,2024-09-14,197.54,163.49,0.17,5,34.05
ORD-002345,West,Clothing,2024-09-19,128.03,67.71,0.16,2,60.32
ORD-002346,West,Clothing,2024-09-10,58.53,36.11,0.24,1,22.42
ORD-002347,West,Electronics,2024-09-14,1262.43,752.69,0.03,5,509.74
ORD-002348,West,Electronics,2024-09-06,1282.13,803.11,0.09,5,479.02
ORD-002349,West,Groceries,2024-09-15,187.39,142.85,0.01,5,44.54
ORD-002350,West,Groceries,2024-09-25,69.65,51.84,0.16,2,17.81
ORD-002351,West,Furniture,2024-09-22,922.26,592.02,0.02,5,330.24
ORD-002352,West,Electronics,2024-09-08,394.29,274.55,0.08,2,119.74
ORD-002353,West,Electronics,2024-09-07,950.15,621.06,0.19,4,329.09
ORD-002354,West,Groceries,2024-09-28,191.37,151.75,0.13,5,39.62
ORD-002355,West,Furniture,2024-09-10,812.97,521.29,0.08,5,291.68
ORD-002356,West,Electronics,2024-09-18,494.66,276.28,0.18,2,218.38
ORD-002357,West,Furniture,2024-09-23,830.4,515.06,0.22,5,315.34
ORD-002358,North,Groceries,2024-09-17,113.67,80.09,0.14,3,33.58
ORD-002359,North,Groceries,2024-09-04,184.19,119.74,0.17,5,64.45
ORD-002360,North,Electronics,2024-09-17,462.07,260.2,0.06,2,201.87
ORD-002361,North,Furniture,2024-09-08,712.12,551.05,0.04,4,161.07
ORD-002362,North,Furniture,2024-09-13,347.24,228.95,0.25,2,118.29
ORD-002363,North,Clothing,2024-09-23,287.44,175.33,0.31,5,112.11
ORD-002364,North,Groceries,2024-09-26,68.94,56.9,0.29,2,12.04
ORD-002365,North,Clothing,2024-09-19,302.77,177.43,0.26,4,125.34
ORD-002366,North,Clothing,2024-09-21,300.97,165.43,0.12,5,135.54
ORD-002367,North,Furniture,2024-09-21,574.81,433.22,0.28,3,141.59
ORD-002368,North,Furniture,2024-09-04,542.77,414.02,0.23,3,128.75
ORD-002369,North,Groceries,2024-09-28,149.51,116.35,0.19,5,33.16
ORD-002370,North,Furniture,2024-09-07,306.2,197.02,0.22,2,109.18
ORD-002371,North,Electronics,2024-09-13,1060.02,663.49,0.3,5,396.53
ORD-002372,North,Furniture,2024-09-03,354.14,262.27,0.04,2,91.87
ORD-002373,North,Clothing,2024-09-06,201.41,110.33,0.26,3,91.08
ORD-002374,North,Electronics,2024-09-08,525.87,352.17,0.1,3,173.7
ORD-002375,North,Furniture,2024-09-10,192.79,125.41,0.33,1,67.38
ORD-002376,North,Electronics,2024-09-03,201.5,114.75,0.16,1,86.75
ORD-002377,North,Electronics,2024-09-25,854.13,507.5,0.16,4,346.63
ORD-002378,North,Electronics,2024-09-06,702.85,403.99,0.07,3,298.86
ORD-002379,North,Groceries,2024-09-19,167.46,116.26,0.3,5,51.2
ORD-002380,North,Furniture,2024-09-05,191.11,118.9,0.14,1,72.21
ORD-002381,North,Clothing,2024-09-18,124.08,71.13,0.03,2,52.95
ORD-002382,North,Groceries,2024-09-05,105.45,72.81,0.32,3,32.64
ORD-002383,North,Clothing,2024-09-13,71.95,38.11,0.31,1,33.84
ORD-002384,North,Electronics,2024-09-11,772.18,550.44,0.32,3,221.74
ORD-002385,North,Furniture,2024-09-07,927.28,638.36,0.11,5,288.92
ORD-002386,North,Electronics,2024-09-19,707.23,493.77,0.17,4,213.46
ORD-002387,North,Furniture,2024-09-15,787.38,565.61,0.27,5,221.77
ORD-002388,North,Electronics,2024-09-09,490.1,311.88,0.19,2,178.22
ORD-002389,North,Clothing,2024-09-17,342.22,218.53,0.32,5,123.69
ORD-002390,North,Electronics,2024-09-04,813.34,530.05,0.13,4,283.29
ORD-002391,North,Furniture,2024-09-20,534.16,339.64,0.03,3,194.52
ORD-002392,North,Furniture,2024-09-26,813.11,547.14,0.32,5,265.97
ORD-002393,North,Furniture,2024-09-15,629.25,463.98,0.25,3,165.27
ORD-002394,North,Clothing,2024-09-10,56.77,31.02,0.34,1,25.75
ORD-002395,North,Electronics,2024-09-19,991.52,577.51,0.13,5,414.01
ORD-002396,North,Electronics,2024-09-16,187.66,117.22,0.35,1,70.44
ORD-002397,North,Electronics,2024-09-11,695.37,482.51,0.11,3,212.86
ORD-002398,North,Clothing,2024-09-25,309.07,189.5,0.05,5,119.57
ORD-002399,North,Electronics,2024-09-18,880.36,523.72,0.1,4,356.64
ORD-002400,North,Furniture,2024-09-14,368.48,249.77,0.04,2,118.71
ORD-002401,North,Groceries,2024-09-18,110.52,80.05,0.15,3,30.47
ORD-002402,North,Clothing,2024-09-18,58.03,36.16,0.04,1,21.87
ORD-002403,North,Electronics,2024-09-01,243.37,152.0,0.26,1,91.37
ORD-002404,North,Electronics,2024-09-18,1057.41,652.63,0.25,5,404.78
ORD-002405,North,Electronics,2024-09-10,637.75,426.62,0.07,3,211.13
ORD-002406,North,Groceries,2024-09-28,124.98,87.73,0.23,3,37.25
ORD-002407,North,Electronics,2024-09-25,909.17,532.18,0.11,4,376.99
ORD-002408,North,Clothing,2024-09-25,123.41,73.01,0.26,2,50.4
ORD-002409,North,Groceries,2024-09-22,142.05,108.46,0.3,4,33.59
ORD-002410,North,Electronics,2024-09-11,1224.41,760.82,0.27,5,463.59
ORD-002411,North,Electronics,2024-09-16,453.25,315.98,0.29,2,137.27
ORD-002412,North,Furniture,2024-09-20,917.21,693.12,0.25,4,224.09
ORD-002413,North,Electronics,2024-09-28,211.67,138.73,0.06,1,72.94
ORD-002414,North,Clothing,2024-09-02,155.4,91.63,0.35,2,63.77
ORD-002415,North,Electronics,2024-09-18,443.85,305.6,0.1,2,138.25
ORD-002416,North,Furniture,2024-09-27,207.22,142.3,0.31,1,64.92
ORD-002417,North,Electronics,2024-09-11,753.46,514.97,0.33,3,238.49
ORD-002418,North,Clothing,2024-09-18,187.02,97.96,0.06,3,89.06
ORD-002419,North,Electronics,2024-09-04,427.48,247.57,0.03,2,179.91
ORD-002420,North,Furniture,2024-09-07,517.93,329.84,0.09,3,188.09
ORD-002421,North,Furniture,2024-09-22,655.35,484.79,0.22,4,170.56
ORD-002422,North,Groceries,2024-09-15,72.23,52.16,0.11,2,20.07
ORD-002423,North,Electronics,2024-09-05,425.5,241.08,0.24,2,184.42
ORD-002424,North,Groceries,2024-09-14,98.08,71.12,0.12,3,26.96
ORD-002425,North,Groceries,2024-09-20,194.34,143.98,0.25,5,50.36
ORD-002426,North,Clothing,2024-09-02,300.83,157.6,0.18,4,143.23
ORD-002427,North,Groceries,2024-09-18,140.04,114.09,0.06,4,25.95
ORD-002428,North,Electronics,2024-09-26,462.4,306.97,0.09,2,155.43
ORD-002429,North,Groceries,2024-09-22,33.11,22.78,0.18,1,10.33
ORD-002430,South,Groceries,2024-09-16,67.12,51.92,0.18,2,15.2
ORD-002431,South,Furniture,2024-09-03,541.28,401.22,0.01,3,140.06
ORD-002432,South,Electronics,2024-09-26,752.63,420.46,0.11,3,332.17
ORD-002433,South,Clothing,2024-09-12,193.69,113.99,0.07,4,79.7
ORD-002434,South,Clothing,2024-09-03,303.64,165.98,0.02,5,137.66
ORD-002435,South,Electronics,2024-09-25,770.51,463.19,0.05,4,307.32
ORD-002436,South,Clothing,2024-09-13,114.14,70.58,0.19,2,43.56
ORD-002437,South,Clothing,2024-09-02,268.21,177.2,0.1,5,91.01
ORD-002438,South,Clothing,2024-09-06,50.8,32.2,0.33,1,18.6
ORD-002439,South,Electronics,2024-09-20,407.87,241.57,0.22,2,166.3
ORD-002440,South,Clothing,2024-09-22,130.89,72.16,0.05,3,58.73
ORD-002441,South,Electronics,2024-09-13,874.36,548.71,0.23,4,325.65
ORD-002442,South,Furniture,2024-09-09,1022.92,740.02,0.12,5,282.9
ORD-002443,South,Groceries,2024-09-14,186.71,137.23,0.24,5,49.48
ORD-002444,South,Furniture,2024-09-24,190.84,131.97,0.3,1,58.87
ORD-002445,South,Furniture,2024-09-12,418.05,281.61,0.14,2,136.44
ORD-002446,South,Electronics,2024-09-17,228.53,135.44,0.2,1,93.09
ORD-002447,South,Electronics,2024-09-18,466.95,282.36,0.03,2,184.59
ORD-002448,South,Furniture,2024-09-03,182.34,134.1,0.22,1,48.24
ORD-002449,South,Furniture,2024-09-27,629.84,479.69,0.28,5,150.15
ORD-002450,South,Furniture,2024-09-05,871.62,670.02,0.08,5,201.6
ORD-002451,South,Groceries,2024-09-15,156.43,118.81,0.08,5,37.62
ORD-002452,South,Furniture,2024-09-27,698.44,536.87,0.35,3,161.57
ORD-002453,South,Electronics,2024-09-15,483.41,316.33,0.35,2,167.08
ORD-002454,South,Groceries,2024-09-26,85.06,63.42,0.08,2,21.64
ORD-002455,South,Groceries,2024-09-06,132.4,86.09,0.06,4,46.31
ORD-002456,South,Electronics,2024-09-03,181.49,123.21,0.09,1,58.28
ORD-002457,South,Clothing,2024-09-12,62.86,35.76,0.2,1,27.1
ORD-002458,South,Furniture,2024-09-06,327.99,242.59,0.26,2,85.4
ORD-002459,South,Furniture,2024-09-15,361.37,224.51,0.03,2,136.86
ORD-002460,South,Furniture,2024-09-07,230.96,164.59,0.24,1,66.37
ORD-002461,South,Clothing,2024-09-19,124.16,81.64,0.25,2,42.52
ORD-002462,South,Furniture,2024-09-06,931.65,663.89,0.24,5,267.76
ORD-002463,South,Clothing,2024-09-26,232.22,142.44,0.34,4,89.78
ORD-002464,South,Groceries,2024-09-01,177.17,120.5,0.1,5,56.67
ORD-002465,South,Electronics,2024-09-14,1080.96,642.68,0.01,5,438.28
ORD-002466,South,Clothing,2024-09-25,94.3,55.36,0.09,2,38.94
ORD-002467,South,Groceries,2024-09-04,29.59,22.98,0.18,1,6.61
ORD-002468,South,Electronics,2024-09-01,838.13,521.44,0.29,4,316.69
ORD-002469,South,Clothing,2024-09-13,144.05,85.23,0.06,3,58.82
ORD-002470,South,Clothing,2024-09-17,197.44,115.93,0.1,3,81.51
ORD-002471,South,Groceries,2024-09-20,91.98,68.35,0.31,3,23.63
ORD-002472,South,Electronics,2024-09-12,1001.04,579.21,0.28,5,421.83
ORD-002473,South,Furniture,2024-09-04,802.96,606.49,0.27,5,196.47
ORD-002474,South,Electronics,2024-09-04,515.78,304.83,0.26,2,210.95
ORD-002475,South,Electronics,2024-09-07,850.43,553.22,0.24,4,297.21
ORD-002476,South,Clothing,2024-09-16,127.29,75.17,0.3,2,52.12
ORD-002477,South,Clothing,2024-09-03,330.41,200.47,0.23,5,129.94
ORD-002478,South,Electronics,2024-09-13,889.06,525.78,0.0,4,363.28
ORD-002479,South,Electronics,2024-09-14,709.47,466.63,0.32,4,242.84
ORD-002480,South,Furniture,2024-09-11,325.74,211.43,0.26,2,114.31
ORD-002481,South,Electronics,2024-09-07,223.14,144.47,0.02,1,78.67
ORD-002482,South,Clothing,2024-09-15,281.56,174.84,0.0,5,106.72
ORD-002483,South,Electronics,2024-09-08,613.43,390.72,0.26,3,222.71
ORD-002484,South,Furniture,2024-09-10,160.93,104.03,0.14,1,56.9
ORD-002485,South,Furniture,2024-09-27,483.09,350.35,0.05,3,132.74
ORD-002486,South,Clothing,2024-09-01,182.02,99.32,0.06,3,82.7
ORD-002487,South,Furniture,2024-09-11,324.86,215.87,0.33,2,108.99
ORD-002488,South,Electronics,2024-09-16,204.1,134.9,0.11,1,69.2
ORD-002489,South,Furniture,2024-09-03,187.76,128.68,0.27,1,59.08
ORD-002490,South,Groceries,2024-09-06,87.8,63.07,0.19,2,24.73
ORD-002491,South,Furniture,2024-09-18,882.33,680.48,0.14,5,201.85
ORD-002492,South,Electronics,2024-09-09,496.94,297.01,0.09,2,199.93
ORD-002493,East,Clothing,2024-10-27,53.99,29.71,0.15,1,24.28
ORD-002494,East,Furniture,2024-10-28,449.82,327.23,0.32,2,122.59
ORD-002495,East,Clothing,2024-10-07,46.56,27.02,0.15,1,19.54
ORD-002496,East,Groceries,2024-10-08,87.38,59.14,0.06,2,28.24
ORD-002497,East,Clothing,2024-10-22,121.75,69.37,0.02,2,52.38
ORD-002498,East,Furniture,2024-10-15,564.34,406.8,0.3,3,157.54
ORD-002499,East,Clothing,2024-10-11,304.84,192.16,0.33,5,112.68
ORD-002500,East,Furniture,2024-10-19,549.11,404.93,0.32,3,144.18
ORD-002501,East,Groceries,2024-10-05,126.84,99.43,0.22,4,27.41
ORD-002502,East,Groceries,2024-10-09,40.41,31.16,0.07,1,9.25
ORD-002503,East,Electronics,2024-10-20,940.91,640.87,0.19,4,300.04
ORD-002504,East,Furniture,2024-10-08,401.12,294.73,0.27,2,106.39
ORD-002505,East,Clothing,2024-10-17,131.51,79.78,0.18,2,51.73
ORD-002506,East,Electronics,2024-10-08,1285.09,783.76,0.26,5,501.33
ORD-002507,East,Groceries,2024-10-13,138.86,106.64,0.0,5,32.22
ORD-002508,East,Clothing,2024-10-15,203.26,122.88,0.18,4,80.38
ORD-002509,East,Electronics,2024-10-08,832.49,580.0,0.05,4,252.49
ORD-002510,East,Electronics,2024-10-06,211.11,122.17,0.27,1,88.94
ORD-002511,East,Electronics,2024-10-19,447.99,282.77,0.07,2,165.22
ORD-002512,East,Clothing,2024-10-27,196.82,129.94,0.11,3,66.88
ORD-002513,East,Furniture,2024-10-20,161.02,110.72,0.02,1,50.3
ORD-002514,East,Clothing,2024-10-12,116.71,65.56,0.32,2,51.15
ORD-002515,East,Electronics,2024-10-17,417.72,244.86,0.03,2,172.86
ORD-002516,East,Clothing,2024-10-07,275.65,183.04,0.11,5,92.61
ORD-002517,East,Electronics,2024-10-04,889.53,560.23,0.26,5,329.3
ORD-002518,East,Electronics,2024-10-05,222.39,134.48,0.2,1,87.91
ORD-002519,East,Groceries,2024-10-09,35.47,28.14,0.24,1,7.33
ORD-002520,East,Clothing,2024-10-22,276.1,165.59,0.25,5,110.51
ORD-002521,East,Clothing,2024-10-19,178.67,114.73,0.08,3,63.94
ORD-002522,East,Electronics,2024-10-10,1094.92,723.52,0.08,5,371.4
ORD-002523,East,Clothing,2024-10-15,166.2,92.98,0.18,3,73.22
ORD-002524,East,Clothing,2024-10-12,138.54,78.25,0.03,2,60.29
ORD-002525,East,Electronics,2024-10-28,949.47,548.18,0.3,5,401.29
ORD-002526,East,Clothing,2024-10-13,123.54,81.24,0.03,2,42.3
ORD-002527,East,Electronics,2024-10-25,932.78,664.24,0.11,4,268.54
ORD-002528,East,Groceries,2024-10-10,95.94,77.41,0.06,3,18.53
ORD-002529,East,Electronics,2024-10-17,798.35,455.25,0.3,4,343.1
ORD-002530,East,Furniture,2024-10-12,628.46,482.0,0.05,4,146.46
ORD-002531,East,Furniture,2024-10-05,491.07,367.15,0.08,3,123.92
ORD-002532,East,Electronics,2024-10-11,609.38,417.24,0.2,3,192.14
ORD-002533,East,Furniture,2024-10-21,1041.06,659.82,0.04,5,381.24
ORD-002534,East,Electronics,2024-10-17,431.77,277.75,0.09,2,154.02
ORD-002535,East,Clothing,2024-10-01,126.5,66.99,0.12,2,59.51
ORD-002536,East,Electronics,2024-10-14,428.33,245.66,0.26,2,182.67
ORD-002537,East,Furniture,2024-10-15,697.55,466.73,0.25,3,230.82
ORD-002538,East,Clothing,2024-10-22,244.69,150.93,0.05,4,93.76
ORD-002539,East,Furniture,2024-10-01,1002.53,721.21,0.31,5,281.32
ORD-002540,East,Electronics,2024-10-16,655.3,460.36,0.23,3,194.94
ORD-002541,East,Electronics,2024-10-05,895.55,529.65,0.32,4,365.9
ORD-002542,East,Groceries,2024-10-27,102.43,79.59,0.23,3,22.84
ORD-002543,East,Electronics,2024-10-08,1198.83,737.85,0.33,5,460.98
ORD-002544,East,Groceries,2024-10-09,135.5,92.49,0.1,4,43.01
ORD-002545,East,Electronics,2024-10-18,929.67,639.58,0.31,4,290.09
ORD-002546,East,Electronics,2024-10-21,444.94,274.05,0.18,2,170.89
ORD-002547,East,Electronics,2024-10-05,467.39,270.04,0.33,2,197.35
ORD-002548,East,Electronics,2024-10-15,618.1,399.19,0.14,4,218.91
ORD-002549,East,Groceries,2024-10-07,134.46,100.09,0.15,4,34.37
ORD-002550,East,Clothing,2024-10-02,229.66,143.55,0.34,3,86.11
ORD-002551,East,Electronics,2024-10-07,433.11,284.01,0.01,2,149.1
ORD-002552,East,Electronics,2024-10-22,1218.79,786.9,0.31,5,431.89
ORD-002553,East,Electronics,2024-10-05,185.06,128.58,0.09,1,56.48
ORD-002554,East,Clothing,2024-10-05,189.23,123.51,0.04,3,65.72
ORD-002555,East,Electronics,2024-10-22,1329.44,823.56,0.28,5,505.88
ORD-002556,East,Electronics,2024-10-19,757.52,434.94,0.24,3,322.58
ORD-002557,East,Electronics,2024-10-25,613.03,422.75,0.11,3,190.28
ORD-002558,East,Electronics,2024-10-25,1217.31,812.8,0.29,5,404.51
ORD-002559,East,Electronics,2024-10-04,215.34,139.68,0.28,1,75.66
ORD-002560,East,Furniture,2024-10-07,151.45,112.92,0.33,1,38.53
ORD-002561,East,Electronics,2024-10-25,227.41,151.64,0.11,1,75.77
ORD-002562,East,Electronics,2024-10-15,404.13,243.66,0.32,2,160.47
ORD-002563,East,Electronics,2024-10-27,435.98,299.93,0.1,2,136.05
ORD-002564,East,Clothing,2024-10-16,321.93,176.42,0.07,5,145.51
ORD-002565,East,Groceries,2024-10-03,106.14,69.94,0.03,3,36.2
ORD-002566,East,Furniture,2024-10-16,580.32,401.88,0.26,3,178.44
ORD-002567,East,Groceries,2024-10-08,33.23,23.47,0.27,1,9.76
ORD-002568,East,Furniture,2024-10-19,348.82,249.52,0.29,2,99.3
ORD-002569,East,Furniture,2024-10-14,519.32,363.37,0.09,3,155.95
ORD-002570,East,Groceries,2024-10-11,173.94,120.23,0.19,5,53.71
ORD-002571,East,Groceries,2024-10-09,170.24,122.77,0.34,5,47.47
ORD-002572,East,Groceries,2024-10-05,41.89,33.12,0.27,1,8.77
ORD-002573,East,Furniture,2024-10-21,846.45,547.01,0.02,4,299.44
ORD-002574,East,Furniture,2024-10-02,698.8,526.13,0.3,4,172.67
ORD-002575,East,Electronics,2024-10-02,1040.69,661.36,0.05,5,379.33
ORD-002576,East,Clothing,2024-10-07,147.21,92.84,0.21,3,54.37
ORD-002577,East,Furniture,2024-10-20,344.18,212.64,0.22,2,131.54
ORD-002578,East,Electronics,2024-10-14,961.25,594.48,0.07,4,366.77
ORD-002579,East,Clothing,2024-10-11,177.8,101.96,0.29,3,75.84
ORD-002580,East,Furniture,2024-10-11,328.74,245.15,0.17,2,83.59
ORD-002581,West,Furniture,2024-10-17,534.4,363.37,0.16,3,171.03
ORD-002582,West,Clothing,2024-10-28,305.99,170.02,0.06,5,135.97
ORD-002583,West,Clothing,2024-10-13,175.32,96.71,0.31,3,78.61
ORD-002584,West,Furniture,2024-10-18,1031.94,650.49,0.02,5,381.45
ORD-002585,West,Furniture,2024-10-14,221.3,148.59,0.0,1,72.71
ORD-002586,West,Furniture,2024-10-04,716.9,439.29,0.24,4,277.61
ORD-002587,West,Groceries,2024-10-18,146.34,120.9,0.34,5,25.44
ORD-002588,West,Furniture,2024-10-04,329.79,255.74,0.27,2,74.05
ORD-002589,West,Clothing,2024-10-18,70.99,37.81,0.05,1,33.18
ORD-002590,West,Groceries,2024-10-05,35.46,24.77,0.09,1,10.69
ORD-002591,West,Electronics,2024-10-16,429.11,276.13,0.11,2,152.98
ORD-002592,West,Groceries,2024-10-17,61.05,43.41,0.0,2,17.64
ORD-002593,West,Clothing,2024-10-24,230.08,140.97,0.23,4,89.11
ORD-002594,West,Electronics,2024-10-16,1142.13,640.22,0.3,4,501.91
ORD-002595,West,Furniture,2024-10-22,916.61,715.81,0.15,4,200.8
ORD-002596,West,Furniture,2024-10-08,900.29,625.38,0.26,5,274.91
ORD-002597,West,Furniture,2024-10-04,242.49,182.54,0.12,1,59.95
ORD-002598,West,Clothing,2024-10-14,297.25,171.98,0.19,5,125.27
ORD-002599,West,Electronics,2024-10-05,931.19,574.68,0.01,4,356.51
ORD-002600,West,Electronics,2024-10-12,923.36,567.26,0.26,5,356.1
ORD-002601,West,Groceries,2024-10-10,96.83,64.96,0.15,3,31.87
ORD-002602,West,Electronics,2024-10-02,1289.76,740.63,0.29,5,549.13
ORD-002603,West,Furniture,2024-10-27,168.08,120.83,0.06,1,47.25
ORD-002604,West,Furniture,2024-10-11,166.42,128.27,0.07,1,38.15
ORD-002605,West,Clothing,2024-10-18,330.87,178.68,0.23,5,152.19
ORD-002606,West,Clothing,2024-10-10,58.08,31.3,0.33,1,26.78
ORD-002607,West,Electronics,2024-10-06,402.24,275.94,0.25,2,126.3
ORD-002608,West,Electronics,2024-10-06,1100.42,682.91,0.01,5,417.51
ORD-002609,West,Groceries,2024-10-05,35.74,24.76,0.26,1,10.98
ORD-002610,West,Clothing,2024-10-12,197.3,129.0,0.29,3,68.3
ORD-002611,West,Furniture,2024-10-13,548.02,338.59,0.01,3,209.43
ORD-002612,West,Electronics,2024-10-24,417.22,251.26,0.22,2,165.96
ORD-002613,West,Electronics,2024-10-09,511.26,303.36,0.35,3,207.9
ORD-002614,West,Electronics,2024-10-24,461.81,266.93,0.04,2,194.88
ORD-002615,West,Furniture,2024-10-10,1084.97,840.87,0.16,5,244.1
ORD-002616,West,Groceries,2024-10-05,40.8,30.82,0.09,1,9.98
ORD-002617,West,Electronics,2024-10-03,782.5,527.98,0.1,4,254.52
ORD-002618,West,Groceries,2024-10-06,128.51,91.95,0.18,4,36.56
ORD-002619,West,Groceries,2024-10-24,106.46,76.83,0.29,3,29.63
ORD-002620,West,Electronics,2024-10-15,652.36,405.75,0.15,3,246.61
ORD-002621,West,Furniture,2024-10-25,519.81,397.99,0.25,3,121.82
ORD-002622,West,Furniture,2024-10-14,731.81,550.95,0.07,4,180.86
ORD-002623,West,Groceries,2024-10-17,123.69,91.66,0.19,4,32.03
ORD-002624,West,Clothing,2024-10-19,90.32,54.77,0.12,2,35.55
ORD-002625,West,Clothing,2024-10-16,277.26,174.27,0.16,5,102.99
ORD-002626,West,Furniture,2024-10-19,680.96,503.45,0.07,4,177.51
ORD-002627,West,Electronics,2024-10-19,376.56,216.81,0.05,2,159.75
ORD-002628,West,Electronics,2024-10-28,1079.18,652.12,0.32,5,427.06
ORD-002629,West,Groceries,2024-10-07,35.24,23.72,0.27,1,11.52
ORD-002630,West,Electronics,2024-10-12,459.48,306.53,0.01,3,152.95
ORD-002631,West,Furniture,2024-10-20,511.78,391.29,0.13,3,120.49
ORD-002632,West,Electronics,2024-10-07,964.34,567.75,0.18,5,396.59
ORD-002633,West,Clothing,2024-10-13,221.52,140.74,0.11,4,80.78
ORD-002634,West,Clothing,2024-10-26,219.19,134.12,0.33,4,85.07
ORD-002635,West,Furniture,2024-10-28,888.9,591.01,0.0,5,297.89
ORD-002636,West,Groceries,2024-10-07,80.74,61.81,0.32,2,18.93
ORD-002637,West,Groceries,2024-10-16,179.25,137.29,0.07,5,41.96
ORD-002638,West,Electronics,2024-10-08,931.17,552.51,0.18,5,378.66
ORD-002639,West,Clothing,2024-10-19,312.0,206.58,0.31,5,105.42
ORD-002640,West,Clothing,2024-10-06,273.35,149.62,0.05,4,123.73
ORD-002641,West,Electronics,2024-10-17,967.79,542.02,0.27,4,425.77
ORD-002642,West,Electronics,2024-10-09,248.52,151.48,0.27,1,97.04
ORD-002643,West,Electronics,2024-10-06,225.3,152.9,0.34,1,72.4
ORD-002644,West,Clothing,2024-10-17,57.0,31.86,0.02,1,25.14
ORD-002645,West,Furniture,2024-10-08,652.51,449.95,0.11,4,202.56
ORD-002646,West,Furniture,2024-10-11,469.19,290.44,0.04,3,178.75
ORD-002647,West,Electronics,2024-10-02,243.73,141.94,0.3,1,101.79
ORD-002648,West,Groceries,2024-10-22,93.32,72.62,0.26,2,20.7
ORD-002649,West,Groceries,2024-10-21,173.71,137.71,0.19,4,36.0
ORD-002650,West,Electronics,2024-10-03,400.52,229.18,0.06,2,171.34
ORD-002651,West,Electronics,2024-10-09,180.19,111.13,0.08,1,69.06
ORD-002652,West,Furniture,2024-10-09,333.47,240.05,0.01,2,93.42
ORD-002653,West,Furniture,2024-10-02,648.73,500.23,0.32,4,148.5
ORD-002654,West,Electronics,2024-10-21,1068.59,739.44,0.09,5,329.15
ORD-002655,West,Furniture,2024-10-07,680.36,492.6,0.15,4,187.76
ORD-002656,West,Electronics,2024-10-24,1300.9,926.46,0.28,5,374.44
ORD-002657,West,Groceries,2024-10-22,137.9,90.97,0.32,3,46.93
ORD-002658,West,Electronics,2024-10-11,829.53,490.12,0.08,3,339.41
ORD-002659,West,Furniture,2024-10-11,163.61,102.22,0.17,1,61.39
ORD-002660,West,Electronics,2024-10-17,560.32,329.82,0.28,2,230.5
ORD-002661,West,Electronics,2024-10-21,208.18,123.75,0.1,1,84.43
ORD-002662,West,Groceries,2024-10-12,135.44,100.85,0.13,5,34.59
ORD-002663,West,Clothing,2024-10-28,61.35,36.04,0.12,1,25.31
ORD-002664,West,Groceries,2024-10-14,38.84,31.94,0.34,1,6.9
ORD-002665,West,Furniture,2024-10-10,1017.07,765.77,0.17,5,251.3
ORD-002666,West,Electronics,2024-10-09,1155.93,666.16,0.27,5,489.77
ORD-002667,West,Electronics,2024-10-12,447.79,270.33,0.33,2,177.46
ORD-002668,West,Electronics,2024-10-25,236.86,147.35,0.22,1,89.51
ORD-002669,West,Furniture,2024-10-15,302.72,214.55,0.05,2,88.17
ORD-002670,West,Clothing,2024-10-17,371.92,197.09,0.17,5,174.83
ORD-002671,West,Furniture,2024-10-08,643.55,402.25,0.07,4,241.3
ORD-002672,West,Clothing,2024-10-05,221.28,136.39,0.26,3,84.89
ORD-002673,West,Electronics,2024-10-04,1211.53,787.35,0.16,5,424.18
ORD-002674,West,Clothing,2024-10-22,209.09,119.75,0.06,3,89.34
ORD-002675,West,Electronics,2024-10-05,1111.22,770.35,0.12,5,340.87
ORD-002676,West,Electronics,2024-10-15,265.7,156.01,0.27,1,109.69
ORD-002677,West,Groceries,2024-10-12,221.77,160.97,0.09,5,60.8
ORD-002678,West,Furniture,2024-10-03,478.81,360.53,0.11,3,118.28
ORD-002679,West,Furniture,2024-10-07,899.01,651.62,0.05,5,247.39
ORD-002680,West,Clothing,2024-10-08,200.58,115.42,0.13,3,85.16
ORD-002681,West,Clothing,2024-10-15,110.42,71.26,0.12,2,39.16
ORD-002682,West,Electronics,2024-10-12,196.03,127.92,0.29,1,68.11
ORD-002683,West,Furniture,2024-10-07,531.71,334.52,0.26,3,197.19
ORD-002684,North,Clothing,2024-10-17,326.23,173.82,0.07,5,152.41
ORD-002685,North,Groceries,2024-10-17,39.67,31.05,0.32,1,8.62
ORD-002686,North,Electronics,2024-10-26,918.15,651.46,0.06,5,266.69
ORD-002687,North,Electronics,2024-10-03,815.89,579.74,0.1,4,236.15
ORD-002688,North,Electronics,2024-10-08,451.02,306.72,0.02,2,144.3
ORD-002689,North,Groceries,2024-10-26,159.16,118.31,0.35,5,40.85
ORD-002690,North,Groceries,2024-10-21,67.15,44.34,0.28,2,22.81
ORD-002691,North,Furniture,2024-10-19,412.99,282.39,0.05,2,130.6
ORD-002692,North,Furniture,2024-10-25,1003.71,624.96,0.34,5,378.75
ORD-002693,North,Clothing,2024-10-16,105.79,61.53,0.34,2,44.26
ORD-002694,North,Groceries,2024-10-08,91.66,63.95,0.23,3,27.71
ORD-002695,North,Clothing,2024-10-15,209.18,123.52,0.27,4,85.66
ORD-002696,North,Clothing,2024-10-15,123.96,76.53,0.22,2,47.43
ORD-002697,North,Electronics,2024-10-23,895.03,544.4,0.29,3,350.63
ORD-002698,North,Furniture,2024-10-18,613.89,381.21,0.15,3,232.68
ORD-002699,North,Electronics,2024-10-06,232.05,129.89,0.34,1,102.16
ORD-002700,North,Furniture,2024-10-09,752.65,522.89,0.22,4,229.76
ORD-002701,North,Clothing,2024-10-25,299.61,159.94,0.35,5,139.67
ORD-002702,North,Electronics,2024-10-20,869.98,559.96,0.28,5,310.02
ORD-002703,North,Groceries,2024-10-02,225.3,175.06,0.11,5,50.24
ORD-002704,North,Groceries,2024-10-13,102.2,81.94,0.33,3,20.26
ORD-002705,North,Electronics,2024-10-22,573.21,320.45,0.09,3,252.76
ORD-002706,North,Groceries,2024-10-04,103.79,81.06,0.14,3,22.73
ORD-002707,North,Electronics,2024-10-07,225.89,147.87,0.27,1,78.02
ORD-002708,North,Electronics,2024-10-13,1016.46,609.06,0.06,5,407.4
ORD-002709,North,Furniture,2024-10-10,805.27,623.42,0.17,4,181.85
ORD-002710,North,Clothing,2024-10-04,96.59,58.2,0.33,2,38.39
ORD-002711,North,Furniture,2024-10-22,942.28,669.41,0.32,5,272.87
ORD-002712,North,Clothing,2024-10-20,59.82,39.25,0.07,1,20.57
ORD-002713,North,Electronics,2024-10-16,383.4,243.07,0.12,2,140.33
ORD-002714,North,Furniture,2024-10-02,778.48,496.14,0.01,5,282.34
ORD-002715,North,Clothing,2024-10-10,61.17,36.47,0.11,1,24.7
ORD-002716,North,Furniture,2024-10-09,182.1,132.75,0.04,1,49.35
ORD-002717,North,Electronics,2024-10-06,1227.22,715.26,0.12,5,511.96
ORD-002718,North,Electronics,2024-10-02,249.97,151.32,0.03,1,98.65
ORD-002719,North,Furniture,2024-10-04,753.71,469.16,0.16,4,284.55
ORD-002720,North,Groceries,2024-10-05,125.74,95.07,0.34,3,30.67
ORD-002721,North,Furniture,2024-10-19,172.3,124.23,0.09,1,48.07
ORD-002722,North,Clothing,2024-10-03,61.75,34.36,0.24,1,27.39
ORD-002723,North,Clothing,2024-10-24,48.51,28.55,0.23,1,19.96
ORD-002724,North,Electronics,2024-10-26,187.86,117.09,0.15,1,70.77
ORD-002725,North,Clothing,2024-10-24,134.73,80.3,0.13,2,54.43
ORD-002726,North,Groceries,2024-10-18,31.89,24.1,0.22,1,7.79
ORD-002727,North,Clothing,2024-10-16,299.9,193.93,0.15,5,105.97
ORD-002728,North,Electronics,2024-10-17,1035.97,662.11,0.31,4,373.86
ORD-002729,North,Electronics,2024-10-09,505.69,355.81,0.15,3,149.88
ORD-002730,North,Electronics,2024-10-12,178.53,114.0,0.1,1,64.53
ORD-002731,North,Electronics,2024-10-19,526.52,347.83,0.13,2,178.69
ORD-002732,North,Electronics,2024-10-10,982.14,608.2,0.21,4,373.94
ORD-002733,North,Furniture,2024-10-25,933.62,640.28,0.29,4,293.34
ORD-002734,North,Electronics,2024-10-17,430.17,305.76,0.25,2,124.41
ORD-002735,North,Electronics,2024-10-24,524.95,338.57,0.08,2,186.38
ORD-002736,North,Electronics,2024-10-18,478.76,331.09,0.09,2,147.67
ORD-002737,North,Clothing,2024-10-07,121.85,64.46,0.14,2,57.39
ORD-002738,North,Electronics,2024-10-17,397.39,269.27,0.04,2,128.12
ORD-002739,North,Furniture,2024-10-17,703.23,434.68,0.11,4,268.55
ORD-002740,North,Clothing,2024-10-27,134.4,83.86,0.24,2,50.54
ORD-002741,North,Clothing,2024-10-15,250.54,149.01,0.29,4,101.53
ORD-002742,North,Electronics,2024-10-23,172.52,120.6,0.11,1,51.92
ORD-002743,North,Groceries,2024-10-03,33.57,23.82,0.23,1,9.75
ORD-002744,North,Furniture,2024-10-01,220.3,136.41,0.15,1,83.89
ORD-002745,North,Groceries,2024-10-21,65.28,51.79,0.13,2,13.49
ORD-002746,North,Furniture,2024-10-15,154.91,110.56,0.25,1,44.35
ORD-002747,North,Clothing,2024-10-21,217.02,137.24,0.07,3,79.78
ORD-002748,South,Electronics,2024-10-14,828.22,496.66,0.13,5,331.56
ORD-002749,South,Electronics,2024-10-16,228.86,138.93,0.18,1,89.93
ORD-002750,South,Groceries,2024-10-13,39.47,28.75,0.15,1,10.72
ORD-002751,South,Electronics,2024-10-04,763.45,523.91,0.05,4,239.54
ORD-002752,South,Groceries,2024-10-11,75.73,61.27,0.31,2,14.46
ORD-002753,South,Furniture,2024-10-08,167.66,110.35,0.27,1,57.31
ORD-002754,South,Electronics,2024-10-20,195.86,123.82,0.12,1,72.04
ORD-002755,South,Furniture,2024-10-16,142.1,108.7,0.24,1,33.4
ORD-002756,South,Electronics,2024-10-26,653.91,454.75,0.17,3,199.16
ORD-002757,South,Electronics,2024-10-22,447.88,273.84,0.14,2,174.04
ORD-002758,South,Furniture,2024-10-10,606.18,437.73,0.18,4,168.45
ORD-002759,South,Electronics,2024-10-27,205.49,128.98,0.16,1,76.51
ORD-002760,South,Furniture,2024-10-19,370.68,281.9,0.04,2,88.78
ORD-002761,South,Groceries,2024-10-18,97.84,73.31,0.12,3,24.53
ORD-002762,South,Groceries,2024-10-22,140.62,102.0,0.35,4,38.62
ORD-002763,South,Clothing,2024-10-15,57.18,32.54,0.25,1,24.64
ORD-002764,South,Furniture,2024-10-24,616.26,438.16,0.17,3,178.1
ORD-002765,South,Clothing,2024-10-12,201.39,114.68,0.24,3,86.71
ORD-002766,South,Groceries,2024-10-22,104.22,80.79,0.07,4,23.43
ORD-002767,South,Electronics,2024-10-23,563.99,316.71,0.33,3,247.28
ORD-002768,South,Furniture,2024-10-26,380.08,290.8,0.29,2,89.28
ORD-002769,South,Groceries,2024-10-18,57.11,41.01,0.26,2,16.1
ORD-002770,South,Electronics,2024-10-27,504.56,350.05,0.17,2,154.51
ORD-002771,South,Groceries,2024-10-27,113.71,87.94,0.08,3,25.77
ORD-002772,South,Clothing,2024-10-23,306.71,161.18,0.15,5,145.53
ORD-002773,South,Electronics,2024-10-23,1076.52,758.16,0.34,5,318.36
ORD-002774,South,Groceries,2024-10-17,171.2,135.81,0.25,5,35.39
ORD-002775,South,Groceries,2024-10-11,123.58,102.29,0.29,4,21.29
ORD-002776,South,Electronics,2024-10-21,219.69,141.58,0.13,1,78.11
ORD-002777,South,Furniture,2024-10-07,755.31,520.63,0.09,4,234.68
ORD-002778,South,Furniture,2024-10-17,424.98,309.01,0.08,2,115.97
ORD-002779,South,Electronics,2024-10-24,1322.59,938.68,0.34,5,383.91
ORD-002780,South,Clothing,2024-10-26,69.29,44.08,0.33,1,25.21
ORD-002781,South,Clothing,2024-10-12,180.8,102.02,0.13,3,78.78
ORD-002782,South,Groceries,2024-10-20,139.02,104.04,0.13,4,34.98
ORD-002783,South,Furniture,2024-10-21,732.86,542.35,0.14,5,190.51
ORD-002784,South,Clothing,2024-10-07,101.14,61.35,0.24,2,39.79
ORD-002785,South,Groceries,2024-10-09,180.22,126.88,0.19,4,53.34
ORD-002786,South,Groceries,2024-10-21,119.33,94.83,0.1,4,24.5
ORD-002787,South,Groceries,2024-10-27,131.95,86.62,0.11,4,45.33
ORD-002788,South,Groceries,2024-10-27,98.51,70.87,0.02,3,27.64
ORD-002789,South,Furniture,2024-10-11,318.3,200.53,0.05,2,117.77
ORD-002790,South,Electronics,2024-10-22,444.53,278.15,0.21,2,166.38
ORD-002791,South,Groceries,2024-10-22,107.63,84.15,0.25,3,23.48
ORD-002792,South,Clothing,2024-10-14,222.76,131.19,0.14,4,91.57
ORD-002793,South,Electronics,2024-10-10,625.06,404.92,0.17,3,220.14
ORD-002794,South,Electronics,2024-10-10,878.22,586.28,0.12,4,291.94
ORD-002795,South,Electronics,2024-10-03,255.58,150.08,0.17,1,105.5
ORD-002796,South,Furniture,2024-10-27,379.53,234.28,0.13,2,145.25
ORD-002797,South,Clothing,2024-10-08,65.08,38.96,0.03,1,26.12
ORD-002798,South,Electronics,2024-10-26,700.28,484.43,0.11,3,215.85
ORD-002799,South,Clothing,2024-10-07,183.8,114.52,0.34,3,69.28
ORD-002800,South,Furniture,2024-10-14,419.61,285.56,0.02,3,134.05
ORD-002801,South,Groceries,2024-10-01,95.46,66.55,0.17,3,28.91
ORD-002802,South,Electronics,2024-10-12,402.07,264.3,0.33,2,137.77
ORD-002803,South,Electronics,2024-10-17,228.36,137.7,0.3,1,90.66
ORD-002804,South,Groceries,2024-10-24,78.9,61.38,0.17,2,17.52
ORD-002805,South,Furniture,2024-10-28,539.52,402.88,0.18,3,136.64
ORD-002806,South,Electronics,2024-10-19,1012.11,653.98,0.29,5,358.13
ORD-002807,South,Furniture,2024-10-26,347.73,260.29,0.1,2,87.44
ORD-002808,South,Furniture,2024-10-26,314.11,213.81,0.27,2,100.3
ORD-002809,South,Clothing,2024-10-24,302.36,199.35,0.17,4,103.01
ORD-002810,South,Clothing,2024-10-24,273.08,146.59,0.13,4,126.49
ORD-002811,South,Furniture,2024-10-22,653.3,486.17,0.29,4,167.13
ORD-002812,South,Electronics,2024-10-18,1050.23,623.03,0.17,5,427.2
ORD-002813,South,Furniture,2024-10-23,865.91,541.85,0.17,4,324.06
ORD-002814,East,Furniture,2024-11-09,991.28,632.89,0.11,5,358.39
ORD-002815,East,Furniture,2024-11-21,817.92,508.71,0.28,5,309.21
ORD-002816,East,Clothing,2024-11-26,188.8,119.84,0.07,3,68.96
ORD-002817,East,Electronics,2024-11-27,248.84,159.63,0.32,1,89.21
ORD-002818,East,Groceries,2024-11-21,103.62,69.27,0.27,3,34.35
ORD-002819,East,Groceries,2024-11-02,28.77,22.75,0.18,1,6.02
ORD-002820,East,Electronics,2024-11-08,1010.25,613.99,0.31,5,396.26
ORD-002821,East,Clothing,2024-11-21,307.46,179.55,0.11,5,127.91
ORD-002822,East,Groceries,2024-11-27,67.5,55.56,0.01,2,11.94
ORD-002823,East,Electronics,2024-11-22,727.57,509.84,0.08,5,217.73
ORD-002824,East,Clothing,2024-11-06,194.09,113.86,0.33,3,80.23
ORD-002825,East,Furniture,2024-11-18,353.28,219.61,0.02,2,133.67
ORD-002826,East,Clothing,2024-11-07,327.22,199.75,0.2,5,127.47
ORD-002827,East,Furniture,2024-11-01,339.11,250.13,0.08,2,88.98
ORD-002828,East,Clothing,2024-11-01,192.11,126.75,0.0,3,65.36
ORD-002829,East,Furniture,2024-11-12,669.49,471.27,0.21,4,198.22
ORD-002830,East,Electronics,2024-11-03,793.34,519.01,0.29,4,274.33
ORD-002831,East,Groceries,2024-11-18,74.43,60.48,0.28,2,13.95
ORD-002832,East,Groceries,2024-11-28,37.14,28.86,0.24,1,8.28
ORD-002833,East,Electronics,2024-11-18,1325.18,832.01,0.06,5,493.17
ORD-002834,East,Clothing,2024-11-20,125.2,68.2,0.19,2,57.0
ORD-002835,East,Electronics,2024-11-10,564.72,392.44,0.15,3,172.28
ORD-002836,East,Furniture,2024-11-25,340.31,259.39,0.05,2,80.92
ORD-002837,East,Furniture,2024-11-03,760.54,589.22,0.23,4,171.32
ORD-002838,East,Clothing,2024-11-08,162.32,95.83,0.09,3,66.49
ORD-002839,East,Groceries,2024-11-12,217.86,142.54,0.06,5,75.32
ORD-002840,East,Clothing,2024-11-14,112.07,59.86,0.22,2,52.21
ORD-002841,East,Clothing,2024-11-18,313.57,189.98,0.24,5,123.59
ORD-002842,East,Groceries,2024-11-10,81.6,62.22,0.11,2,19.38
ORD-002843,East,Electronics,2024-11-28,907.74,539.26,0.22,4,368.48
ORD-002844,East,Electronics,2024-11-01,777.0,448.41,0.15,4,328.59
ORD-002845,East,Groceries,2024-11-10,167.08,126.32,0.11,5,40.76
ORD-002846,East,Furniture,2024-11-11,186.06,126.15,0.0,1,59.91
ORD-002847,East,Groceries,2024-11-28,228.65,148.4,0.26,5,80.25
ORD-002848,East,Furniture,2024-11-03,986.53,733.94,0.05,5,252.59
ORD-002849,East,Groceries,2024-11-04,31.15,21.08,0.05,1,10.07
ORD-002850,East,Groceries,2024-11-17,69.09,54.43,0.31,2,14.66
ORD-002851,East,Groceries,2024-11-27,181.45,138.45,0.12,5,43.0
ORD-002852,East,Groceries,2024-11-04,153.42,111.4,0.1,4,42.02
ORD-002853,East,Clothing,2024-11-26,50.15,30.21,0.15,1,19.94
ORD-002854,East,Clothing,2024-11-03,191.98,118.07,0.19,3,73.91
ORD-002855,East,Furniture,2024-11-10,953.87,694.13,0.15,5,259.74
ORD-002856,East,Furniture,2024-11-26,496.22,322.2,0.23,3,174.02
ORD-002857,East,Electronics,2024-11-06,777.0,448.73,0.1,4,328.27
ORD-002858,East,Groceries,2024-11-21,76.18,61.46,0.11,2,14.72
ORD-002859,East,Clothing,2024-11-11,280.4,160.54,0.0,4,119.86
ORD-002860,East,Electronics,2024-11-22,1052.35,684.99,0.3,5,367.36
ORD-002861,East,Clothing,2024-11-12,223.75,146.73,0.2,4,77.02
ORD-002862,East,Furniture,2024-11-27,303.84,208.8,0.04,2,95.04
ORD-002863,East,Electronics,2024-11-12,1243.42,759.14,0.24,5,484.28
ORD-002864,East,Clothing,2024-11-25,57.89,36.71,0.05,1,21.18
ORD-002865,East,Clothing,2024-11-11,357.01,197.43,0.23,5,159.58
ORD-002866,East,Electronics,2024-11-05,894.07,545.56,0.25,5,348.51
ORD-002867,East,Clothing,2024-11-18,105.11,66.97,0.32,2,38.14
ORD-002868,East,Electronics,2024-11-17,535.36,316.73,0.09,3,218.63
ORD-002869,East,Electronics,2024-11-17,1311.4,867.16,0.21,5,444.24
ORD-002870,East,Clothing,2024-11-08,188.9,116.79,0.05,3,72.11
ORD-002871,East,Electronics,2024-11-09,750.96,457.02,0.01,4,293.94
ORD-002872,East,Electronics,2024-11-01,631.72,430.55,0.16,3,201.17
ORD-002873,East,Groceries,2024-11-02,162.98,128.7,0.24,5,34.28
ORD-002874,East,Groceries,2024-11-08,140.25,107.97,0.06,4,32.28
ORD-002875,East,Clothing,2024-11-09,329.14,208.35,0.25,5,120.79
ORD-002876,East,Groceries,2024-11-25,67.2,51.3,0.35,2,15.9
ORD-002877,East,Electronics,2024-11-14,682.74,391.88,0.32,3,290.86
ORD-002878,East,Furniture,2024-11-26,1138.36,826.61,0.27,5,311.75
ORD-002879,East,Electronics,2024-11-18,857.59,605.63,0.34,4,251.96
ORD-002880,East,Clothing,2024-11-18,230.24,140.47,0.21,4,89.77
ORD-002881,East,Electronics,2024-11-03,776.09,470.86,0.11,4,305.23
ORD-002882,East,Electronics,2024-11-23,610.45,400.03,0.33,3,210.42
ORD-002883,East,Groceries,2024-11-07,74.49,51.11,0.03,2,23.38
ORD-002884,East,Furniture,2024-11-08,332.01,237.81,0.13,2,94.2
ORD-002885,East,Groceries,2024-11-27,102.17,80.77,0.34,3,21.4
ORD-002886,East,Clothing,2024-11-25,260.34,156.81,0.18,4,103.53
ORD-002887,East,Electronics,2024-11-03,466.51,281.57,0.02,2,184.94
ORD-002888,East,Furniture,2024-11-23,603.34,438.35,0.01,4,164.99
ORD-002889,East,Groceries,2024-11-05,102.7,76.1,0.33,3,26.6
ORD-002890,East,Groceries,2024-11-22,29.12,21.64,0.23,1,7.48
ORD-002891,East,Electronics,2024-11-08,266.52,189.19,0.11,1,77.33
ORD-002892,East,Electronics,2024-11-07,172.17,102.04,0.23,1,70.13
ORD-002893,East,Electronics,2024-11-03,835.09,566.61,0.11,4,268.48
ORD-002894,East,Furniture,2024-11-19,489.45,325.1,0.26,3,164.35
ORD-002895,East,Electronics,2024-11-19,407.35,285.81,0.34,2,121.54
ORD-002896,East,Clothing,2024-11-26,117.5,72.49,0.07,2,45.01
ORD-002897,East,Electronics,2024-11-15,710.01,475.59,0.3,4,234.42
ORD-002898,East,Furniture,2024-11-26,184.99,139.92,0.08,1,45.07
ORD-002899,East,Furniture,2024-11-21,489.14,300.32,0.11,3,188.82
ORD-002900,East,Furniture,2024-11-09,1026.09,635.83,0.13,5,390.26
ORD-002901,East,Clothing,2024-11-12,188.6,115.15,0.18,3,73.45
ORD-002902,East,Groceries,2024-11-21,98.76,67.31,0.27,2,31.45
ORD-002903,East,Furniture,2024-11-20,163.62,106.04,0.02,1,57.58
ORD-002904,East,Groceries,2024-11-23,131.6,100.56,0.26,4,31.04
ORD-002905,East,Furniture,2024-11-09,178.74,128.91,0.25,1,49.83
ORD-002906,East,Clothing,2024-11-21,183.02,120.02,0.1,3,63.0
ORD-002907,East,Groceries,2024-11-26,72.66,54.91,0.04,2,17.75
ORD-002908,East,Furniture,2024-11-18,727.58,459.07,0.35,5,268.51
ORD-002909,East,Electronics,2024-11-10,440.54,289.93,0.17,2,150.61
ORD-002910,East,Clothing,2024-11-15,58.33,34.53,0.02,1,23.8
ORD-002911,East,Groceries,2024-11-04,241.62,176.57,0.07,5,65.05
ORD-002912,East,Furniture,2024-11-13,397.18,249.04,0.2,2,148.14
ORD-002913,East,Clothing,2024-11-04,295.87,191.52,0.28,5,104.35
ORD-002914,East,Groceries,2024-11-21,104.12,84.72,0.08,3,19.4
ORD-002915,East,Furniture,2024-11-22,205.78,158.0,0.03,1,47.78
ORD-002916,East,Clothing,2024-11-06,118.0,73.58,0.06,2,44.42
ORD-002917,East,Groceries,2024-11-13,181.77,149.57,0.23,5,32.2
ORD-002918,East,Furniture,2024-11-01,198.42,122.33,0.12,1,76.09
ORD-002919,West,Furniture,2024-11-20,788.69,563.35,0.32,4,225.34
ORD-002920,West,Electronics,2024-11-19,205.76,131.75,0.26,1,74.01
ORD-002921,West,Electronics,2024-11-10,873.06,517.68,0.25,4,355.38
ORD-002922,West,Clothing,2024-11-05,54.35,32.56,0.04,1,21.79
ORD-002923,West,Groceries,2024-11-14,48.12,33.07,0.05,1,15.05
ORD-002924,West,Clothing,2024-11-19,62.08,39.12,0.18,1,22.96
ORD-002925,West,Furniture,2024-11-23,457.02,319.11,0.27,3,137.91
ORD-002926,West,Furniture,2024-11-27,766.28,515.62,0.16,4,250.66
ORD-002927,West,Groceries,2024-11-26,155.86,108.69,0.13,5,47.17
ORD-002928,West,Groceries,2024-11-26,73.37,51.18,0.31,2,22.19
ORD-002929,West,Electronics,2024-11-12,220.94,141.61,0.2,1,79.33
ORD-002930,West,Electronics,2024-11-06,972.58,554.19,0.17,4,418.39
ORD-002931,West,Electronics,2024-11-09,895.37,597.95,0.16,4,297.42
ORD-002932,West,Electronics,2024-11-24,955.17,646.45,0.09,4,308.72
ORD-002933,West,Groceries,2024-11-01,161.27,122.57,0.2,5,38.7
ORD-002934,West,Clothing,2024-11-04,186.36,120.62,0.31,3,65.74
ORD-002935,West,Furniture,2024-11-16,531.29,395.56,0.31,3,135.73
ORD-002936,West,Groceries,2024-11-12,106.7,78.42,0.04,3,28.28
ORD-002937,West,Groceries,2024-11-17,205.6,158.28,0.1,5,47.32
ORD-002938,West,Electronics,2024-11-17,1042.41,665.24,0.0,4,377.17
ORD-002939,West,Furniture,2024-11-01,332.03,218.29,0.3,2,113.74
ORD-002940,West,Electronics,2024-11-03,186.73,126.15,0.33,1,60.58
ORD-002941,West,Furniture,2024-11-10,391.09,278.16,0.13,2,112.93
ORD-002942,West,Groceries,2024-11-14,71.46,57.22,0.03,2,14.24
ORD-002943,West,Furniture,2024-11-26,187.62,132.85,0.31,1,54.77
ORD-002944,West,Electronics,2024-11-26,647.54,420.85,0.11,3,226.69
ORD-002945,West,Furniture,2024-11-02,161.49,110.22,0.12,1,51.27
ORD-002946,West,Clothing,2024-11-02,224.8,124.18,0.15,4,100.62
ORD-002947,West,Electronics,2024-11-04,514.62,346.49,0.24,3,168.13
ORD-002948,West,Electronics,2024-11-24,546.73,357.16,0.07,3,189.57
ORD-002949,West,Electronics,2024-11-14,722.98,480.53,0.11,4,242.45
ORD-002950,West,Electronics,2024-11-05,661.45,414.17,0.0,3,247.28
ORD-002951,West,Furniture,2024-11-09,334.56,257.95,0.3,2,76.61
ORD-002952,West,Furniture,2024-11-12,311.93,239.85,0.17,2,72.08
ORD-002953,West,Electronics,2024-11-22,889.42,601.71,0.03,4,287.71
ORD-002954,West,Electronics,2024-11-22,974.01,628.33,0.29,4,345.68
ORD-002955,West,Groceries,2024-11-13,138.79,98.87,0.06,3,39.92
ORD-002956,West,Groceries,2024-11-12,220.35,147.19,0.01,5,73.16
ORD-002957,West,Clothing,2024-11-24,233.89,125.17,0.13,4,108.72
ORD-002958,West,Furniture,2024-11-19,733.27,461.6,0.15,4,271.67
ORD-002959,West,Clothing,2024-11-08,245.77,150.16,0.14,4,95.61
ORD-002960,West,Electronics,2024-11-07,1060.13,632.39,0.29,5,427.74
ORD-002961,West,Furniture,2024-11-14,861.64,583.47,0.08,5,278.17
ORD-002962,West,Electronics,2024-11-19,197.64,135.08,0.16,1,62.56
ORD-002963,West,Furniture,2024-11-09,463.96,349.44,0.03,3,114.52
ORD-002964,West,Groceries,2024-11-01,102.98,67.81,0.27,3,35.17
ORD-002965,West,Electronics,2024-11-16,248.17,163.45,0.06,1,84.72
ORD-002966,West,Clothing,2024-11-13,58.67,34.77,0.28,1,23.9
ORD-002967,West,Furniture,2024-11-22,152.87,105.43,0.11,1,47.44
ORD-002968,West,Clothing,2024-11-11,62.83,35.72,0.31,1,27.11
ORD-002969,West,Electronics,2024-11-07,218.4,123.74,0.34,1,94.66
ORD-002970,West,Furniture,2024-11-21,187.32,125.86,0.28,1,61.46
ORD-002971,West,Groceries,2024-11-21,62.5,45.36,0.29,2,17.14
ORD-002972,West,Electronics,2024-11-21,581.61,375.56,0.31,3,206.05
ORD-002973,West,Clothing,2024-11-01,107.91,70.87,0.22,2,37.04
ORD-002974,West,Groceries,2024-11-24,180.84,128.39,0.17,4,52.45
ORD-002975,West,Groceries,2024-11-26,145.85,99.28,0.12,4,46.57
ORD-002976,West,Clothing,2024-11-25,64.49,34.72,0.11,1,29.77
ORD-002977,West,Groceries,2024-11-10,86.51,60.76,0.28,2,25.75
ORD-002978,West,Furniture,2024-11-05,937.25,725.53,0.15,5,211.72
ORD-002979,West,Furniture,2024-11-05,765.74,574.69,0.28,4,191.05
ORD-002980,West,Furniture,2024-11-26,887.26,673.37,0.01,5,213.89
ORD-002981,West,Furniture,2024-11-24,949.85,703.45,0.23,5,246.4
ORD-002982,West,Clothing,2024-11-20,181.12,106.79,0.23,3,74.33
ORD-002983,West,Furniture,2024-11-25,323.08,207.5,0.08,2,115.58
ORD-002984,West,Groceries,2024-11-01,28.61,18.83,0.14,1,9.78
ORD-002985,West,Clothing,2024-11-12,211.24,113.34,0.18,4,97.9
ORD-002986,West,Furniture,2024-11-25,187.22,125.36,0.23,1,61.86
ORD-002987,West,Groceries,2024-11-24,90.68,67.2,0.2,3,23.48
ORD-002988,West,Groceries,2024-11-25,127.25,101.21,0.31,4,26.04
ORD-002989,West,Electronics,2024-11-09,378.08,242.89,0.06,2,135.19
ORD-002990,West,Furniture,2024-11-19,298.12,223.61,0.02,2,74.51
ORD-002991,West,Furniture,2024-11-01,733.47,470.57,0.22,4,262.9
ORD-002992,West,Furniture,2024-11-18,437.72,321.13,0.22,3,116.59
ORD-002993,West,Electronics,2024-11-11,995.67,605.77,0.27,4,389.9
ORD-002994,West,Electronics,2024-11-24,450.39,305.03,0.06,2,145.36
ORD-002995,West,Furniture,2024-11-09,533.37,345.71,0.28,3,187.66
ORD-002996,West,Furniture,2024-11-27,219.48,156.98,0.29,1,62.5
ORD-002997,West,Electronics,2024-11-18,428.15,288.27,0.01,2,139.88
ORD-002998,West,Furniture,2024-11-19,156.58,102.16,0.16,1,54.42
ORD-002999,West,Groceries,2024-11-06,210.75,174.13,0.32,5,36.62
ORD-003000,West,Electronics,2024-11-15,1033.89,724.97,0.15,5,308.92
ORD-003001,West,Furniture,2024-11-08,413.95,263.54,0.28,2,150.41
ORD-003002,West,Furniture,2024-11-16,588.1,378.43,0.06,3,209.67
ORD-003003,West,Furniture,2024-11-23,327.94,245.03,0.18,2,82.91
ORD-003004,West,Furniture,2024-11-16,316.63,207.22,0.26,2,109.41
ORD-003005,West,Furniture,2024-11-16,741.44,459.59,0.16,4,281.85
ORD-003006,West,Furniture,2024-11-03,161.05,124.89,0.11,1,36.16
ORD-003007,West,Groceries,2024-11-01,136.92,109.33,0.08,3,27.59
ORD-003008,West,Furniture,2024-11-23,762.1,512.24,0.22,4,249.86
ORD-003009,West,Electronics,2024-11-04,662.96,422.07,0.07,4,240.89
ORD-003010,West,Electronics,2024-11-19,184.84,122.27,0.14,1,62.57
ORD-003011,West,Clothing,2024-11-11,208.06,110.28,0.31,4,97.78
ORD-003012,West,Electronics,2024-11-02,611.03,362.2,0.16,3,248.83
ORD-003013,West,Clothing,2024-11-23,252.08,167.33,0.16,4,84.75
ORD-003014,West,Electronics,2024-11-23,939.17,549.71,0.02,5,389.46
ORD-003015,West,Electronics,2024-11-10,817.21,531.14,0.26,4,286.07
ORD-003016,West,Groceries,2024-11-03,34.4,25.94,0.03,1,8.46
ORD-003017,West,Furniture,2024-11-18,838.57,544.23,0.23,5,294.34
ORD-003018,West,Clothing,2024-11-25,107.59,67.86,0.26,2,39.73
ORD-003019,West,Electronics,2024-11-18,1066.27,640.33,0.16,5,425.94
ORD-003020,West,Furniture,2024-11-22,359.87,250.89,0.06,2,108.98
ORD-003021,West,Clothing,2024-11-20,239.72,143.97,0.11,4,95.75
ORD-003022,West,Electronics,2024-11-21,885.54,600.03,0.23,4,285.51
ORD-003023,North,Electronics,2024-11-15,617.19,431.69,0.24,3,185.5
ORD-003024,North,Clothing,2024-11-21,129.99,79.24,0.28,2,50.75
ORD-003025,North,Electronics,2024-11-27,457.9,323.86,0.28,2,134.04
ORD-003026,North,Electronics,2024-11-17,393.4,265.5,0.05,2,127.9
ORD-003027,North,Groceries,2024-11-07,193.09,127.59,0.25,5,65.5
ORD-003028,North,Electronics,2024-11-06,452.65,274.03,0.33,2,178.62
ORD-003029,North,Furniture,2024-11-08,511.01,314.38,0.13,3,196.63
ORD-003030,North,Electronics,2024-11-01,969.9,589.09,0.26,5,380.81
ORD-003031,North,Electronics,2024-11-20,251.45,174.68,0.06,1,76.77
ORD-003032,North,Clothing,2024-11-25,203.17,129.87,0.04,4,73.3
ORD-003033,North,Groceries,2024-11-23,78.59,53.26,0.33,2,25.33
ORD-003034,North,Electronics,2024-11-22,1138.23,762.83,0.03,5,375.4
ORD-003035,North,Clothing,2024-11-15,62.62,34.4,0.04,1,28.22
ORD-003036,North,Electronics,2024-11-03,847.3,488.93,0.07,4,358.37
ORD-003037,North,Clothing,2024-11-07,291.83,180.78,0.14,4,111.05
ORD-003038,North,Groceries,2024-11-18,136.26,102.96,0.3,4,33.3
ORD-003039,North,Furniture,2024-11-21,477.31,336.18,0.26,3,141.13
ORD-003040,North,Electronics,2024-11-13,760.97,510.14,0.21,4,250.83
ORD-003041,North,Electronics,2024-11-03,477.93,290.02,0.1,2,187.91
ORD-003042,North,Electronics,2024-11-17,431.93,297.45,0.24,2,134.48
ORD-003043,North,Electronics,2024-11-16,379.8,212.83,0.22,2,166.97
ORD-003044,North,Electronics,2024-11-26,187.95,110.97,0.34,1,76.98
ORD-003045,North,Furniture,2024-11-05,700.73,543.13,0.15,4,157.6
ORD-003046,North,Furniture,2024-11-13,344.98,220.62,0.2,2,124.36
ORD-003047,North,Groceries,2024-11-21,38.94,28.04,0.0,1,10.9
ORD-003048,North,Electronics,2024-11-19,1021.39,703.01,0.17,5,318.38
ORD-003049,North,Clothing,2024-11-25,68.02,44.36,0.28,1,23.66
ORD-003050,North,Furniture,2024-11-09,946.44,720.06,0.02,5,226.38
ORD-003051,North,Groceries,2024-11-10,156.5,110.71,0.33,4,45.79
ORD-003052,North,Electronics,2024-11-10,549.53,329.98,0.1,2,219.55
ORD-003053,North,Groceries,2024-11-24,29.57,22.25,0.08,1,7.32
ORD-003054,North,Electronics,2024-11-18,508.75,320.93,0.09,3,187.82
ORD-003055,North,Groceries,2024-11-16,208.02,169.49,0.29,5,38.53
ORD-003056,North,Electronics,2024-11-27,1071.86,646.72,0.14,5,425.14
ORD-003057,North,Electronics,2024-11-20,629.69,438.67,0.08,3,191.02
ORD-003058,North,Electronics,2024-11-11,204.3,143.96,0.25,1,60.34
ORD-003059,North,Clothing,2024-11-21,142.87,77.49,0.15,2,65.38
ORD-003060,North,Groceries,2024-11-10,35.12,26.93,0.07,1,8.19
ORD-003061,North,Furniture,2024-11-01,366.94,249.12,0.31,2,117.82
ORD-003062,North,Clothing,2024-11-02,61.42,39.11,0.23,1,22.31
ORD-003063,North,Groceries,2024-11-23,123.54,88.54,0.12,4,35.0
ORD-003064,North,Furniture,2024-11-27,629.44,418.7,0.33,3,210.74
ORD-003065,North,Clothing,2024-11-08,171.04,97.82,0.18,3,73.22
ORD-003066,North,Furniture,2024-11-26,366.26,244.9,0.23,2,121.36
ORD-003067,North,Groceries,2024-11-04,84.07,68.82,0.27,2,15.25
ORD-003068,North,Furniture,2024-11-11,799.54,580.9,0.2,4,218.64
ORD-003069,North,Clothing,2024-11-02,113.62,60.27,0.31,2,53.35
ORD-003070,North,Electronics,2024-11-04,202.23,119.84,0.14,1,82.39
ORD-003071,North,Clothing,2024-11-25,174.92,104.81,0.11,3,70.11
ORD-003072,North,Clothing,2024-11-04,197.14,105.68,0.07,3,91.46
ORD-003073,North,Furniture,2024-11-04,997.61,750.61,0.04,5,247.0
ORD-003074,North,Clothing,2024-11-10,124.93,78.03,0.02,2,46.9
ORD-003075,North,Groceries,2024-11-12,197.29,151.74,0.25,5,45.55
ORD-003076,North,Electronics,2024-11-10,713.46,463.74,0.33,3,249.72
ORD-003077,North,Furniture,2024-11-28,170.46,127.39,0.32,1,43.07
ORD-003078,North,Clothing,2024-11-04,68.48,36.6,0.21,1,31.88
ORD-003079,North,Groceries,2024-11-11,162.5,113.16,0.2,5,49.34
ORD-003080,North,Furniture,2024-11-07,540.76,339.04,0.22,3,201.72
ORD-003081,North,Furniture,2024-11-04,177.76,129.13,0.15,1,48.63
ORD-003082,North,Clothing,2024-11-15,125.27,82.71,0.33,2,42.56
ORD-003083,North,Electronics,2024-11-27,1134.23,651.65,0.18,5,482.58
ORD-003084,North,Electronics,2024-11-17,194.04,119.35,0.18,1,74.69
ORD-003085,North,Electronics,2024-11-16,390.18,230.74,0.19,2,159.44
ORD-003086,North,Furniture,2024-11-21,802.99,586.82,0.13,5,216.17
ORD-003087,North,Furniture,2024-11-19,839.43,595.82,0.3,5,243.61
ORD-003088,North,Electronics,2024-11-02,507.66,288.05,0.32,2,219.61
ORD-003089,North,Clothing,2024-11-26,211.01,135.27,0.25,3,75.74
ORD-003090,North,Furniture,2024-11-11,716.5,469.06,0.33,4,247.44
ORD-003091,North,Electronics,2024-11-22,887.8,537.85,0.35,4,349.95
ORD-003092,North,Electronics,2024-11-17,259.33,147.78,0.07,1,111.55
ORD-003093,North,Clothing,2024-11-04,67.42,41.3,0.04,1,26.12
ORD-003094,North,Electronics,2024-11-04,643.11,411.98,0.0,3,231.13
ORD-003095,North,Furniture,2024-11-14,349.78,216.14,0.01,2,133.64
ORD-003096,North,Furniture,2024-11-20,187.93,123.9,0.08,1,64.03
ORD-003097,North,Clothing,2024-11-01,270.44,157.8,0.08,5,112.64
ORD-003098,North,Furniture,2024-11-07,813.04,518.17,0.14,5,294.87
ORD-003099,North,Furniture,2024-11-01,886.18,655.38,0.33,4,230.8
ORD-003100,North,Electronics,2024-11-06,226.22,157.46,0.14,1,68.76
ORD-003101,North,Electronics,2024-11-21,706.17,454.11,0.16,3,252.06
ORD-003102,North,Clothing,2024-11-21,219.85,135.05,0.18,4,84.8
ORD-003103,North,Electronics,2024-11-25,662.95,464.63,0.25,3,198.32
ORD-003104,North,Electronics,2024-11-13,215.5,121.45,0.14,1,94.05
ORD-003105,North,Furniture,2024-11-01,571.97,364.04,0.18,3,207.93
ORD-003106,North,Clothing,2024-11-17,114.11,69.79,0.27,2,44.32
ORD-003107,South,Electronics,2024-11-01,1263.97,749.53,0.27,5,514.44
ORD-003108,South,Clothing,2024-11-22,166.56,101.06,0.32,3,65.5
ORD-003109,South,Clothing,2024-11-06,57.57,35.84,0.34,1,21.73
ORD-003110,South,Electronics,2024-11-10,1074.94,610.29,0.22,5,464.65
ORD-003111,South,Furniture,2024-11-05,382.53,286.8,0.01,2,95.73
ORD-003112,South,Clothing,2024-11-21,293.73,170.77,0.01,5,122.96
ORD-003113,South,Clothing,2024-11-04,125.72,82.89,0.11,2,42.83
ORD-003114,South,Electronics,2024-11-28,522.09,304.33,0.15,2,217.76
ORD-003115,South,Clothing,2024-11-25,238.05,157.96,0.01,4,80.09
ORD-003116,South,Clothing,2024-11-04,57.37,37.73,0.11,1,19.64
ORD-003117,South,Groceries,2024-11-18,164.76,124.64,0.34,4,40.12
ORD-003118,South,Electronics,2024-11-01,509.54,317.02,0.15,2,192.52
ORD-003119,South,Clothing,2024-11-17,272.82,146.37,0.29,5,126.45
ORD-003120,South,Furniture,2024-11-19,978.75,601.94,0.3,4,376.81
ORD-003121,South,Clothing,2024-11-27,133.12,75.71,0.23,2,57.41
ORD-003122,South,Groceries,2024-11-28,37.18,27.7,0.06,1,9.48
ORD-003123,South,Clothing,2024-11-24,272.92,156.15,0.34,5,116.77
ORD-003124,South,Electronics,2024-11-14,245.91,157.67,0.27,1,88.24
ORD-003125,South,Clothing,2024-11-03,194.19,116.35,0.24,3,77.84
ORD-003126,South,Furniture,2024-11-10,324.02,241.59,0.17,2,82.43
ORD-003127,South,Furniture,2024-11-14,705.85,465.14,0.02,4,240.71
ORD-003128,South,Clothing,2024-11-08,221.91,147.8,0.14,4,74.11
ORD-003129,South,Furniture,2024-11-11,562.34,344.71,0.3,3,217.63
ORD-003130,South,Furniture,2024-11-21,212.28,130.02,0.24,1,82.26
ORD-003131,South,Electronics,2024-11-13,736.68,419.23,0.35,3,317.45
ORD-003132,South,Furniture,2024-11-12,175.43,124.86,0.17,1,50.57
ORD-003133,South,Electronics,2024-11-14,224.53,160.07,0.12,1,64.46
ORD-003134,South,Furniture,2024-11-22,314.12,239.69,0.33,2,74.43
ORD-003135,South,Electronics,2024-11-11,1210.83,684.09,0.25,5,526.74
ORD-003136,South,Electronics,2024-11-26,524.43,338.6,0.15,2,185.83
ORD-003137,South,Groceries,2024-11-21,155.34,123.74,0.01,5,31.6
ORD-003138,South,Electronics,2024-11-06,453.1,296.65,0.11,2,156.45
ORD-003139,South,Groceries,2024-11-03,182.41,133.99,0.15,5,48.42
ORD-003140,South,Electronics,2024-11-21,861.9,523.55,0.18,4,338.35
ORD-003141,South,Clothing,2024-11-11,212.52,124.31,0.31,4,88.21
ORD-003142,South,Clothing,2024-11-04,262.67,149.97,0.33,5,112.7
ORD-003143,South,Clothing,2024-11-01,73.46,39.74,0.31,1,33.72
ORD-003144,South,Groceries,2024-11-20,36.83,27.86,0.15,1,8.97
ORD-003145,South,Electronics,2024-11-27,783.69,475.3,0.07,3,308.39
ORD-003146,South,Groceries,2024-11-27,96.78,67.24,0.28,3,29.54
ORD-003147,South,Furniture,2024-11-28,566.61,419.92,0.03,3,146.69
ORD-003148,South,Clothing,2024-11-28,98.1,63.75,0.14,2,34.35
ORD-003149,South,Groceries,2024-11-19,208.73,153.26,0.02,5,55.47
ORD-003150,South,Furniture,2024-11-26,211.7,163.77,0.03,1,47.93
ORD-003151,South,Clothing,2024-11-28,287.49,187.55,0.35,5,99.94
ORD-003152,South,Clothing,2024-11-22,307.97,179.84,0.1,5,128.13
ORD-003153,South,Groceries,2024-11-19,118.34,96.53,0.03,3,21.81
ORD-003154,South,Groceries,2024-11-03,202.54,154.22,0.12,5,48.32
ORD-003155,South,Clothing,2024-11-22,63.8,34.96,0.06,1,28.84
ORD-003156,South,Electronics,2024-11-14,432.92,262.95,0.29,2,169.97
ORD-003157,South,Groceries,2024-11-24,140.17,105.16,0.06,4,35.01
ORD-003158,South,Furniture,2024-11-12,644.23,463.68,0.09,3,180.55
ORD-003159,South,Clothing,2024-11-27,125.75,80.52,0.08,2,45.23
ORD-003160,South,Electronics,2024-11-26,219.31,147.57,0.03,1,71.74
ORD-003161,South,Clothing,2024-11-18,194.43,124.68,0.24,4,69.75
ORD-003162,South,Furniture,2024-11-05,532.7,371.02,0.03,3,161.68
ORD-003163,South,Groceries,2024-11-09,69.78,56.54,0.2,2,13.24
ORD-003164,South,Clothing,2024-11-05,128.35,79.0,0.09,2,49.35
ORD-003165,South,Clothing,2024-11-07,204.08,106.87,0.1,4,97.21
ORD-003166,South,Electronics,2024-11-22,594.2,347.94,0.2,3,246.26
ORD-003167,South,Electronics,2024-11-12,431.22,288.7,0.23,2,142.52
ORD-003168,South,Electronics,2024-11-04,658.17,425.19,0.22,3,232.98
ORD-003169,South,Groceries,2024-11-10,153.48,114.9,0.08,4,38.58
ORD-003170,South,Electronics,2024-11-18,209.98,139.8,0.25,1,70.18
ORD-003171,South,Furniture,2024-11-16,538.08,372.17,0.31,3,165.91
ORD-003172,South,Electronics,2024-11-28,868.53,512.65,0.25,4,355.88
ORD-003173,South,Electronics,2024-11-08,845.26,566.45,0.2,4,278.81
ORD-003174,South,Electronics,2024-11-13,994.36,704.0,0.04,5,290.36
ORD-003175,East,Furniture,2024-12-17,793.87,531.91,0.26,5,261.96
ORD-003176,East,Furniture,2024-12-19,927.91,603.71,0.03,4,324.2
ORD-003177,East,Electronics,2024-12-27,1012.87,603.64,0.19,5,409.23
ORD-003178,East,Clothing,2024-12-10,259.62,162.57,0.08,4,97.05
ORD-003179,East,Furniture,2024-12-06,724.62,528.5,0.25,4,196.12
ORD-003180,East,Groceries,2024-12-06,167.65,137.24,0.23,4,30.41
ORD-003181,East,Groceries,2024-12-28,99.34,82.24,0.22,3,17.1
ORD-003182,East,Furniture,2024-12-26,165.79,104.57,0.11,1,61.22
ORD-003183,East,Electronics,2024-12-24,711.68,430.66,0.18,3,281.02
ORD-003184,East,Electronics,2024-12-27,186.67,109.67,0.09,1,77.0
ORD-003185,East,Clothing,2024-12-18,289.64,165.12,0.32,5,124.52
ORD-003186,East,Clothing,2024-12-21,110.13,73.16,0.25,2,36.97
ORD-003187,East,Furniture,2024-12-27,963.93,711.18,0.27,5,252.75
ORD-003188,East,Furniture,2024-12-15,656.11,467.95,0.13,4,188.16
ORD-003189,East,Furniture,2024-12-27,189.21,142.49,0.1,1,46.72
ORD-003190,East,Electronics,2024-12-02,637.25,400.47,0.11,3,236.78
ORD-003191,East,Clothing,2024-12-14,291.41,166.82,0.04,5,124.59
ORD-003192,East,Electronics,2024-12-06,1135.48,756.09,0.3,5,379.39
ORD-003193,East,Clothing,2024-12-15,289.35,151.28,0.23,5,138.07
ORD-003194,East,Electronics,2024-12-08,745.95,436.39,0.01,4,309.56
ORD-003195,East,Groceries,2024-12-09,105.4,75.97,0.34,3,29.43
ORD-003196,East,Clothing,2024-12-14,208.69,120.01,0.21,3,88.68
ORD-003197,East,Electronics,2024-12-05,970.7,672.47,0.32,4,298.23
ORD-003198,East,Groceries,2024-12-15,37.26,30.36,0.01,1,6.9
ORD-003199,East,Furniture,2024-12-06,147.64,113.69,0.28,1,33.95
ORD-003200,East,Electronics,2024-12-27,900.09,528.48,0.22,4,371.61
ORD-003201,East,Clothing,2024-12-25,284.78,164.79,0.16,5,119.99
ORD-003202,East,Electronics,2024-12-25,850.17,500.66,0.14,4,349.51
ORD-003203,East,Clothing,2024-12-25,75.88,41.51,0.33,1,34.37
ORD-003204,East,Furniture,2024-12-11,332.74,259.93,0.25,2,72.81
ORD-003205,East,Electronics,2024-12-03,989.72,590.27,0.04,5,399.45
ORD-003206,East,Electronics,2024-12-04,660.58,418.39,0.16,3,242.19
ORD-003207,East,Groceries,2024-12-08,137.46,111.54,0.34,4,25.92
ORD-003208,East,Electronics,2024-12-07,162.48,94.21,0.03,1,68.27
ORD-003209,East,Electronics,2024-12-17,397.29,237.63,0.33,2,159.66
ORD-003210,East,Clothing,2024-12-03,255.34,135.81,0.32,4,119.53
ORD-003211,East,Clothing,2024-12-20,67.61,38.09,0.33,1,29.52
ORD-003212,East,Groceries,2024-12-21,30.72,20.17,0.01,1,10.55
ORD-003213,East,Electronics,2024-12-17,590.88,416.58,0.06,3,174.3
ORD-003214,East,Electronics,2024-12-02,704.23,478.2,0.17,4,226.03
ORD-003215,East,Furniture,2024-12-16,357.44,230.02,0.1,2,127.42
ORD-003216,East,Electronics,2024-12-16,694.08,465.72,0.2,3,228.36
ORD-003217,East,Furniture,2024-12-27,463.78,333.92,0.0,3,129.86
ORD-003218,East,Clothing,2024-12-15,259.6,135.57,0.25,5,124.03
ORD-003219,East,Clothing,2024-12-19,281.56,173.07,0.2,5,108.49
ORD-003220,East,Electronics,2024-12-15,451.63,309.67,0.15,2,141.96
ORD-003221,East,Furniture,2024-12-28,182.03,118.9,0.32,1,63.13
ORD-003222,East,Electronics,2024-12-24,1307.29,815.71,0.34,5,491.58
ORD-003223,East,Electronics,2024-12-24,377.15,216.94,0.33,2,160.21
ORD-003224,East,Furniture,2024-12-25,621.49,381.9,0.09,4,239.59
ORD-003225,East,Electronics,2024-12-15,714.72,441.9,0.29,3,272.82
ORD-003226,East,Electronics,2024-12-20,1039.64,591.51,0.06,4,448.13
ORD-003227,East,Electronics,2024-12-18,723.37,495.92,0.28,4,227.45
ORD-003228,East,Electronics,2024-12-25,758.07,428.11,0.33,4,329.96
ORD-003229,East,Electronics,2024-12-19,408.05,279.39,0.29,2,128.66
ORD-003230,East,Groceries,2024-12-28,71.73,54.98,0.1,2,16.75
ORD-003231,East,Electronics,2024-12-05,193.98,128.8,0.02,1,65.18
ORD-003232,East,Groceries,2024-12-23,100.43,73.59,0.25,3,26.84
ORD-003233,East,Clothing,2024-12-13,293.34,154.96,0.18,5,138.38
ORD-003234,East,Furniture,2024-12-08,740.56,534.92,0.15,4,205.64
ORD-003235,East,Furniture,2024-12-05,848.03,551.28,0.14,5,296.75
ORD-003236,East,Electronics,2024-12-20,770.28,479.2,0.31,3,291.08
ORD-003237,East,Clothing,2024-12-15,46.26,30.59,0.33,1,15.67
ORD-003238,East,Clothing,2024-12-22,129.97,86.02,0.03,2,43.95
ORD-003239,East,Groceries,2024-12-20,169.62,122.53,0.12,4,47.09
ORD-003240,East,Clothing,2024-12-19,101.04,61.68,0.05,2,39.36
ORD-003241,East,Furniture,2024-12-17,176.3,112.25,0.03,1,64.05
ORD-003242,East,Electronics,2024-12-17,1044.38,708.89,0.26,5,335.49
ORD-003243,East,Electronics,2024-12-04,1064.67,676.74,0.04,5,387.93
ORD-003244,East,Furniture,2024-12-19,801.81,491.97,0.22,4,309.84
ORD-003245,East,Electronics,2024-12-13,415.96,296.51,0.13,2,119.45
ORD-003246,East,Electronics,2024-12-14,1046.64,728.86,0.25,5,317.78
ORD-003247,East,Furniture,2024-12-22,473.19,331.56,0.32,3,141.63
ORD-003248,East,Electronics,2024-12-09,1144.63,720.65,0.11,5,423.98
ORD-003249,East,Electronics,2024-12-12,1099.21,682.59,0.1,5,416.62
ORD-003250,East,Furniture,2024-12-18,355.81,257.05,0.23,2,98.76
ORD-003251,East,Clothing,2024-12-05,190.42,100.8,0.12,3,89.62
ORD-003252,East,Groceries,2024-12-10,86.49,57.38,0.16,2,29.11
ORD-003253,East,Furniture,2024-12-06,138.19,99.87,0.17,1,38.32
ORD-003254,East,Groceries,2024-12-26,27.72,22.86,0.03,1,4.86
ORD-003255,East,Electronics,2024-12-12,351.66,225.98,0.2,2,125.68
ORD-003256,East,Groceries,2024-12-08,181.28,135.68,0.17,5,45.6
ORD-003257,East,Electronics,2024-12-09,691.96,468.0,0.17,3,223.96
ORD-003258,East,Electronics,2024-12-22,207.69,146.45,0.19,1,61.24
ORD-003259,East,Clothing,2024-12-14,205.52,120.28,0.05,3,85.24
ORD-003260,East,Groceries,2024-12-21,169.86,124.79,0.25,4,45.07
ORD-003261,East,Electronics,2024-12-10,1401.88,786.89,0.26,5,614.99
ORD-003262,East,Electronics,2024-12-24,617.06,360.44,0.25,3,256.62
ORD-003263,East,Furniture,2024-12-26,392.98,265.82,0.1,2,127.16
ORD-003264,East,Groceries,2024-12-07,38.7,26.43,0.23,1,12.27
ORD-003265,East,Furniture,2024-12-03,179.8,118.64,0.27,1,61.16
ORD-003266,East,Clothing,2024-12-06,172.07,92.24,0.25,3,79.83
ORD-003267,East,Clothing,2024-12-26,244.07,139.36,0.09,4,104.71
ORD-003268,East,Groceries,2024-12-05,184.59,130.06,0.27,5,54.53
ORD-003269,East,Clothing,2024-12-28,281.45,158.17,0.13,4,123.28
ORD-003270,East,Clothing,2024-12-07,153.17,91.34,0.27,3,61.83
ORD-003271,East,Groceries,2024-12-14,128.93,92.01,0.28,4,36.92
ORD-003272,East,Groceries,2024-12-16,81.25,66.84,0.33,2,14.41
ORD-003273,East,Clothing,2024-12-28,179.46,103.45,0.16,3,76.01
ORD-003274,East,Electronics,2024-12-16,627.06,360.54,0.09,3,266.52
ORD-003275,East,Clothing,2024-12-23,160.96,89.93,0.29,3,71.03
ORD-003276,West,Electronics,2024-12-21,505.67,344.39,0.1,2,161.28
ORD-003277,West,Electronics,2024-12-16,846.51,508.93,0.06,5,337.58
ORD-003278,West,Electronics,2024-12-22,730.13,476.66,0.2,4,253.47
ORD-003279,West,Furniture,2024-12-14,167.97,127.12,0.06,1,40.85
ORD-003280,West,Clothing,2024-12-02,254.93,151.98,0.07,5,102.95
ORD-003281,West,Electronics,2024-12-03,798.87,516.79,0.05,4,282.08
ORD-003282,West,Clothing,2024-12-26,196.96,107.51,0.14,3,89.45
ORD-003283,West,Groceries,2024-12-12,175.79,145.07,0.17,4,30.72
ORD-003284,West,Furniture,2024-12-26,523.1,364.32,0.11,3,158.78
ORD-003285,West,Furniture,2024-12-07,1040.94,677.66,0.22,5,363.28
ORD-003286,West,Clothing,2024-12-28,152.77,81.65,0.07,3,71.12
ORD-003287,West,Furniture,2024-12-08,740.12,547.92,0.13,4,192.2
ORD-003288,West,Electronics,2024-12-15,952.44,631.63,0.06,5,320.81
ORD-003289,West,Furniture,2024-12-26,1001.61,721.6,0.25,5,280.01
ORD-003290,West,Clothing,2024-12-05,191.39,108.85,0.02,3,82.54
ORD-003291,West,Electronics,2024-12-13,433.71,294.42,0.3,2,139.29
ORD-003292,West,Electronics,2024-12-23,178.08,100.21,0.25,1,77.87
ORD-003293,West,Groceries,2024-12-23,35.31,28.5,0.25,1,6.81
ORD-003294,West,Electronics,2024-12-07,1111.37,684.4,0.12,5,426.97
ORD-003295,West,Electronics,2024-12-24,509.25,310.31,0.08,2,198.94
ORD-003296,West,Electronics,2024-12-04,880.35,506.08,0.34,4,374.27
ORD-003297,West,Electronics,2024-12-01,369.59,227.29,0.12,2,142.3
ORD-003298,West,Electronics,2024-12-19,787.29,539.74,0.22,4,247.55
ORD-003299,West,Groceries,2024-12-18,66.26,51.24,0.16,2,15.02
ORD-003300,West,Clothing,2024-12-19,181.44,113.09,0.09,3,68.35
ORD-003301,West,Furniture,2024-12-04,341.76,210.04,0.06,2,131.72
ORD-003302,West,Electronics,2024-12-04,982.81,609.38,0.34,4,373.43
ORD-003303,West,Clothing,2024-12-05,125.54,73.38,0.13,2,52.16
ORD-003304,West,Furniture,2024-12-19,172.58,116.1,0.25,1,56.48
ORD-003305,West,Electronics,2024-12-24,1027.62,620.36,0.27,5,407.26
ORD-003306,West,Clothing,2024-12-14,288.06,183.21,0.14,4,104.85
ORD-003307,West,Electronics,2024-12-18,964.45,551.25,0.34,5,413.2
ORD-003308,West,Electronics,2024-12-15,908.0,522.86,0.26,4,385.14
ORD-003309,West,Clothing,2024-12-14,124.39,82.15,0.32,2,42.24
ORD-003310,West,Electronics,2024-12-11,449.41,314.85,0.29,2,134.56
ORD-003311,West,Furniture,2024-12-25,179.48,118.12,0.21,1,61.36
ORD-003312,West,Furniture,2024-12-18,757.76,566.26,0.33,4,191.5
ORD-003313,West,Electronics,2024-12-15,582.58,339.39,0.28,3,243.19
ORD-003314,West,Furniture,2024-12-05,131.58,90.07,0.06,1,41.51
ORD-003315,West,Electronics,2024-12-22,970.59,598.49,0.03,4,372.1
ORD-003316,West,Electronics,2024-12-19,871.65,543.95,0.12,5,327.7
ORD-003317,West,Furniture,2024-12-19,609.93,390.31,0.17,3,219.62
ORD-003318,West,Furniture,2024-12-16,671.01,428.17,0.19,3,242.84
ORD-003319,West,Electronics,2024-12-18,280.57,166.16,0.23,1,114.41
ORD-003320,West,Furniture,2024-12-05,382.0,261.82,0.32,2,120.18
ORD-003321,West,Electronics,2024-12-25,739.58,424.6,0.19,3,314.98
ORD-003322,West,Clothing,2024-12-14,61.51,40.53,0.25,1,20.98
ORD-003323,West,Groceries,2024-12-24,159.89,124.49,0.23,5,35.4
ORD-003324,West,Groceries,2024-12-18,128.46,96.71,0.04,4,31.75
ORD-003325,West,Groceries,2024-12-19,128.84,88.08,0.18,4,40.76
ORD-003326,West,Furniture,2024-12-19,664.96,463.4,0.09,4,201.56
ORD-003327,West,Furniture,2024-12-13,1160.05,886.32,0.27,5,273.73
ORD-003328,West,Electronics,2024-12-02,615.8,438.3,0.04,3,177.5
ORD-003329,West,Clothing,2024-12-12,312.71,208.49,0.33,5,104.22
ORD-003330,West,Groceries,2024-12-05,118.14,95.6,0.24,3,22.54
ORD-003331,West,Furniture,2024-12-15,652.5,467.16,0.3,4,185.34
ORD-003332,West,Electronics,2024-12-05,229.83,148.23,0.12,1,81.6
ORD-003333,West,Electronics,2024-12-21,663.57,436.57,0.2,4,227.0
ORD-003334,West,Furniture,2024-12-17,692.25,491.0,0.2,4,201.25
ORD-003335,West,Furniture,2024-12-13,207.09,142.65,0.15,1,64.44
ORD-003336,West,Electronics,2024-12-21,1116.76,780.45,0.22,5,336.31
ORD-003337,West,Electronics,2024-12-19,594.87,417.67,0.33,3,177.2
ORD-003338,West,Groceries,2024-12-16,40.0,30.6,0.31,1,9.4
ORD-003339,West,Electronics,2024-12-26,1062.21,642.64,0.35,5,419.57
ORD-003340,West,Clothing,2024-12-26,120.71,72.68,0.25,2,48.03
ORD-003341,West,Electronics,2024-12-22,199.2,119.64,0.24,1,79.56
ORD-003342,West,Electronics,2024-12-24,378.58,239.74,0.18,2,138.84
ORD-003343,West,Furniture,2024-12-10,825.77,548.17,0.14,4,277.6
ORD-003344,West,Electronics,2024-12-19,693.98,404.92,0.09,3,289.06
ORD-003345,West,Electronics,2024-12-05,832.65,564.75,0.19,4,267.9
ORD-003346,West,Electronics,2024-12-18,230.36,142.59,0.09,1,87.77
ORD-003347,West,Clothing,2024-12-01,158.9,101.48,0.31,3,57.42
ORD-003348,West,Electronics,2024-12-04,1059.62,669.33,0.14,4,390.29
ORD-003349,West,Furniture,2024-12-02,527.34,407.46,0.24,3,119.88
ORD-003350,West,Furniture,2024-12-27,610.65,379.63,0.23,3,231.02
ORD-003351,West,Electronics,2024-12-09,1357.59,802.91,0.01,5,554.68
ORD-003352,West,Clothing,2024-12-09,115.91,64.89,0.24,2,51.02
ORD-003353,West,Groceries,2024-12-03,164.23,111.04,0.12,5,53.19
ORD-003354,West,Furniture,2024-12-06,923.69,685.97,0.28,4,237.72
ORD-003355,West,Groceries,2024-12-27,39.7,26.68,0.0,1,13.02
ORD-003356,West,Furniture,2024-12-25,533.78,344.73,0.15,3,189.05
ORD-003357,West,Groceries,2024-12-13,150.46,110.02,0.13,5,40.44
ORD-003358,West,Furniture,2024-12-22,178.81,122.56,0.09,1,56.25
ORD-003359,West,Electronics,2024-12-01,574.25,335.09,0.24,3,239.16
ORD-003360,West,Clothing,2024-12-21,155.69,103.72,0.34,2,51.97
ORD-003361,West,Electronics,2024-12-05,1154.86,804.73,0.04,5,350.13
ORD-003362,West,Furniture,2024-12-15,198.16,141.34,0.28,1,56.82
ORD-003363,West,Furniture,2024-12-24,770.56,584.1,0.21,5,186.46
ORD-003364,West,Electronics,2024-12-28,391.53,269.8,0.32,2,121.73
ORD-003365,West,Furniture,2024-12-07,194.22,147.71,0.29,1,46.51
ORD-003366,West,Groceries,2024-12-24,105.21,70.87,0.06,3,34.34
ORD-003367,West,Furniture,2024-12-22,384.15,294.89,0.24,2,89.26
ORD-003368,West,Electronics,2024-12-25,932.84,626.53,0.13,3,306.31
ORD-003369,West,Furniture,2024-12-01,526.91,390.62,0.34,3,136.29
ORD-003370,West,Groceries,2024-12-03,133.84,90.33,0.01,3,43.51
ORD-003371,West,Clothing,2024-12-26,55.37,35.53,0.07,1,19.84
ORD-003372,West,Electronics,2024-12-02,804.03,509.37,0.04,4,294.66
ORD-003373,West,Furniture,2024-12-16,609.46,415.9,0.11,3,193.56
ORD-003374,West,Clothing,2024-12-20,62.99,33.06,0.33,1,29.93
ORD-003375,West,Clothing,2024-12-06,259.27,157.71,0.04,4,101.56
ORD-003376,West,Electronics,2024-12-27,215.88,126.87,0.28,1,89.01
ORD-003377,West,Furniture,2024-12-18,167.52,104.17,0.06,1,63.35
ORD-003378,North,Clothing,2024-12-24,62.47,39.54,0.17,1,22.93
ORD-003379,North,Clothing,2024-12-11,142.9,75.33,0.02,3,67.57
ORD-003380,North,Clothing,2024-12-04,236.2,154.55,0.09,4,81.65
ORD-003381,North,Furniture,2024-12-24,574.26,406.21,0.19,3,168.05
ORD-003382,North,Furniture,2024-12-22,476.07,303.27,0.05,3,172.8
ORD-003383,North,Clothing,2024-12-13,169.38,91.88,0.01,3,77.5
ORD-003384,North,Clothing,2024-12-28,151.26,97.91,0.13,3,53.35
ORD-003385,North,Electronics,2024-12-15,231.34,153.95,0.1,1,77.39
ORD-003386,North,Furniture,2024-12-06,377.04,290.07,0.14,2,86.97
ORD-003387,North,Furniture,2024-12-28,741.98,556.09,0.2,4,185.89
ORD-003388,North,Groceries,2024-12-09,109.41,77.31,0.01,3,32.1
ORD-003389,North,Electronics,2024-12-28,1072.14,601.56,0.1,4,470.58
ORD-003390,North,Furniture,2024-12-16,639.58,477.37,0.29,4,162.21
ORD-003391,North,Electronics,2024-12-23,148.82,92.8,0.33,1,56.02
ORD-003392,North,Groceries,2024-12-11,129.82,90.82,0.18,3,39.0
ORD-003393,North,Clothing,2024-12-03,63.36,39.68,0.03,1,23.68
ORD-003394,North,Groceries,2024-12-21,42.36,31.43,0.3,1,10.93
ORD-003395,North,Groceries,2024-12-08,74.63,59.92,0.35,2,14.71
ORD-003396,North,Electronics,2024-12-15,682.16,380.98,0.15,4,301.18
ORD-003397,North,Furniture,2024-12-15,1031.77,642.94,0.27,5,388.83
ORD-003398,North,Electronics,2024-12-24,689.83,389.51,0.34,3,300.32
ORD-003399,North,Clothing,2024-12-10,251.46,152.74,0.35,4,98.72
ORD-003400,North,Electronics,2024-12-27,262.16,174.9,0.13,1,87.26
ORD-003401,North,Electronics,2024-12-27,209.99,147.92,0.04,1,62.07
ORD-003402,North,Electronics,2024-12-26,227.28,133.5,0.21,1,93.78
ORD-003403,North,Electronics,2024-12-25,1242.66,795.45,0.02,5,447.21
ORD-003404,North,Clothing,2024-12-27,342.89,197.47,0.08,5,145.42
ORD-003405,North,Electronics,2024-12-25,1311.61,859.72,0.13,5,451.89
ORD-003406,North,Groceries,2024-12-15,40.56,32.98,0.34,1,7.58
ORD-003407,North,Furniture,2024-12-23,711.55,487.17,0.02,4,224.38
ORD-003408,North,Clothing,2024-12-20,347.58,193.03,0.26,5,154.55
ORD-003409,North,Electronics,2024-12-20,822.0,503.7,0.09,3,318.3
ORD-003410,North,Furniture,2024-12-11,776.67,573.54,0.3,4,203.13
ORD-003411,North,Electronics,2024-12-21,949.4,653.18,0.03,4,296.22
ORD-003412,North,Furniture,2024-12-16,202.71,157.5,0.04,1,45.21
ORD-003413,North,Electronics,2024-12-19,425.19,254.69,0.11,2,170.5
ORD-003414,North,Electronics,2024-12-25,395.88,235.92,0.14,2,159.96
ORD-003415,North,Groceries,2024-12-25,29.25,22.4,0.05,1,6.85
ORD-003416,North,Electronics,2024-12-25,853.75,487.34,0.31,4,366.41
ORD-003417,North,Clothing,2024-12-22,107.96,64.3,0.33,2,43.66
ORD-003418,North,Electronics,2024-12-15,775.1,531.31,0.03,3,243.79
ORD-003419,North,Furniture,2024-12-22,690.97,451.12,0.09,4,239.85
ORD-003420,North,Clothing,2024-12-09,253.94,152.65,0.33,4,101.29
ORD-003421,North,Clothing,2024-12-06,119.14,76.78,0.26,2,42.36
ORD-003422,North,Furniture,2024-12-02,608.99,426.36,0.11,4,182.63
ORD-003423,North,Electronics,2024-12-07,330.42,190.13,0.23,2,140.29
ORD-003424,North,Clothing,2024-12-09,257.82,139.8,0.13,4,118.02
ORD-003425,North,Clothing,2024-12-18,301.52,200.87,0.07,4,100.65
ORD-003426,North,Clothing,2024-12-14,383.36,218.21,0.12,5,165.15
ORD-003427,North,Clothing,2024-12-18,196.67,106.04,0.2,4,90.63
ORD-003428,North,Clothing,2024-12-16,297.27,167.34,0.27,5,129.93
ORD-003429,North,Clothing,2024-12-01,142.39,83.36,0.23,2,59.03
ORD-003430,North,Electronics,2024-12-18,614.15,378.08,0.12,3,236.07
ORD-003431,North,Electronics,2024-12-02,199.18,141.26,0.0,1,57.92
ORD-003432,North,Groceries,2024-12-05,92.17,70.98,0.13,3,21.19
ORD-003433,North,Furniture,2024-12-18,843.56,658.84,0.07,5,184.72
ORD-003434,North,Electronics,2024-12-27,470.59,291.67,0.1,2,178.92
ORD-003435,North,Electronics,2024-12-08,226.65,144.75,0.16,1,81.9
ORD-003436,North,Groceries,2024-12-26,147.89,121.38,0.3,5,26.51
ORD-003437,North,Groceries,2024-12-20,38.06,26.0,0.32,1,12.06
ORD-003438,North,Furniture,2024-12-25,395.28,256.19,0.13,2,139.09
ORD-003439,North,Groceries,2024-12-01,148.04,122.01,0.04,5,26.03
ORD-003440,North,Electronics,2024-12-16,1193.9,759.93,0.02,5,433.97
ORD-003441,North,Electronics,2024-12-11,410.54,243.06,0.29,2,167.48
ORD-003442,North,Electronics,2024-12-24,483.27,316.86,0.22,2,166.41
ORD-003443,North,Electronics,2024-12-16,440.13,261.22,0.2,2,178.91
ORD-003444,North,Electronics,2024-12-08,1177.06,739.82,0.05,5,437.24
ORD-003445,North,Electronics,2024-12-08,688.31,441.11,0.05,3,247.2
ORD-003446,North,Clothing,2024-12-28,289.72,173.4,0.22,4,116.32
ORD-003447,North,Groceries,2024-12-27,96.24,65.91,0.04,3,30.33
ORD-003448,North,Clothing,2024-12-02,63.34,33.25,0.21,1,30.09
ORD-003449,North,Electronics,2024-12-14,465.38,313.7,0.17,2,151.68
ORD-003450,North,Furniture,2024-12-21,769.42,574.73,0.26,4,194.69
ORD-003451,North,Furniture,2024-12-26,1046.85,806.23,0.28,5,240.62
ORD-003452,North,Electronics,2024-12-02,185.74,123.39,0.21,1,62.35
ORD-003453,North,Groceries,2024-12-16,88.06,66.02,0.01,2,22.04
ORD-003454,North,Furniture,2024-12-26,538.04,406.6,0.28,3,131.44
ORD-003455,North,Electronics,2024-12-24,429.38,272.28,0.09,2,157.1
ORD-003456,North,Electronics,2024-12-18,274.57,167.06,0.33,1,107.51
ORD-003457,North,Clothing,2024-12-21,336.42,175.89,0.09,5,160.53
ORD-003458,North,Clothing,2024-12-13,73.15,46.47,0.02,1,26.68
ORD-003459,North,Furniture,2024-12-16,182.4,121.42,0.01,1,60.98
ORD-003460,North,Groceries,2024-12-27,36.23,27.27,0.11,1,8.96
ORD-003461,North,Electronics,2024-12-05,993.25,605.17,0.1,4,388.08
ORD-003462,North,Groceries,2024-12-14,122.36,82.5,0.31,3,39.86
ORD-003463,North,Electronics,2024-12-07,1042.68,695.32,0.28,4,347.36
ORD-003464,North,Furniture,2024-12-10,388.43,275.23,0.12,2,113.2
ORD-003465,North,Electronics,2024-12-01,205.6,116.66,0.09,1,88.94
ORD-003466,South,Clothing,2024-12-17,175.79,94.24,0.28,3,81.55
ORD-003467,South,Electronics,2024-12-27,983.51,644.13,0.19,5,339.38
ORD-003468,South,Electronics,2024-12-11,898.37,530.89,0.34,4,367.48
ORD-003469,South,Electronics,2024-12-18,297.11,187.47,0.23,1,109.64
ORD-003470,South,Clothing,2024-12-18,54.57,33.29,0.14,1,21.28
ORD-003471,South,Electronics,2024-12-05,829.02,581.73,0.01,5,247.29
ORD-003472,South,Furniture,2024-12-08,337.81,249.79,0.26,2,88.02
ORD-003473,South,Clothing,2024-12-22,124.52,74.2,0.09,2,50.32
ORD-003474,South,Groceries,2024-12-22,87.65,60.63,0.16,2,27.02
ORD-003475,South,Groceries,2024-12-04,39.92,28.32,0.23,1,11.6
ORD-003476,South,Clothing,2024-12-07,66.58,35.64,0.29,1,30.94
ORD-003477,South,Electronics,2024-12-17,611.07,398.73,0.09,3,212.34
ORD-003478,South,Furniture,2024-12-01,515.52,359.25,0.22,3,156.27
ORD-003479,South,Furniture,2024-12-25,736.12,568.46,0.31,4,167.66
ORD-003480,South,Furniture,2024-12-11,406.01,300.61,0.07,2,105.4
ORD-003481,South,Electronics,2024-12-05,1082.95,724.2,0.07,5,358.75
ORD-003482,South,Furniture,2024-12-22,153.69,98.72,0.11,1,54.97
ORD-003483,South,Furniture,2024-12-18,353.56,228.0,0.27,2,125.56
ORD-003484,South,Furniture,2024-12-05,176.67,112.16,0.13,1,64.51
ORD-003485,South,Furniture,2024-12-04,588.64,448.47,0.31,3,140.17
ORD-003486,South,Electronics,2024-12-18,410.1,280.33,0.31,2,129.77
ORD-003487,South,Clothing,2024-12-18,77.76,43.4,0.17,1,34.36
ORD-003488,South,Electronics,2024-12-19,1252.37,733.3,0.21,5,519.07
ORD-003489,South,Clothing,2024-12-17,234.64,151.32,0.0,4,83.32
ORD-003490,South,Clothing,2024-12-12,138.01,91.64,0.14,2,46.37
ORD-003491,South,Electronics,2024-12-05,483.92,334.24,0.02,3,149.68
ORD-003492,South,Furniture,2024-12-05,207.89,144.34,0.04,1,63.55
ORD-003493,South,Furniture,2024-12-26,828.03,513.91,0.33,4,314.12
ORD-003494,South,Electronics,2024-12-14,835.45,496.88,0.06,4,338.57
ORD-003495,South,Electronics,2024-12-02,1115.48,768.02,0.04,5,347.46
ORD-003496,South,Clothing,2024-12-12,231.04,138.56,0.09,4,92.48
ORD-003497,South,Clothing,2024-12-10,112.11,73.45,0.09,2,38.66
ORD-003498,South,Groceries,2024-12-06,27.31,18.64,0.29,1,8.67
ORD-003499,South,Clothing,2024-12-28,73.62,42.83,0.31,1,30.79
ORD-003500,South,Groceries,2024-12-23,66.65,53.1,0.06,2,13.55
ORD-003501,South,Groceries,2024-12-28,65.79,44.95,0.05,2,20.84
ORD-003502,South,Groceries,2024-12-25,45.21,37.02,0.18,1,8.19
ORD-003503,South,Groceries,2024-12-05,151.38,112.05,0.12,4,39.33
ORD-003504,South,Furniture,2024-12-23,947.51,695.99,0.03,5,251.52
ORD-003505,South,Groceries,2024-12-06,27.57,20.8,0.13,1,6.77
ORD-003506,South,Electronics,2024-12-02,536.51,316.05,0.05,2,220.46
ORD-003507,South,Clothing,2024-12-06,133.34,76.19,0.16,2,57.15
ORD-003508,South,Furniture,2024-12-19,335.64,232.9,0.14,2,102.74
ORD-003509,South,Electronics,2024-12-20,926.06,638.69,0.21,5,287.37
ORD-003510,South,Clothing,2024-12-15,66.4,38.72,0.15,1,27.68
ORD-003511,South,Groceries,2024-12-17,151.04,105.0,0.09,4,46.04
ORD-003512,South,Clothing,2024-12-08,238.01,124.91,0.34,4,113.1
ORD-003513,South,Furniture,2024-12-14,777.61,522.39,0.28,4,255.22
ORD-003514,South,Clothing,2024-12-14,234.28,155.1,0.07,4,79.18
ORD-003515,South,Electronics,2024-12-24,214.68,137.91,0.08,1,76.77
ORD-003516,South,Groceries,2024-12-21,92.63,67.95,0.34,3,24.68
ORD-003517,South,Furniture,2024-12-18,320.58,222.89,0.2,2,97.69
ORD-003518,South,Electronics,2024-12-11,1288.99,727.05,0.25,5,561.94
ORD-003519,South,Electronics,2024-12-08,188.3,111.34,0.34,1,76.96
ORD-003520,South,Groceries,2024-12-13,33.92,22.46,0.27,1,11.46
ORD-003521,South,Electronics,2024-12-27,324.9,187.46,0.24,2,137.44
ORD-003522,South,Furniture,2024-12-16,330.26,242.74,0.06,2,87.52
ORD-003523,South,Groceries,2024-12-13,172.65,140.52,0.26,5,32.13
ORD-003524,South,Furniture,2024-12-12,425.49,285.11,0.33,2,140.38
ORD-003525,South,Electronics,2024-12-12,629.37,386.73,0.31,3,242.64
ORD-003526,South,Electronics,2024-12-01,221.54,141.07,0.33,1,80.47
ORD-003527,South,Furniture,2024-12-04,467.97,317.68,0.2,3,150.29
ORD-003528,South,Electronics,2024-12-16,923.72,576.1,0.23,4,347.62
ORD-003529,South,Electronics,2024-12-23,1114.92,722.32,0.11,5,392.6
ORD-003530,South,Electronics,2024-12-09,721.93,502.73,0.09,3,219.2
ORD-003531,South,Groceries,2024-12-14,166.11,119.34,0.06,4,46.77
ORD-003532,South,Groceries,2024-12-04,38.9,25.53,0.1,1,13.37
ORD-003533,South,Electronics,2024-12-20,1061.92,747.16,0.13,5,314.76
ORD-003534,South,Electronics,2024-12-22,236.91,162.58,0.15,1,74.33
ORD-003535,South,Clothing,2024-12-05,128.49,71.03,0.27,2,57.46
ORD-003536,South,Groceries,2024-12-25,127.38,92.37,0.29,3,35.01
ORD-003537,East,Clothing,2025-01-07,127.04,73.12,0.23,2,53.92
ORD-003538,East,Electronics,2025-01-12,748.01,480.75,0.31,3,267.26
ORD-003539,East,Electronics,2025-01-13,219.84,136.32,0.24,1,83.52
ORD-003540,East,Electronics,2025-01-15,435.47,285.46,0.29,2,150.01
ORD-003541,East,Electronics,2025-01-13,586.12,392.49,0.03,3,193.63
ORD-003542,East,Furniture,2025-01-22,553.56,409.34,0.13,3,144.22
ORD-003543,East,Groceries,2025-01-03,89.4,66.44,0.16,3,22.96
ORD-003544,East,Clothing,2025-01-07,202.46,127.68,0.1,4,74.78
ORD-003545,East,Clothing,2025-01-18,95.48,59.69,0.31,2,35.79
ORD-003546,East,Clothing,2025-01-01,61.43,40.2,0.21,1,21.23
ORD-003547,East,Electronics,2025-01-06,245.7,166.47,0.32,1,79.23
ORD-003548,East,Groceries,2025-01-10,129.49,86.28,0.03,4,43.21
ORD-003549,East,Electronics,2025-01-26,833.66,527.51,0.15,4,306.15
ORD-003550,East,Electronics,2025-01-16,1105.43,681.97,0.17,5,423.46
ORD-003551,East,Clothing,2025-01-20,203.61,117.39,0.05,3,86.22
ORD-003552,East,Furniture,2025-01-27,805.97,517.2,0.33,5,288.77
ORD-003553,East,Groceries,2025-01-05,33.58,24.36,0.17,1,9.22
ORD-003554,East,Furniture,2025-01-28,322.05,239.42,0.0,2,82.63
ORD-003555,East,Clothing,2025-01-19,241.65,158.59,0.26,4,83.06
ORD-003556,East,Clothing,2025-01-08,195.63,115.41,0.15,4,80.22
ORD-003557,East,Furniture,2025-01-12,279.32,187.55,0.08,2,91.77
ORD-003558,East,Groceries,2025-01-26,115.5,94.85,0.15,4,20.65
ORD-003559,East,Furniture,2025-01-26,359.41,245.18,0.14,2,114.23
ORD-003560,East,Electronics,2025-01-28,265.52,168.5,0.04,1,97.02
ORD-003561,East,Clothing,2025-01-11,234.82,140.57,0.05,4,94.25
ORD-003562,East,Electronics,2025-01-06,619.69,425.37,0.12,3,194.32
ORD-003563,East,Furniture,2025-01-07,180.67,140.22,0.26,1,40.45
ORD-003564,East,Electronics,2025-01-13,495.21,293.93,0.23,2,201.28
ORD-003565,East,Groceries,2025-01-22,172.84,127.76,0.33,4,45.08
ORD-003566,East,Furniture,2025-01-26,584.39,432.81,0.32,3,151.58
ORD-003567,East,Furniture,2025-01-09,384.92,288.53,0.22,2,96.39
ORD-003568,East,Electronics,2025-01-25,619.9,431.15,0.21,3,188.75
ORD-003569,East,Groceries,2025-01-25,81.91,67.54,0.19,2,14.37
ORD-003570,East,Groceries,2025-01-22,102.04,72.12,0.01,3,29.92
ORD-003571,East,Electronics,2025-01-20,1165.76,650.92,0.07,4,514.84
ORD-003572,East,Clothing,2025-01-08,60.73,32.42,0.22,1,28.31
ORD-003573,East,Furniture,2025-01-25,403.44,256.28,0.28,2,147.16
ORD-003574,East,Groceries,2025-01-11,109.16,85.72,0.32,4,23.44
ORD-003575,East,Furniture,2025-01-03,421.16,312.39,0.3,2,108.77
ORD-003576,East,Furniture,2025-01-02,168.46,120.24,0.32,1,48.22
ORD-003577,East,Furniture,2025-01-19,563.55,430.13,0.29,3,133.42
ORD-003578,East,Electronics,2025-01-19,1401.72,984.27,0.21,5,417.45
ORD-003579,East,Electronics,2025-01-16,942.34,565.63,0.34,4,376.71
ORD-003580,East,Electronics,2025-01-26,1210.1,675.34,0.19,5,534.76
ORD-003581,East,Clothing,2025-01-25,117.15,62.75,0.32,2,54.4
ORD-003582,East,Furniture,2025-01-08,351.82,222.55,0.03,2,129.27
ORD-003583,East,Furniture,2025-01-18,346.42,266.72,0.09,2,79.7
ORD-003584,East,Groceries,2025-01-01,112.74,76.82,0.03,4,35.92
ORD-003585,East,Furniture,2025-01-25,606.51,447.97,0.0,3,158.54
ORD-003586,East,Groceries,2025-01-12,212.46,165.47,0.06,5,46.99
ORD-003587,East,Furniture,2025-01-26,920.43,675.19,0.34,5,245.24
ORD-003588,East,Furniture,2025-01-11,143.07,107.24,0.15,1,35.83
ORD-003589,East,Furniture,2025-01-07,962.49,735.05,0.21,5,227.44
ORD-003590,East,Groceries,2025-01-20,149.0,100.88,0.08,4,48.12
ORD-003591,East,Groceries,2025-01-12,88.31,69.22,0.22,3,19.09
ORD-003592,East,Furniture,2025-01-12,948.31,600.73,0.08,5,347.58
ORD-003593,East,Furniture,2025-01-22,184.23,124.76,0.23,1,59.47
ORD-003594,East,Electronics,2025-01-11,493.9,325.48,0.04,2,168.42
ORD-003595,East,Furniture,2025-01-17,848.51,623.8,0.33,4,224.71
ORD-003596,East,Clothing,2025-01-10,354.84,188.14,0.1,5,166.7
ORD-003597,East,Electronics,2025-01-11,372.52,247.82,0.11,2,124.7
ORD-003598,East,Furniture,2025-01-07,179.04,125.1,0.11,1,53.94
ORD-003599,East,Electronics,2025-01-28,922.41,595.07,0.0,4,327.34
ORD-003600,East,Electronics,2025-01-10,257.1,150.45,0.11,1,106.65
ORD-003601,East,Groceries,2025-01-14,129.72,98.87,0.17,4,30.85
ORD-003602,East,Groceries,2025-01-03,64.28,44.88,0.28,2,19.4
ORD-003603,East,Groceries,2025-01-24,62.07,48.24,0.05,2,13.83
ORD-003604,East,Electronics,2025-01-10,1118.86,676.81,0.26,4,442.05
ORD-003605,East,Clothing,2025-01-28,198.14,126.0,0.26,3,72.14
ORD-003606,East,Groceries,2025-01-22,130.51,84.93,0.34,4,45.58
ORD-003607,East,Clothing,2025-01-23,166.94,104.95,0.26,3,61.99
ORD-003608,East,Groceries,2025-01-26,141.03,92.17,0.01,4,48.86
ORD-003609,East,Furniture,2025-01-24,652.02,443.86,0.11,4,208.16
ORD-003610,East,Furniture,2025-01-24,183.09,116.4,0.13,1,66.69
ORD-003611,East,Furniture,2025-01-16,195.6,150.7,0.04,1,44.9
ORD-003612,East,Electronics,2025-01-11,212.57,132.07,0.01,1,80.5
ORD-003613,East,Electronics,2025-01-24,951.94,652.78,0.11,5,299.16
ORD-003614,East,Electronics,2025-01-03,1079.35,661.72,0.29,5,417.63
ORD-003615,East,Groceries,2025-01-02,108.09,73.13,0.27,3,34.96
ORD-003616,East,Electronics,2025-01-07,886.49,614.88,0.23,4,271.61
ORD-003617,East,Electronics,2025-01-11,816.1,540.37,0.27,3,275.73
ORD-003618,East,Electronics,2025-01-26,525.37,357.9,0.02,3,167.47
ORD-003619,East,Furniture,2025-01-01,816.78,510.9,0.12,5,305.88
ORD-003620,East,Clothing,2025-01-21,247.76,154.26,0.23,4,93.5
ORD-003621,East,Clothing,2025-01-10,313.0,183.44,0.02,5,129.56
ORD-003622,East,Furniture,2025-01-13,830.9,619.29,0.25,5,211.61
ORD-003623,East,Furniture,2025-01-26,761.12,499.71,0.06,4,261.41
ORD-003624,East,Furniture,2025-01-06,676.26,448.86,0.17,4,227.4
ORD-003625,East,Furniture,2025-01-09,990.78,722.93,0.27,5,267.85
ORD-003626,East,Clothing,2025-01-13,160.32,100.34,0.13,3,59.98
ORD-003627,East,Furniture,2025-01-05,341.55,213.5,0.35,2,128.05
ORD-003628,East,Electronics,2025-01-11,791.75,477.47,0.11,3,314.28
ORD-003629,East,Clothing,2025-01-05,244.21,131.06,0.12,4,113.15
ORD-003630,East,Groceries,2025-01-11,98.79,72.23,0.16,3,26.56
ORD-003631,East,Groceries,2025-01-01,186.3,136.99,0.12,5,49.31
ORD-003632,East,Groceries,2025-01-10,43.9,35.85,0.09,1,8.05
ORD-003633,East,Furniture,2025-01-23,216.24,159.25,0.05,1,56.99
ORD-003634,East,Electronics,2025-01-15,1038.59,698.57,0.21,4,340.02
ORD-003635,East,Electronics,2025-01-12,884.05,531.26,0.11,5,352.79
ORD-003636,East,Furniture,2025-01-06,196.49,143.38,0.01,1,53.11
ORD-003637,East,Groceries,2025-01-10,141.64,114.34,0.21,4,27.3
ORD-003638,East,Clothing,2025-01-13,191.21,117.98,0.14,4,73.23
ORD-003639,East,Furniture,2025-01-08,646.03,404.4,0.27,3,241.63
ORD-003640,East,Furniture,2025-01-28,357.69,247.79,0.11,2,109.9
ORD-003641,West,Clothing,2025-01-14,141.5,89.14,0.07,2,52.36
ORD-003642,West,Furniture,2025-01-21,553.56,400.48,0.26,3,153.08
ORD-003643,West,Electronics,2025-01-10,231.75,157.19,0.2,1,74.56
ORD-003644,West,Furniture,2025-01-09,907.01,558.21,0.08,5,348.8
ORD-003645,West,Electronics,2025-01-04,542.54,353.65,0.02,2,188.89
ORD-003646,West,Furniture,2025-01-05,537.11,419.08,0.18,3,118.03
ORD-003647,West,Electronics,2025-01-10,407.81,241.75,0.34,2,166.06
ORD-003648,West,Furniture,2025-01-01,853.99,620.81,0.16,5,233.18
ORD-003649,West,Groceries,2025-01-26,102.16,67.67,0.11,3,34.49
ORD-003650,West,Clothing,2025-01-17,175.13,115.57,0.11,3,59.56
ORD-003651,West,Clothing,2025-01-24,229.46,127.52,0.08,3,101.94
ORD-003652,West,Groceries,2025-01-10,150.76,110.66,0.16,4,40.1
ORD-003653,West,Groceries,2025-01-13,114.22,82.74,0.04,4,31.48
ORD-003654,West,Electronics,2025-01-06,1412.85,870.2,0.16,5,542.65
ORD-003655,West,Electronics,2025-01-18,457.51,299.59,0.34,2,157.92
ORD-003656,West,Electronics,2025-01-01,660.0,395.53,0.24,3,264.47
ORD-003657,West,Clothing,2025-01-03,62.68,32.99,0.24,1,29.69
ORD-003658,West,Furniture,2025-01-19,205.65,158.62,0.33,1,47.03
ORD-003659,West,Furniture,2025-01-15,366.9,260.72,0.19,2,106.18
ORD-003660,West,Furniture,2025-01-25,765.2,493.78,0.32,5,271.42
ORD-003661,West,Electronics,2025-01-05,801.88,473.97,0.04,4,327.91
ORD-003662,West,Furniture,2025-01-24,609.77,423.98,0.02,3,185.79
ORD-003663,West,Furniture,2025-01-10,178.2,137.26,0.22,1,40.94
ORD-003664,West,Groceries,2025-01-26,188.88,147.83,0.11,5,41.05
ORD-003665,West,Groceries,2025-01-15,144.98,104.01,0.11,4,40.97
ORD-003666,West,Furniture,2025-01-22,493.98,324.81,0.03,3,169.17
ORD-003667,West,Groceries,2025-01-12,90.11,70.78,0.3,3,19.33
ORD-003668,West,Furniture,2025-01-18,422.21,325.51,0.2,2,96.7
ORD-003669,West,Clothing,2025-01-04,118.9,68.43,0.16,2,50.47
ORD-003670,West,Clothing,2025-01-23,376.49,244.2,0.08,5,132.29
ORD-003671,West,Furniture,2025-01-05,186.76,142.73,0.0,1,44.03
ORD-003672,West,Groceries,2025-01-10,113.4,75.36,0.22,3,38.04
ORD-003673,West,Groceries,2025-01-16,83.5,66.04,0.25,2,17.46
ORD-003674,West,Electronics,2025-01-19,904.64,610.22,0.11,4,294.42
ORD-003675,West,Furniture,2025-01-27,789.9,551.7,0.35,4,238.2
ORD-003676,West,Electronics,2025-01-12,670.98,448.57,0.34,3,222.41
ORD-003677,West,Clothing,2025-01-09,254.14,135.97,0.32,4,118.17
ORD-003678,West,Electronics,2025-01-16,429.5,248.6,0.1,2,180.9
ORD-003679,West,Clothing,2025-01-01,134.67,88.05,0.03,2,46.62
ORD-003680,West,Groceries,2025-01-10,33.12,23.29,0.28,1,9.83
ORD-003681,West,Clothing,2025-01-07,49.02,30.62,0.26,1,18.4
ORD-003682,West,Furniture,2025-01-23,174.86,110.74,0.28,1,64.12
ORD-003683,West,Electronics,2025-01-20,474.36,289.39,0.06,2,184.97
ORD-003684,West,Clothing,2025-01-24,74.99,45.96,0.08,1,29.03
ORD-003685,West,Electronics,2025-01-22,407.42,273.6,0.11,2,133.82
ORD-003686,West,Electronics,2025-01-17,268.19,175.74,0.09,1,92.45
ORD-003687,West,Clothing,2025-01-14,243.19,148.49,0.15,4,94.7
ORD-003688,West,Clothing,2025-01-17,58.83,36.24,0.03,1,22.59
ORD-003689,West,Groceries,2025-01-10,127.24,100.13,0.08,3,27.11
ORD-003690,West,Groceries,2025-01-12,77.92,51.36,0.01,2,26.56
ORD-003691,West,Electronics,2025-01-01,203.54,123.37,0.15,1,80.17
ORD-003692,West,Electronics,2025-01-02,724.97,425.0,0.11,3,299.97
ORD-003693,West,Electronics,2025-01-11,959.64,574.39,0.06,4,385.25
ORD-003694,West,Clothing,2025-01-14,109.56,69.71,0.25,2,39.85
ORD-003695,West,Groceries,2025-01-27,130.26,100.49,0.14,4,29.77
ORD-003696,West,Groceries,2025-01-16,31.77,20.64,0.21,1,11.13
ORD-003697,West,Furniture,2025-01-23,396.06,297.29,0.01,2,98.77
ORD-003698,West,Furniture,2025-01-12,860.11,589.74,0.08,4,270.37
ORD-003699,West,Electronics,2025-01-23,564.96,379.78,0.25,3,185.18
ORD-003700,West,Electronics,2025-01-25,206.41,140.65,0.28,1,65.76
ORD-003701,West,Furniture,2025-01-28,687.38,429.13,0.25,4,258.25
ORD-003702,West,Electronics,2025-01-18,226.82,138.29,0.31,1,88.53
ORD-003703,West,Electronics,2025-01-06,233.63,158.71,0.29,1,74.92
ORD-003704,West,Electronics,2025-01-25,913.99,626.63,0.02,5,287.36
ORD-003705,West,Furniture,2025-01-15,335.3,210.85,0.19,2,124.45
ORD-003706,West,Clothing,2025-01-11,240.27,135.61,0.3,4,104.66
ORD-003707,West,Furniture,2025-01-16,199.37,144.55,0.1,1,54.82
ORD-003708,West,Clothing,2025-01-27,121.69,74.58,0.05,2,47.11
ORD-003709,West,Clothing,2025-01-18,331.0,204.92,0.01,5,126.08
ORD-003710,West,Furniture,2025-01-26,586.6,367.27,0.25,4,219.33
ORD-003711,West,Furniture,2025-01-02,169.59,113.21,0.23,1,56.38
ORD-003712,West,Furniture,2025-01-14,571.96,377.11,0.24,3,194.85
ORD-003713,West,Furniture,2025-01-12,821.41,599.84,0.33,5,221.57
ORD-003714,West,Electronics,2025-01-03,616.49,396.24,0.08,3,220.25
ORD-003715,West,Groceries,2025-01-23,174.73,127.38,0.01,4,47.35
ORD-003716,West,Furniture,2025-01-17,553.58,385.95,0.06,3,167.63
ORD-003717,West,Electronics,2025-01-05,489.24,333.16,0.29,2,156.08
ORD-003718,West,Groceries,2025-01-03,60.37,46.77,0.08,2,13.6
ORD-003719,West,Furniture,2025-01-19,177.89,112.21,0.31,1,65.68
ORD-003720,West,Groceries,2025-01-26,174.38,119.94,0.24,5,54.44
ORD-003721,West,Electronics,2025-01-02,444.11,249.78,0.16,2,194.33
ORD-003722,West,Groceries,2025-01-13,162.01,116.91,0.12,5,45.1
ORD-003723,West,Electronics,2025-01-11,373.49,257.42,0.32,2,116.07
ORD-003724,West,Electronics,2025-01-03,1065.9,674.86,0.1,5,391.04
ORD-003725,West,Electronics,2025-01-07,423.02,237.19,0.26,2,185.83
ORD-003726,West,Electronics,2025-01-12,1032.39,609.9,0.31,5,422.49
ORD-003727,West,Clothing,2025-01-25,52.62,30.77,0.08,1,21.85
ORD-003728,West,Furniture,2025-01-17,503.31,320.47,0.1,3,182.84
ORD-003729,West,Electronics,2025-01-09,700.94,494.96,0.06,4,205.98
ORD-003730,West,Electronics,2025-01-09,1176.42,783.27,0.0,5,393.15
ORD-003731,West,Groceries,2025-01-24,129.12,105.07,0.22,3,24.05
ORD-003732,West,Groceries,2025-01-08,56.76,38.62,0.12,2,18.14
ORD-003733,West,Groceries,2025-01-11,201.87,132.97,0.05,5,68.9
ORD-003734,West,Furniture,2025-01-12,373.04,279.9,0.0,2,93.14
ORD-003735,West,Groceries,2025-01-17,172.81,135.53,0.32,5,37.28
ORD-003736,West,Electronics,2025-01-17,798.4,534.51,0.03,4,263.89
ORD-003737,West,Clothing,2025-01-23,247.08,151.64,0.29,4,95.44
ORD-003738,West,Furniture,2025-01-06,980.65,698.18,0.14,5,282.47
ORD-003739,West,Clothing,2025-01-13,299.57,190.76,0.28,5,108.81
ORD-003740,West,Furniture,2025-01-06,149.75,93.4,0.18,1,56.35
ORD-003741,West,Electronics,2025-01-15,945.75,589.18,0.15,4,356.57
ORD-003742,West,Electronics,2025-01-09,238.01,164.67,0.31,1,73.34
ORD-003743,West,Groceries,2025-01-03,33.03,24.16,0.22,1,8.87
ORD-003744,West,Clothing,2025-01-23,189.31,114.1,0.34,4,75.21
ORD-003745,West,Electronics,2025-01-23,845.98,490.43,0.32,3,355.55
ORD-003746,West,Groceries,2025-01-22,69.79,46.98,0.24,2,22.81
ORD-003747,West,Electronics,2025-01-04,694.74,388.24,0.25,3,306.5
ORD-003748,West,Furniture,2025-01-03,387.78,240.89,0.02,2,146.89
ORD-003749,West,Furniture,2025-01-14,807.85,579.79,0.14,4,228.06
ORD-003750,West,Furniture,2025-01-10,656.24,466.24,0.06,4,190.0
ORD-003751,West,Clothing,2025-01-22,163.27,99.67,0.28,3,63.6
ORD-003752,West,Electronics,2025-01-26,212.48,142.86,0.31,1,69.62
ORD-003753,West,Groceries,2025-01-17,63.67,44.14,0.1,2,19.53
ORD-003754,West,Groceries,2025-01-12,30.22,19.86,0.08,1,10.36
ORD-003755,West,Electronics,2025-01-15,249.85,152.73,0.35,1,97.12
ORD-003756,West,Clothing,2025-01-22,58.23,33.47,0.24,1,24.76
ORD-003757,West,Electronics,2025-01-13,1156.81,660.26,0.32,5,496.55
ORD-003758,West,Electronics,2025-01-06,959.56,673.94,0.21,4,285.62
ORD-003759,West,Clothing,2025-01-11,69.98,42.43,0.21,1,27.55
ORD-003760,West,Clothing,2025-01-22,66.85,36.05,0.3,1,30.8
ORD-003761,West,Electronics,2025-01-28,672.68,387.87,0.11,3,284.81
ORD-003762,West,Furniture,2025-01-11,389.27,283.38,0.07,2,105.89
ORD-003763,West,Furniture,2025-01-23,549.24,373.01,0.32,3,176.23
ORD-003764,North,Clothing,2025-01-22,53.61,28.07,0.24,1,25.54
ORD-003765,North,Furniture,2025-01-05,492.63,365.9,0.07,3,126.73
ORD-003766,North,Furniture,2025-01-28,178.92,126.14,0.18,1,52.78
ORD-003767,North,Electronics,2025-01-13,1051.38,600.29,0.04,5,451.09
ORD-003768,North,Clothing,2025-01-06,58.61,37.96,0.04,1,20.65
ORD-003769,North,Clothing,2025-01-12,102.6,53.9,0.0,2,48.7
ORD-003770,North,Clothing,2025-01-14,326.4,186.64,0.18,5,139.76
ORD-003771,North,Electronics,2025-01-16,1163.86,758.18,0.28,5,405.68
ORD-003772,North,Furniture,2025-01-25,858.46,592.09,0.23,4,266.37
ORD-003773,North,Clothing,2025-01-01,49.43,32.56,0.1,1,16.87
ORD-003774,North,Furniture,2025-01-22,687.73,489.39,0.01,4,198.34
ORD-003775,North,Clothing,2025-01-03,319.22,193.82,0.22,5,125.4
ORD-003776,North,Electronics,2025-01-14,1144.96,692.18,0.06,4,452.78
ORD-003777,North,Electronics,2025-01-25,374.14,247.11,0.18,2,127.03
ORD-003778,North,Groceries,2025-01-15,114.37,78.19,0.0,3,36.18
ORD-003779,North,Groceries,2025-01-19,69.37,53.88,0.29,2,15.49
ORD-003780,North,Groceries,2025-01-19,175.54,116.95,0.21,5,58.59
ORD-003781,North,Clothing,2025-01-16,282.61,177.02,0.16,5,105.59
ORD-003782,North,Electronics,2025-01-24,401.32,241.57,0.12,2,159.75
ORD-003783,North,Furniture,2025-01-12,882.24,631.49,0.24,5,250.75
ORD-003784,North,Electronics,2025-01-16,1299.25,791.85,0.12,5,507.4
ORD-003785,North,Electronics,2025-01-13,723.09,456.05,0.35,3,267.04
ORD-003786,North,Furniture,2025-01-20,590.53,437.93,0.31,3,152.6
ORD-003787,North,Furniture,2025-01-14,828.87,638.83,0.35,5,190.04
ORD-003788,North,Electronics,2025-01-01,482.13,323.83,0.03,2,158.3
ORD-003789,North,Furniture,2025-01-17,606.32,446.43,0.08,4,159.89
ORD-003790,North,Groceries,2025-01-10,55.09,41.09,0.1,2,14.0
ORD-003791,North,Furniture,2025-01-24,1003.8,623.81,0.25,5,379.99
ORD-003792,North,Electronics,2025-01-14,262.6,166.33,0.01,1,96.27
ORD-003793,North,Electronics,2025-01-02,196.88,128.82,0.23,1,68.06
ORD-003794,North,Electronics,2025-01-04,801.09,512.97,0.29,4,288.12
ORD-003795,North,Electronics,2025-01-04,848.67,557.36,0.17,3,291.31
ORD-003796,North,Electronics,2025-01-02,610.05,368.49,0.23,3,241.56
ORD-003797,North,Electronics,2025-01-09,1214.01,862.53,0.01,5,351.48
ORD-003798,North,Electronics,2025-01-24,221.88,133.46,0.09,1,88.42
ORD-003799,North,Clothing,2025-01-12,211.48,133.31,0.19,4,78.17
ORD-003800,North,Electronics,2025-01-23,1114.8,766.56,0.02,4,348.24
ORD-003801,North,Clothing,2025-01-20,127.93,71.67,0.28,2,56.26
ORD-003802,North,Clothing,2025-01-25,132.71,85.68,0.13,2,47.03
ORD-003803,North,Electronics,2025-01-11,989.51,572.34,0.22,4,417.17
ORD-003804,North,Groceries,2025-01-26,191.44,151.37,0.04,5,40.07
ORD-003805,North,Furniture,2025-01-15,391.6,258.47,0.04,2,133.13
ORD-003806,North,Clothing,2025-01-14,251.54,148.87,0.3,4,102.67
ORD-003807,North,Furniture,2025-01-22,381.0,250.41,0.11,2,130.59
ORD-003808,North,Groceries,2025-01-07,82.62,55.7,0.26,2,26.92
ORD-003809,North,Electronics,2025-01-17,996.53,587.5,0.17,4,409.03
ORD-003810,North,Groceries,2025-01-20,75.98,59.96,0.23,2,16.02
ORD-003811,North,Furniture,2025-01-27,168.02,114.33,0.29,1,53.69
ORD-003812,North,Groceries,2025-01-14,70.53,53.43,0.26,2,17.1
ORD-003813,North,Furniture,2025-01-21,760.55,504.42,0.22,4,256.13
ORD-003814,North,Furniture,2025-01-23,178.94,134.4,0.11,1,44.54
ORD-003815,North,Groceries,2025-01-22,117.09,96.5,0.17,4,20.59
ORD-003816,North,Furniture,2025-01-26,185.97,135.85,0.34,1,50.12
ORD-003817,North,Electronics,2025-01-07,948.16,579.97,0.21,4,368.19
ORD-003818,North,Electronics,2025-01-17,609.81,373.74,0.26,3,236.07
ORD-003819,North,Electronics,2025-01-21,1084.49,700.75,0.31,5,383.74
ORD-003820,North,Groceries,2025-01-01,31.13,21.5,0.14,1,9.63
ORD-003821,North,Clothing,2025-01-20,264.81,165.32,0.27,5,99.49
ORD-003822,North,Furniture,2025-01-04,363.79,255.4,0.25,2,108.39
ORD-003823,North,Electronics,2025-01-13,664.67,429.31,0.14,3,235.36
ORD-003824,North,Electronics,2025-01-01,1010.77,644.88,0.33,5,365.89
ORD-003825,North,Electronics,2025-01-15,590.37,388.84,0.11,3,201.53
ORD-003826,North,Electronics,2025-01-26,609.17,381.3,0.2,3,227.87
ORD-003827,North,Electronics,2025-01-02,559.88,376.52,0.08,3,183.36
ORD-003828,North,Electronics,2025-01-01,681.85,423.32,0.19,3,258.53
ORD-003829,North,Furniture,2025-01-13,895.03,662.35,0.1,4,232.68
ORD-003830,North,Electronics,2025-01-24,823.6,520.44,0.1,4,303.16
ORD-003831,North,Electronics,2025-01-02,574.03,373.11,0.02,2,200.92
ORD-003832,North,Electronics,2025-01-08,1119.89,720.09,0.14,5,399.8
ORD-003833,South,Clothing,2025-01-26,196.15,128.6,0.34,3,67.55
ORD-003834,South,Electronics,2025-01-06,243.09,159.31,0.24,1,83.78
ORD-003835,South,Electronics,2025-01-23,821.79,538.61,0.15,4,283.18
ORD-003836,South,Electronics,2025-01-15,822.14,535.85,0.11,4,286.29
ORD-003837,South,Electronics,2025-01-13,785.79,483.23,0.34,4,302.56
ORD-003838,South,Electronics,2025-01-26,219.72,129.98,0.35,1,89.74
ORD-003839,South,Clothing,2025-01-19,270.72,157.34,0.27,5,113.38
ORD-003840,South,Electronics,2025-01-23,633.53,437.73,0.26,3,195.8
ORD-003841,South,Clothing,2025-01-15,114.07,73.86,0.23,2,40.21
ORD-003842,South,Furniture,2025-01-22,602.02,451.65,0.28,3,150.37
ORD-003843,South,Electronics,2025-01-02,1004.08,591.38,0.35,4,412.7
ORD-003844,South,Electronics,2025-01-07,452.39,307.31,0.2,2,145.08
ORD-003845,South,Groceries,2025-01-27,170.03,117.27,0.03,4,52.76
ORD-003846,South,Groceries,2025-01-07,35.96,28.99,0.22,1,6.97
ORD-003847,South,Clothing,2025-01-27,177.6,110.3,0.15,3,67.3
ORD-003848,South,Furniture,2025-01-11,186.11,134.09,0.27,1,52.02
ORD-003849,South,Electronics,2025-01-24,1160.14,779.92,0.01,5,380.22
ORD-003850,South,Groceries,2025-01-19,148.82,104.57,0.11,4,44.25
ORD-003851,South,Electronics,2025-01-04,509.84,320.33,0.14,3,189.51
ORD-003852,South,Clothing,2025-01-12,194.55,125.59,0.15,3,68.96
ORD-003853,South,Clothing,2025-01-27,57.83,34.71,0.19,1,23.12
ORD-003854,South,Groceries,2025-01-24,154.42,117.48,0.3,4,36.94
ORD-003855,South,Clothing,2025-01-04,140.94,84.16,0.09,2,56.78
ORD-003856,South,Clothing,2025-01-14,64.76,36.97,0.3,1,27.79
ORD-003857,South,Groceries,2025-01-23,146.89,120.36,0.17,4,26.53
ORD-003858,South,Electronics,2025-01-23,1108.75,684.08,0.34,5,424.67
ORD-003859,South,Electronics,2025-01-26,243.15,137.06,0.3,1,106.09
ORD-003860,South,Clothing,2025-01-18,117.07,64.83,0.08,3,52.24
ORD-003861,South,Electronics,2025-01-05,1001.25,642.61,0.05,5,358.64
ORD-003862,South,Furniture,2025-01-08,896.44,693.08,0.35,5,203.36
ORD-003863,South,Clothing,2025-01-02,166.7,91.33,0.2,3,75.37
ORD-003864,South,Groceries,2025-01-11,102.39,79.4,0.11,3,22.99
ORD-003865,South,Electronics,2025-01-23,912.91,519.69,0.04,5,393.22
ORD-003866,South,Groceries,2025-01-07,127.81,98.49,0.11,3,29.32
ORD-003867,South,Furniture,2025-01-22,165.12,103.15,0.08,1,61.97
ORD-003868,South,Groceries,2025-01-20,139.85,96.8,0.17,4,43.05
ORD-003869,South,Clothing,2025-01-03,249.68,161.46,0.11,5,88.22
ORD-003870,South,Groceries,2025-01-20,32.52,21.89,0.32,1,10.63
ORD-003871,South,Furniture,2025-01-23,375.43,249.42,0.34,2,126.01
ORD-003872,South,Furniture,2025-01-02,319.57,207.92,0.31,2,111.65
ORD-003873,South,Groceries,2025-01-03,38.58,31.82,0.33,1,6.76
ORD-003874,South,Furniture,2025-01-20,1242.83,803.56,0.23,5,439.27
ORD-003875,South,Electronics,2025-01-10,1203.05,830.21,0.08,5,372.84
ORD-003876,South,Electronics,2025-01-01,1151.33,817.09,0.15,5,334.24
ORD-003877,South,Electronics,2025-01-28,677.18,428.69,0.28,3,248.49
ORD-003878,South,Clothing,2025-01-06,49.0,30.0,0.24,1,19.0
ORD-003879,South,Electronics,2025-01-23,396.33,265.69,0.33,2,130.64
ORD-003880,South,Groceries,2025-01-22,73.49,48.34,0.2,2,25.15
ORD-003881,South,Electronics,2025-01-20,760.52,490.73,0.06,3,269.79
ORD-003882,South,Groceries,2025-01-17,101.32,76.01,0.03,3,25.31
ORD-003883,South,Clothing,2025-01-02,55.5,30.33,0.07,1,25.17
ORD-003884,South,Electronics,2025-01-01,655.35,447.38,0.01,3,207.97
ORD-003885,South,Electronics,2025-01-22,869.36,548.3,0.04,4,321.06
ORD-003886,South,Furniture,2025-01-28,186.65,144.59,0.3,1,42.06
ORD-003887,South,Groceries,2025-01-22,231.71,174.95,0.3,5,56.76
ORD-003888,South,Electronics,2025-01-21,441.66,250.54,0.1,2,191.12
ORD-003889,South,Electronics,2025-01-12,478.94,287.65,0.1,2,191.29
ORD-003890,South,Furniture,2025-01-04,472.55,314.68,0.16,3,157.87
ORD-003891,South,Electronics,2025-01-28,636.16,383.31,0.19,3,252.85
ORD-003892,South,Groceries,2025-01-13,78.87,59.14,0.17,2,19.73
ORD-003893,South,Furniture,2025-01-28,823.98,582.99,0.02,4,240.99
ORD-003894,South,Furniture,2025-01-27,697.69,452.55,0.07,4,245.14
ORD-003895,South,Electronics,2025-01-23,781.39,476.96,0.11,3,304.43
ORD-003896,South,Electronics,2025-01-25,945.14,563.14,0.25,4,382.0
ORD-003897,South,Clothing,2025-01-21,264.51,141.96,0.0,4,122.55
ORD-003898,South,Electronics,2025-01-20,230.06,140.18,0.27,1,89.88
ORD-003899,South,Clothing,2025-01-28,199.63,109.01,0.27,3,90.62
ORD-003900,South,Clothing,2025-01-20,277.64,159.87,0.24,4,117.77
ORD-003901,South,Electronics,2025-01-13,423.36,280.29,0.31,3,143.07
ORD-003902,South,Electronics,2025-01-13,221.1,137.52,0.1,1,83.58
ORD-003903,South,Furniture,2025-01-26,178.76,129.93,0.25,1,48.83
ORD-003904,South,Electronics,2025-01-10,398.59,249.64,0.31,2,148.95
ORD-003905,South,Furniture,2025-01-13,827.66,550.18,0.33,5,277.48
ORD-003906,East,Clothing,2025-02-02,241.84,137.16,0.32,4,104.68
ORD-003907,East,Electronics,2025-02-21,1054.49,688.57,0.21,5,365.92
ORD-003908,East,Clothing,2025-02-09,64.45,41.93,0.2,1,22.52
ORD-003909,East,Electronics,2025-02-12,1301.44,822.1,0.15,5,479.34
ORD-003910,East,Electronics,2025-02-13,1079.72,757.87,0.25,5,321.85
ORD-003911,East,Furniture,2025-02-22,554.73,402.56,0.0,3,152.17
ORD-003912,East,Electronics,2025-02-18,766.77,509.71,0.22,4,257.06
ORD-003913,East,Electronics,2025-02-11,1193.57,727.15,0.29,5,466.42
ORD-003914,East,Furniture,2025-02-01,416.49,272.0,0.04,3,144.49
ORD-003915,East,Electronics,2025-02-24,920.58,650.91,0.11,4,269.67
ORD-003916,East,Furniture,2025-02-23,648.53,439.36,0.08,4,209.17
ORD-003917,East,Furniture,2025-02-19,798.92,492.23,0.26,4,306.69
ORD-003918,East,Clothing,2025-02-07,62.56,41.34,0.22,1,21.22
ORD-003919,East,Furniture,2025-02-18,803.03,537.85,0.1,5,265.18
ORD-003920,East,Furniture,2025-02-23,1158.95,750.03,0.08,5,408.92
ORD-003921,East,Clothing,2025-02-18,205.34,115.41,0.26,3,89.93
ORD-003922,East,Electronics,2025-02-21,1415.86,988.17,0.14,5,427.69
ORD-003923,East,Clothing,2025-02-04,119.53,74.54,0.19,2,44.99
ORD-003924,East,Clothing,2025-02-16,273.97,177.11,0.15,4,96.86
ORD-003925,East,Groceries,2025-02-11,118.08,93.08,0.0,3,25.0
ORD-003926,East,Electronics,2025-02-03,426.63,279.59,0.0,2,147.04
ORD-003927,East,Electronics,2025-02-09,1176.82,674.38,0.06,5,502.44
ORD-003928,East,Groceries,2025-02-20,116.74,81.18,0.03,3,35.56
ORD-003929,East,Furniture,2025-02-12,943.59,696.68,0.17,5,246.91
ORD-003930,East,Electronics,2025-02-19,460.04,262.27,0.3,2,197.77
ORD-003931,East,Electronics,2025-02-20,235.95,153.6,0.08,1,82.35
ORD-003932,East,Furniture,2025-02-17,610.16,444.24,0.02,3,165.92
ORD-003933,East,Clothing,2025-02-05,253.6,136.94,0.17,4,116.66
ORD-003934,East,Furniture,2025-02-28,730.23,457.85,0.25,4,272.38
ORD-003935,East,Electronics,2025-02-09,663.05,449.76,0.33,3,213.29
ORD-003936,East,Groceries,2025-02-05,112.96,90.04,0.1,3,22.92
ORD-003937,East,Furniture,2025-02-28,199.88,135.06,0.3,1,64.82
ORD-003938,East,Clothing,2025-02-27,121.2,68.6,0.28,2,52.6
ORD-003939,East,Clothing,2025-02-27,354.45,210.87,0.11,5,143.58
ORD-003940,East,Electronics,2025-02-28,752.32,481.56,0.33,4,270.76
ORD-003941,East,Furniture,2025-02-24,711.79,522.38,0.25,4,189.41
ORD-003942,East,Clothing,2025-02-24,58.97,38.04,0.06,1,20.93
ORD-003943,East,Electronics,2025-02-21,660.13,460.68,0.1,3,199.45
ORD-003944,East,Electronics,2025-02-15,439.77,311.61,0.3,2,128.16
ORD-003945,East,Furniture,2025-02-25,777.71,597.75,0.2,5,179.96
ORD-003946,East,Furniture,2025-02-17,524.35,342.31,0.04,3,182.04
ORD-003947,East,Clothing,2025-02-27,306.3,166.22,0.23,5,140.08
ORD-003948,East,Electronics,2025-02-09,916.34,580.56,0.11,4,335.78
ORD-003949,East,Electronics,2025-02-09,1164.58,702.02,0.05,5,462.56
ORD-003950,East,Furniture,2025-02-22,762.71,527.99,0.25,4,234.72
ORD-003951,East,Groceries,2025-02-19,36.57,24.09,0.1,1,12.48
ORD-003952,East,Electronics,2025-02-12,381.62,225.3,0.19,2,156.32
ORD-003953,East,Groceries,2025-02-18,119.08,97.74,0.12,3,21.34
ORD-003954,East,Electronics,2025-02-13,797.7,546.36,0.08,5,251.34
ORD-003955,East,Clothing,2025-02-02,56.14,29.65,0.33,1,26.49
ORD-003956,East,Electronics,2025-02-25,262.97,170.97,0.01,1,92.0
ORD-003957,East,Clothing,2025-02-18,201.28,123.5,0.34,3,77.78
ORD-003958,East,Groceries,2025-02-15,76.47,51.4,0.25,2,25.07
ORD-003959,East,Groceries,2025-02-13,38.64,27.49,0.13,1,11.15
ORD-003960,East,Groceries,2025-02-20,76.93,54.52,0.02,2,22.41
ORD-003961,East,Clothing,2025-02-19,161.83,92.35,0.32,3,69.48
ORD-003962,East,Groceries,2025-02-17,66.67,55.12,0.25,2,11.55
ORD-003963,East,Groceries,2025-02-03,90.44,59.11,0.3,3,31.33
ORD-003964,East,Clothing,2025-02-05,76.78,50.72,0.08,1,26.06
ORD-003965,East,Clothing,2025-02-19,238.4,148.25,0.08,4,90.15
ORD-003966,East,Groceries,2025-02-24,180.01,141.19,0.06,5,38.82
ORD-003967,East,Furniture,2025-02-20,165.7,121.41,0.12,1,44.29
ORD-003968,East,Electronics,2025-02-15,1001.86,639.35,0.22,5,362.51
ORD-003969,East,Furniture,2025-02-22,557.99,396.0,0.15,3,161.99
ORD-003970,East,Furniture,2025-02-02,495.33,320.35,0.3,3,174.98
ORD-003971,East,Clothing,2025-02-15,51.57,31.94,0.05,1,19.63
ORD-003972,East,Clothing,2025-02-28,126.83,70.71,0.21,2,56.12
ORD-003973,East,Furniture,2025-02-18,555.25,414.19,0.02,3,141.06
ORD-003974,East,Furniture,2025-02-25,627.08,437.48,0.01,3,189.6
ORD-003975,East,Electronics,2025-02-13,1170.67,782.91,0.21,5,387.76
ORD-003976,East,Groceries,2025-02-24,78.97,51.42,0.3,2,27.55
ORD-003977,East,Electronics,2025-02-10,418.32,278.36,0.1,2,139.96
ORD-003978,East,Electronics,2025-02-15,1098.91,659.11,0.25,5,439.8
ORD-003979,East,Furniture,2025-02-12,325.37,207.18,0.12,2,118.19
ORD-003980,East,Groceries,2025-02-03,63.65,42.48,0.13,2,21.17
ORD-003981,East,Clothing,2025-02-24,249.0,135.07,0.22,4,113.93
ORD-003982,East,Electronics,2025-02-19,1018.72,580.58,0.3,5,438.14
ORD-003983,East,Electronics,2025-02-26,917.99,607.21,0.34,4,310.78
ORD-003984,East,Groceries,2025-02-02,35.16,22.92,0.16,1,12.24
ORD-003985,East,Clothing,2025-02-14,162.94,95.68,0.01,3,67.26
ORD-003986,East,Electronics,2025-02-28,844.65,513.83,0.05,3,330.82
ORD-003987,East,Groceries,2025-02-07,67.76,44.42,0.02,2,23.34
ORD-003988,East,Clothing,2025-02-18,286.88,159.36,0.34,5,127.52
ORD-003989,East,Furniture,2025-02-28,743.23,506.04,0.12,4,237.19
ORD-003990,East,Clothing,2025-02-21,164.97,86.5,0.06,3,78.47
ORD-003991,East,Electronics,2025-02-24,211.67,121.98,0.12,1,89.69
ORD-003992,East,Electronics,2025-02-28,1212.67,852.05,0.24,5,360.62
ORD-003993,East,Furniture,2025-02-14,831.9,606.18,0.0,5,225.72
ORD-003994,East,Groceries,2025-02-11,150.9,108.83,0.24,5,42.07
ORD-003995,East,Furniture,2025-02-11,331.62,226.44,0.05,2,105.18
ORD-003996,East,Groceries,2025-02-10,113.59,87.6,0.26,3,25.99
ORD-003997,East,Groceries,2025-02-07,31.6,20.71,0.04,1,10.89
ORD-003998,East,Furniture,2025-02-20,1058.12,693.69,0.26,5,364.43
ORD-003999,East,Electronics,2025-02-01,390.24,253.17,0.17,2,137.07
ORD-004000,East,Electronics,2025-02-01,679.13,465.02,0.02,3,214.11
ORD-004001,East,Clothing,2025-02-18,108.53,57.41,0.32,2,51.12
ORD-004002,East,Furniture,2025-02-12,483.75,365.59,0.25,2,118.16
ORD-004003,East,Groceries,2025-02-04,137.9,97.5,0.3,4,40.4
ORD-004004,East,Furniture,2025-02-02,375.96,278.46,0.18,2,97.5
ORD-004005,West,Electronics,2025-02-05,698.84,431.69,0.24,3,267.15
ORD-004006,West,Groceries,2025-02-19,32.16,23.98,0.32,1,8.18
ORD-004007,West,Clothing,2025-02-23,217.22,136.83,0.05,4,80.39
ORD-004008,West,Clothing,2025-02-25,175.68,94.67,0.29,3,81.01
ORD-004009,West,Electronics,2025-02-14,1047.14,662.9,0.12,5,384.24
ORD-004010,West,Clothing,2025-02-19,189.35,113.35,0.25,4,76.0
ORD-004011,West,Furniture,2025-02-02,168.91,124.15,0.1,1,44.76
ORD-004012,West,Electronics,2025-02-26,256.37,167.63,0.28,1,88.74
ORD-004013,West,Groceries,2025-02-16,43.31,33.04,0.32,1,10.27
ORD-004014,West,Clothing,2025-02-01,283.24,178.8,0.14,5,104.44
ORD-004015,West,Groceries,2025-02-21,167.29,136.8,0.01,4,30.49
ORD-004016,West,Clothing,2025-02-11,284.94,185.05,0.29,4,99.89
ORD-004017,West,Clothing,2025-02-23,166.09,96.49,0.04,3,69.6
ORD-004018,West,Groceries,2025-02-19,157.5,109.04,0.22,4,48.46
ORD-004019,West,Furniture,2025-02-28,406.46,285.1,0.28,2,121.36
ORD-004020,West,Electronics,2025-02-03,654.93,439.23,0.02,3,215.7
ORD-004021,West,Electronics,2025-02-16,239.78,149.56,0.17,1,90.22
ORD-004022,West,Groceries,2025-02-09,36.52,23.71,0.04,1,12.81
ORD-004023,West,Clothing,2025-02-13,227.68,149.65,0.28,3,78.03
ORD-004024,West,Electronics,2025-02-08,479.1,318.76,0.33,2,160.34
ORD-004025,West,Electronics,2025-02-22,384.05,234.34,0.26,2,149.71
ORD-004026,West,Clothing,2025-02-01,53.24,33.8,0.04,1,19.44
ORD-004027,West,Electronics,2025-02-06,201.21,138.37,0.02,1,62.84
ORD-004028,West,Furniture,2025-02-20,772.51,555.96,0.12,4,216.55
ORD-004029,West,Groceries,2025-02-23,147.76,106.35,0.29,4,41.41
ORD-004030,West,Clothing,2025-02-11,159.23,84.66,0.09,3,74.57
ORD-004031,West,Electronics,2025-02-26,1020.4,681.13,0.17,5,339.27
ORD-004032,West,Groceries,2025-02-20,111.43,76.41,0.09,3,35.02
ORD-004033,West,Groceries,2025-02-07,134.61,93.68,0.17,4,40.93
ORD-004034,West,Furniture,2025-02-27,583.74,445.47,0.21,3,138.27
ORD-004035,West,Furniture,2025-02-05,350.91,266.49,0.27,2,84.42
ORD-004036,West,Furniture,2025-02-26,868.88,548.31,0.21,5,320.57
ORD-004037,West,Clothing,2025-02-23,116.12,64.4,0.14,2,51.72
ORD-004038,West,Electronics,2025-02-04,441.52,281.1,0.05,2,160.42
ORD-004039,West,Furniture,2025-02-02,711.59,531.36,0.31,4,180.23
ORD-004040,West,Electronics,2025-02-25,456.57,297.71,0.34,2,158.86
ORD-004041,West,Electronics,2025-02-02,279.8,177.42,0.12,1,102.38
ORD-004042,West,Electronics,2025-02-02,205.51,120.52,0.34,1,84.99
ORD-004043,West,Electronics,2025-02-23,898.9,546.42,0.32,4,352.48
ORD-004044,West,Electronics,2025-02-08,557.5,321.57,0.02,3,235.93
ORD-004045,West,Groceries,2025-02-12,74.64,50.07,0.08,2,24.57
ORD-004046,West,Furniture,2025-02-19,757.13,577.23,0.27,4,179.9
ORD-004047,West,Furniture,2025-02-13,1061.87,781.94,0.05,5,279.93
ORD-004048,West,Groceries,2025-02-14,62.15,50.96,0.01,2,11.19
ORD-004049,West,Furniture,2025-02-15,338.62,254.58,0.05,2,84.04
ORD-004050,West,Clothing,2025-02-27,63.83,42.32,0.04,1,21.51
ORD-004051,West,Furniture,2025-02-07,480.64,297.18,0.08,3,183.46
ORD-004052,West,Electronics,2025-02-26,195.23,130.37,0.24,1,64.86
ORD-004053,West,Furniture,2025-02-01,1089.74,751.92,0.33,5,337.82
ORD-004054,West,Electronics,2025-02-20,1177.66,822.66,0.1,5,355.0
ORD-004055,West,Groceries,2025-02-18,103.61,81.66,0.08,3,21.95
ORD-004056,West,Clothing,2025-02-19,110.03,71.09,0.22,2,38.94
ORD-004057,West,Electronics,2025-02-09,880.55,612.83,0.13,4,267.72
ORD-004058,West,Furniture,2025-02-25,928.86,628.07,0.01,5,300.79
ORD-004059,West,Groceries,2025-02-23,155.5,116.05,0.07,4,39.45
ORD-004060,West,Furniture,2025-02-05,969.14,732.56,0.13,5,236.58
ORD-004061,West,Clothing,2025-02-14,216.22,124.2,0.06,4,92.02
ORD-004062,West,Clothing,2025-02-26,306.76,194.75,0.3,5,112.01
ORD-004063,West,Clothing,2025-02-16,152.58,88.85,0.02,3,63.73
ORD-004064,West,Clothing,2025-02-21,213.78,141.16,0.02,3,72.62
ORD-004065,West,Clothing,2025-02-28,57.1,37.36,0.29,1,19.74
ORD-004066,West,Clothing,2025-02-27,321.61,190.96,0.24,5,130.65
ORD-004067,West,Furniture,2025-02-10,865.97,585.62,0.28,4,280.35
ORD-004068,West,Groceries,2025-02-28,173.02,129.91,0.2,4,43.11
ORD-004069,West,Electronics,2025-02-17,360.61,253.9,0.09,2,106.71
ORD-004070,West,Groceries,2025-02-26,198.18,136.08,0.09,5,62.1
ORD-004071,West,Groceries,2025-02-03,38.31,31.57,0.27,1,6.74
ORD-004072,West,Clothing,2025-02-05,262.36,168.94,0.12,4,93.42
ORD-004073,West,Electronics,2025-02-01,1266.36,764.3,0.3,5,502.06
ORD-004074,West,Electronics,2025-02-05,200.0,141.51,0.24,1,58.49
ORD-004075,West,Groceries,2025-02-05,208.81,142.98,0.17,5,65.83
ORD-004076,West,Clothing,2025-02-24,119.04,68.86,0.35,2,50.18
ORD-004077,West,Furniture,2025-02-09,350.46,233.7,0.16,2,116.76
ORD-004078,West,Furniture,2025-02-15,417.24,291.96,0.01,2,125.28
ORD-004079,West,Electronics,2025-02-11,221.16,150.52,0.04,1,70.64
ORD-004080,West,Furniture,2025-02-17,478.65,349.7,0.35,3,128.95
ORD-004081,West,Electronics,2025-02-15,222.72,143.69,0.06,1,79.03
ORD-004082,West,Clothing,2025-02-02,153.16,94.68,0.12,2,58.48
ORD-004083,West,Groceries,2025-02-24,73.97,61.12,0.29,2,12.85
ORD-004084,West,Electronics,2025-02-17,1009.12,665.22,0.33,5,343.9
ORD-004085,West,Furniture,2025-02-03,717.72,535.37,0.13,5,182.35
ORD-004086,West,Electronics,2025-02-09,1241.13,709.1,0.13,5,532.03
ORD-004087,West,Electronics,2025-02-14,900.53,517.72,0.24,4,382.81
ORD-004088,West,Electronics,2025-02-05,385.52,217.73,0.01,2,167.79
ORD-004089,West,Furniture,2025-02-11,336.2,262.54,0.15,2,73.66
ORD-004090,West,Furniture,2025-02-26,717.21,534.17,0.19,3,183.04
ORD-004091,West,Clothing,2025-02-27,179.81,117.35,0.17,3,62.46
ORD-004092,West,Clothing,2025-02-13,297.39,158.08,0.33,5,139.31
ORD-004093,West,Clothing,2025-02-25,184.92,103.98,0.12,3,80.94
ORD-004094,West,Electronics,2025-02-14,465.14,322.71,0.17,2,142.43
ORD-004095,West,Furniture,2025-02-18,312.47,227.55,0.19,2,84.92
ORD-004096,West,Electronics,2025-02-03,904.49,609.32,0.33,5,295.17
ORD-004097,West,Electronics,2025-02-15,936.51,654.51,0.1,4,282.0
ORD-004098,West,Clothing,2025-02-05,58.29,34.9,0.3,1,23.39
ORD-004099,West,Groceries,2025-02-18,32.96,26.03,0.02,1,6.93
ORD-004100,West,Clothing,2025-02-22,170.66,89.65,0.07,3,81.01
ORD-004101,West,Furniture,2025-02-27,709.78,495.93,0.17,4,213.85
ORD-004102,West,Clothing,2025-02-10,149.14,92.49,0.12,2,56.65
ORD-004103,West,Electronics,2025-02-13,268.01,187.84,0.3,1,80.17
ORD-004104,West,Groceries,2025-02-28,153.35,109.88,0.24,5,43.47
ORD-004105,West,Electronics,2025-02-28,872.96,559.03,0.23,4,313.93
ORD-004106,West,Groceries,2025-02-19,144.28,101.29,0.21,5,42.99
ORD-004107,West,Clothing,2025-02-15,114.28,60.81,0.12,2,53.47
ORD-004108,West,Groceries,2025-02-10,30.06,22.29,0.33,1,7.77
ORD-004109,West,Electronics,2025-02-09,495.63,327.74,0.19,2,167.89
ORD-004110,West,Furniture,2025-02-12,199.9,145.14,0.33,1,54.76
ORD-004111,West,Groceries,2025-02-16,137.52,105.36,0.29,5,32.16
ORD-004112,West,Clothing,2025-02-04,275.18,170.02,0.3,5,105.16
ORD-004113,West,Furniture,2025-02-14,188.04,139.9,0.03,1,48.14
ORD-004114,West,Furniture,2025-02-22,1210.44,743.19,0.09,5,467.25
ORD-004115,West,Furniture,2025-02-07,190.21,133.86,0.23,1,56.35
ORD-004116,West,Furniture,2025-02-11,813.29,563.76,0.28,4,249.53
ORD-004117,West,Electronics,2025-02-24,585.1,350.76,0.23,3,234.34
ORD-004118,West,Clothing,2025-02-13,171.48,97.14,0.17,3,74.34
ORD-004119,West,Groceries,2025-02-06,71.34,48.05,0.35,2,23.29
ORD-004120,West,Electronics,2025-02-06,999.09,675.11,0.18,4,323.98
ORD-004121,West,Groceries,2025-02-02,133.4,101.01,0.11,3,32.39
ORD-004122,West,Groceries,2025-02-16,56.71,37.65,0.04,2,19.06
ORD-004123,West,Groceries,2025-02-08,33.17,22.21,0.34,1,10.96
ORD-004124,West,Groceries,2025-02-04,44.08,34.94,0.03,1,9.14
ORD-004125,West,Electronics,2025-02-23,818.98,554.44,0.31,4,264.54
ORD-004126,West,Furniture,2025-02-22,477.48,355.95,0.24,3,121.53
ORD-004127,West,Furniture,2025-02-28,157.11,112.69,0.18,1,44.42
ORD-004128,West,Electronics,2025-02-10,533.56,330.15,0.24,3,203.41
ORD-004129,West,Furniture,2025-02-25,356.52,223.08,0.12,2,133.44
ORD-004130,West,Clothing,2025-02-05,121.56,69.06,0.02,2,52.5
ORD-004131,West,Groceries,2025-02-27,155.97,106.71,0.35,5,49.26
ORD-004132,West,Clothing,2025-02-28,65.56,35.87,0.24,1,29.69
ORD-004133,West,Groceries,2025-02-05,33.54,25.28,0.35,1,8.26
ORD-004134,North,Groceries,2025-02-19,104.58,77.31,0.04,3,27.27
ORD-004135,North,Clothing,2025-02-17,68.66,38.58,0.27,1,30.08
ORD-004136,North,Groceries,2025-02-11,115.62,82.62,0.04,3,33.0
ORD-004137,North,Electronics,2025-02-14,830.89,556.16,0.28,4,274.73
ORD-004138,North,Furniture,2025-02-26,463.81,319.14,0.03,3,144.67
ORD-004139,North,Electronics,2025-02-19,211.08,140.19,0.23,1,70.89
ORD-004140,North,Clothing,2025-02-05,56.14,32.38,0.29,1,23.76
ORD-004141,North,Clothing,2025-02-19,166.92,99.31,0.01,3,67.61
ORD-004142,North,Electronics,2025-02-04,728.13,442.35,0.28,4,285.78
ORD-004143,North,Electronics,2025-02-04,1260.27,742.73,0.0,5,517.54
ORD-004144,North,Electronics,2025-02-28,935.96,552.91,0.17,5,383.05
ORD-004145,North,Electronics,2025-02-16,223.97,156.11,0.32,1,67.86
ORD-004146,North,Clothing,2025-02-07,349.34,197.83,0.28,5,151.51
ORD-004147,North,Electronics,2025-02-19,257.22,162.71,0.11,1,94.51
ORD-004148,North,Furniture,2025-02-19,409.34,267.5,0.02,2,141.84
ORD-004149,North,Groceries,2025-02-14,41.73,30.71,0.22,1,11.02
ORD-004150,North,Clothing,2025-02-01,177.86,105.79,0.03,3,72.07
ORD-004151,North,Clothing,2025-02-07,249.29,159.16,0.3,4,90.13
ORD-004152,North,Electronics,2025-02-20,1091.68,731.18,0.16,5,360.5
ORD-004153,North,Clothing,2025-02-12,275.38,177.32,0.01,5,98.06
ORD-004154,North,Electronics,2025-02-12,763.03,426.38,0.2,4,336.65
ORD-004155,North,Furniture,2025-02-18,173.1,118.91,0.19,1,54.19
ORD-004156,North,Furniture,2025-02-04,761.09,580.32,0.28,4,180.77
ORD-004157,North,Groceries,2025-02-14,100.98,68.49,0.34,3,32.49
ORD-004158,North,Furniture,2025-02-08,1060.31,754.63,0.33,5,305.68
ORD-004159,North,Clothing,2025-02-25,258.27,154.19,0.27,4,104.08
ORD-004160,North,Electronics,2025-02-02,370.03,259.03,0.33,2,111.0
ORD-004161,North,Electronics,2025-02-08,1145.28,654.95,0.16,5,490.33
ORD-004162,North,Furniture,2025-02-25,556.47,368.03,0.18,3,188.44
ORD-004163,North,Electronics,2025-02-21,252.25,164.24,0.15,1,88.01
ORD-004164,North,Electronics,2025-02-02,469.72,292.43,0.17,2,177.29
ORD-004165,North,Furniture,2025-02-28,774.0,486.29,0.21,4,287.71
ORD-004166,North,Furniture,2025-02-23,583.57,430.99,0.3,3,152.58
ORD-004167,North,Furniture,2025-02-11,566.26,418.69,0.08,3,147.57
ORD-004168,North,Furniture,2025-02-04,1080.42,823.19,0.05,5,257.23
ORD-004169,North,Clothing,2025-02-11,310.27,202.92,0.27,5,107.35
ORD-004170,North,Groceries,2025-02-08,82.63,64.44,0.27,3,18.19
ORD-004171,North,Clothing,2025-02-21,269.91,152.21,0.33,4,117.7
ORD-004172,North,Furniture,2025-02-22,1051.29,808.62,0.3,5,242.67
ORD-004173,North,Electronics,2025-02-25,713.33,446.8,0.3,3,266.53
ORD-004174,North,Electronics,2025-02-09,408.94,291.55,0.05,2,117.39
ORD-004175,North,Clothing,2025-02-15,186.83,117.84,0.19,3,68.99
ORD-004176,North,Clothing,2025-02-21,213.24,136.38,0.02,4,76.86
ORD-004177,North,Clothing,2025-02-19,338.51,206.42,0.26,5,132.09
ORD-004178,North,Electronics,2025-02-13,859.87,534.87,0.31,4,325.0
ORD-004179,North,Electronics,2025-02-22,423.84,265.94,0.19,2,157.9
ORD-004180,North,Electronics,2025-02-06,1179.58,699.29,0.28,5,480.29
ORD-004181,North,Clothing,2025-02-02,98.11,63.43,0.1,2,34.68
ORD-004182,North,Clothing,2025-02-03,57.27,33.63,0.17,1,23.64
ORD-004183,North,Furniture,2025-02-11,961.61,590.89,0.06,5,370.72
ORD-004184,North,Electronics,2025-02-18,1093.84,621.15,0.3,5,472.69
ORD-004185,North,Clothing,2025-02-03,61.97,35.49,0.04,1,26.48
ORD-004186,North,Clothing,2025-02-15,188.83,118.42,0.1,3,70.41
ORD-004187,North,Groceries,2025-02-19,83.0,61.85,0.09,2,21.15
ORD-004188,North,Groceries,2025-02-13,179.92,148.26,0.19,5,31.66
ORD-004189,North,Clothing,2025-02-17,68.1,44.95,0.16,1,23.15
ORD-004190,North,Groceries,2025-02-19,164.43,118.89,0.07,5,45.54
ORD-004191,North,Electronics,2025-02-21,1043.25,738.36,0.16,5,304.89
ORD-004192,North,Furniture,2025-02-09,669.11,476.41,0.12,4,192.7
ORD-004193,North,Clothing,2025-02-16,266.57,156.99,0.11,4,109.58
ORD-004194,North,Electronics,2025-02-22,864.69,518.53,0.19,4,346.16
ORD-004195,North,Furniture,2025-02-27,1054.44,780.05,0.18,5,274.39
ORD-004196,North,Furniture,2025-02-02,166.67,114.21,0.11,1,52.46
ORD-004197,North,Clothing,2025-02-22,290.11,157.73,0.32,5,132.38
ORD-004198,North,Electronics,2025-02-28,749.05,527.88,0.32,3,221.17
ORD-004199,North,Furniture,2025-02-23,667.26,417.75,0.12,4,249.51
ORD-004200,North,Clothing,2025-02-01,61.28,40.66,0.3,1,20.62
ORD-004201,North,Electronics,2025-02-15,624.94,374.22,0.32,3,250.72
ORD-004202,North,Groceries,2025-02-07,64.5,46.25,0.16,2,18.25
ORD-004203,North,Electronics,2025-02-05,1215.27,722.47,0.3,5,492.8
ORD-004204,North,Clothing,2025-02-16,105.6,67.85,0.06,2,37.75
ORD-004205,North,Groceries,2025-02-02,113.72,76.53,0.28,3,37.19
ORD-004206,North,Electronics,2025-02-23,583.72,327.44,0.27,3,256.28
ORD-004207,North,Electronics,2025-02-16,182.19,123.1,0.3,1,59.09
ORD-004208,North,Furniture,2025-02-22,504.19,367.64,0.11,3,136.55
ORD-004209,North,Furniture,2025-02-07,210.63,137.71,0.28,1,72.92
ORD-004210,North,Clothing,2025-02-18,282.0,147.26,0.28,5,134.74
ORD-004211,North,Furniture,2025-02-27,552.63,358.38,0.24,3,194.25
ORD-004212,North,Clothing,2025-02-02,224.06,123.86,0.09,4,100.2
ORD-004213,North,Electronics,2025-02-18,340.8,202.34,0.28,2,138.46
ORD-004214,North,Clothing,2025-02-12,54.09,30.43,0.06,1,23.66
ORD-004215,North,Groceries,2025-02-23,32.75,24.25,0.09,1,8.5
ORD-004216,North,Electronics,2025-02-10,1096.29,649.58,0.11,5,446.71
ORD-004217,North,Furniture,2025-02-14,549.89,371.12,0.17,3,178.77
ORD-004218,North,Furniture,2025-02-28,768.87,547.14,0.07,4,221.73
ORD-004219,North,Furniture,2025-02-16,886.51,689.89,0.17,5,196.62
ORD-004220,North,Electronics,2025-02-23,511.19,325.48,0.3,2,185.71
ORD-004221,North,Furniture,2025-02-16,420.21,261.17,0.35,2,159.04
ORD-004222,North,Electronics,2025-02-10,1105.94,681.31,0.03,5,424.63
ORD-004223,North,Electronics,2025-02-14,1050.67,716.26,0.11,5,334.41
ORD-004224,South,Electronics,2025-02-10,467.32,321.64,0.11,2,145.68
ORD-004225,South,Furniture,2025-02-24,408.48,270.45,0.19,2,138.03
ORD-004226,South,Groceries,2025-02-16,129.24,106.13,0.04,4,23.11
ORD-004227,South,Clothing,2025-02-04,170.05,102.16,0.09,3,67.89
ORD-004228,South,Furniture,2025-02-25,446.62,273.83,0.02,3,172.79
ORD-004229,South,Clothing,2025-02-19,114.69,63.91,0.25,2,50.78
ORD-004230,South,Electronics,2025-02-03,909.58,583.56,0.34,4,326.02
ORD-004231,South,Furniture,2025-02-06,788.68,521.75,0.34,4,266.93
ORD-004232,South,Electronics,2025-02-26,1089.33,753.73,0.01,5,335.6
ORD-004233,South,Groceries,2025-02-21,125.24,92.2,0.22,3,33.04
ORD-004234,South,Groceries,2025-02-22,198.73,151.86,0.07,5,46.87
ORD-004235,South,Furniture,2025-02-23,981.23,731.17,0.18,5,250.06
ORD-004236,South,Furniture,2025-02-21,1112.19,865.69,0.33,5,246.5
ORD-004237,South,Groceries,2025-02-25,34.64,25.55,0.29,1,9.09
ORD-004238,South,Electronics,2025-02-24,1212.86,842.04,0.19,5,370.82
ORD-004239,South,Groceries,2025-02-14,132.22,107.74,0.15,4,24.48
ORD-004240,South,Electronics,2025-02-03,577.49,376.94,0.22,2,200.55
ORD-004241,South,Electronics,2025-02-01,868.44,578.21,0.04,4,290.23
ORD-004242,South,Electronics,2025-02-05,238.03,159.5,0.22,1,78.53
ORD-004243,South,Clothing,2025-02-25,89.54,50.92,0.15,2,38.62
ORD-004244,South,Groceries,2025-02-16,37.66,29.89,0.06,1,7.77
ORD-004245,South,Furniture,2025-02-18,602.1,384.3,0.16,3,217.8
ORD-004246,South,Groceries,2025-02-21,223.4,155.1,0.07,5,68.3
ORD-004247,South,Furniture,2025-02-08,801.54,588.75,0.29,4,212.79
ORD-004248,South,Electronics,2025-02-09,1152.81,672.49,0.05,5,480.32
ORD-004249,South,Furniture,2025-02-06,617.08,410.46,0.31,3,206.62
ORD-004250,South,Electronics,2025-02-16,1019.12,652.52,0.18,4,366.6
ORD-004251,South,Electronics,2025-02-02,452.43,320.36,0.14,2,132.07
ORD-004252,South,Furniture,2025-02-28,926.21,688.1,0.18,5,238.11
ORD-004253,South,Groceries,2025-02-17,165.98,131.08,0.14,5,34.9
ORD-004254,South,Groceries,2025-02-28,79.73,54.85,0.27,2,24.88
ORD-004255,South,Electronics,2025-02-17,769.14,525.43,0.34,4,243.71
ORD-004256,South,Electronics,2025-02-21,533.07,306.5,0.09,3,226.57
ORD-004257,South,Furniture,2025-02-24,293.91,186.72,0.09,2,107.19
ORD-004258,South,Furniture,2025-02-02,178.4,109.95,0.27,1,68.45
ORD-004259,South,Clothing,2025-02-25,57.79,35.22,0.27,1,22.57
ORD-004260,South,Furniture,2025-02-04,774.75,553.95,0.17,4,220.8
ORD-004261,South,Groceries,2025-02-24,131.5,108.47,0.24,4,23.03
ORD-004262,South,Electronics,2025-02-03,915.88,562.27,0.32,4,353.61
ORD-004263,South,Electronics,2025-02-06,233.51,160.97,0.3,1,72.54
ORD-004264,South,Electronics,2025-02-11,841.13,589.14,0.08,4,251.99
ORD-004265,South,Clothing,2025-02-05,99.97,54.03,0.35,2,45.94
ORD-004266,South,Electronics,2025-02-20,1073.83,642.14,0.09,5,431.69
ORD-004267,South,Furniture,2025-02-18,196.6,139.71,0.06,1,56.89
ORD-004268,South,Groceries,2025-02-05,185.05,150.56,0.32,5,34.49
ORD-004269,South,Electronics,2025-02-07,885.07,540.12,0.26,5,344.95
ORD-004270,South,Furniture,2025-02-08,188.63,137.6,0.27,1,51.03
ORD-004271,South,Furniture,2025-02-03,238.13,171.26,0.27,1,66.87
ORD-004272,South,Groceries,2025-02-27,168.67,136.02,0.09,5,32.65
ORD-004273,South,Furniture,2025-02-16,552.35,410.63,0.1,3,141.72
ORD-004274,South,Groceries,2025-02-25,41.81,30.54,0.35,1,11.27
ORD-004275,South,Clothing,2025-02-19,210.89,135.85,0.27,4,75.04
ORD-004276,South,Furniture,2025-02-28,148.36,106.98,0.11,1,41.38
ORD-004277,South,Furniture,2025-02-10,595.79,402.79,0.02,3,193.0
ORD-004278,South,Electronics,2025-02-21,226.36,127.05,0.03,1,99.31
ORD-004279,South,Electronics,2025-02-02,1325.72,856.54,0.14,5,469.18
ORD-004280,South,Furniture,2025-02-04,504.61,392.0,0.05,3,112.61
ORD-004281,South,Electronics,2025-02-18,229.11,132.32,0.23,1,96.79
ORD-004282,South,Clothing,2025-02-07,191.39,102.83,0.12,3,88.56
ORD-004283,South,Clothing,2025-02-18,247.82,154.02,0.23,5,93.8
ORD-004284,South,Groceries,2025-02-16,173.35,136.24,0.09,5,37.11
ORD-004285,South,Clothing,2025-02-08,341.47,214.85,0.22,5,126.62
ORD-004286,South,Electronics,2025-02-13,966.57,688.68,0.16,5,277.89
ORD-004287,South,Electronics,2025-02-11,512.21,291.64,0.3,3,220.57
ORD-004288,South,Furniture,2025-02-12,346.63,213.81,0.18,2,132.82
ORD-004289,South,Furniture,2025-02-10,191.47,130.56,0.2,1,60.91
ORD-004290,South,Groceries,2025-02-11,178.2,143.25,0.13,5,34.95
ORD-004291,South,Furniture,2025-02-23,324.74,250.3,0.16,2,74.44
ORD-004292,South,Furniture,2025-02-02,386.6,272.09,0.07,2,114.51
ORD-004293,South,Furniture,2025-02-08,176.21,122.07,0.23,1,54.14
ORD-004294,South,Electronics,2025-02-22,426.79,244.19,0.33,2,182.6
ORD-004295,South,Groceries,2025-02-12,149.67,119.91,0.19,4,29.76
ORD-004296,South,Electronics,2025-02-04,883.57,599.96,0.21,4,283.61
ORD-004297,South,Electronics,2025-02-05,246.82,166.09,0.31,1,80.73
ORD-004298,South,Furniture,2025-02-22,743.53,529.07,0.15,4,214.46
ORD-004299,South,Electronics,2025-02-14,730.25,413.34,0.17,3,316.91
ORD-004300,East,Clothing,2025-03-14,288.94,186.38,0.05,5,102.56
ORD-004301,East,Electronics,2025-03-04,1157.53,758.79,0.29,5,398.74
ORD-004302,East,Furniture,2025-03-28,167.16,119.48,0.06,1,47.68
ORD-004303,East,Electronics,2025-03-17,1006.07,593.31,0.17,4,412.76
ORD-004304,East,Furniture,2025-03-13,139.86,88.94,0.11,1,50.92
ORD-004305,East,Groceries,2025-03-23,198.81,131.97,0.17,5,66.84
ORD-004306,East,Electronics,2025-03-24,382.15,263.75,0.04,2,118.4
ORD-004307,East,Groceries,2025-03-22,186.43,152.36,0.16,5,34.07
ORD-004308,East,Electronics,2025-03-14,957.88,662.11,0.17,4,295.77
ORD-004309,East,Clothing,2025-03-07,67.93,41.23,0.15,1,26.7
ORD-004310,East,Electronics,2025-03-22,232.24,148.32,0.07,1,83.92
ORD-004311,East,Electronics,2025-03-20,150.06,87.86,0.28,1,62.2
ORD-004312,East,Clothing,2025-03-23,333.11,190.88,0.27,5,142.23
ORD-004313,East,Furniture,2025-03-07,763.34,526.56,0.18,4,236.78
ORD-004314,East,Groceries,2025-03-12,75.23,61.78,0.08,2,13.45
ORD-004315,East,Electronics,2025-03-24,470.64,312.38,0.14,2,158.26
ORD-004316,East,Furniture,2025-03-24,177.14,111.5,0.3,1,65.64
ORD-004317,East,Clothing,2025-03-01,298.78,157.94,0.33,4,140.84
ORD-004318,East,Furniture,2025-03-21,179.86,134.33,0.17,1,45.53
ORD-004319,East,Groceries,2025-03-15,113.43,86.35,0.18,3,27.08
ORD-004320,East,Groceries,2025-03-14,173.73,113.71,0.23,5,60.02
ORD-004321,East,Groceries,2025-03-26,83.92,61.51,0.28,2,22.41
ORD-004322,East,Electronics,2025-03-27,220.17,125.39,0.27,1,94.78
ORD-004323,East,Furniture,2025-03-10,677.17,527.3,0.2,4,149.87
ORD-004324,East,Groceries,2025-03-10,100.64,69.05,0.15,3,31.59
ORD-004325,East,Electronics,2025-03-01,1256.66,846.53,0.15,5,410.13
ORD-004326,East,Furniture,2025-03-13,176.18,131.05,0.28,1,45.13
ORD-004327,East,Groceries,2025-03-06,164.44,131.15,0.33,5,33.29
ORD-004328,East,Furniture,2025-03-14,524.89,409.72,0.15,3,115.17
ORD-004329,East,Electronics,2025-03-24,601.44,349.13,0.11,3,252.31
ORD-004330,East,Furniture,2025-03-21,706.14,450.85,0.08,4,255.29
ORD-004331,East,Clothing,2025-03-04,297.71,178.97,0.12,4,118.74
ORD-004332,East,Clothing,2025-03-02,317.72,195.61,0.18,5,122.11
ORD-004333,East,Groceries,2025-03-06,32.87,22.41,0.35,1,10.46
ORD-004334,East,Electronics,2025-03-16,694.05,431.17,0.05,3,262.88
ORD-004335,East,Electronics,2025-03-02,867.76,580.96,0.16,4,286.8
ORD-004336,East,Electronics,2025-03-27,241.83,144.85,0.15,1,96.98
ORD-004337,East,Furniture,2025-03-16,622.25,443.22,0.34,3,179.03
ORD-004338,East,Clothing,2025-03-28,66.44,41.22,0.26,1,25.22
ORD-004339,East,Clothing,2025-03-01,241.26,133.9,0.1,4,107.36
ORD-004340,East,Groceries,2025-03-21,142.81,103.5,0.09,4,39.31
ORD-004341,East,Groceries,2025-03-26,71.56,51.74,0.33,2,19.82
ORD-004342,East,Clothing,2025-03-25,90.72,50.11,0.24,2,40.61
ORD-004343,East,Electronics,2025-03-24,436.79,264.37,0.17,2,172.42
ORD-004344,East,Clothing,2025-03-27,46.9,29.85,0.07,1,17.05
ORD-004345,East,Groceries,2025-03-20,134.27,104.89,0.25,4,29.38
ORD-004346,East,Clothing,2025-03-10,382.81,245.71,0.12,5,137.1
ORD-004347,East,Electronics,2025-03-25,575.46,362.17,0.31,3,213.29
ORD-004348,East,Electronics,2025-03-23,1370.92,774.01,0.34,5,596.91
ORD-004349,East,Clothing,2025-03-07,57.17,37.6,0.28,1,19.57
ORD-004350,East,Electronics,2025-03-06,1101.43,770.6,0.08,5,330.83
ORD-004351,East,Furniture,2025-03-05,424.79,306.37,0.01,3,118.42
ORD-004352,East,Clothing,2025-03-18,71.73,46.76,0.05,1,24.97
ORD-004353,East,Electronics,2025-03-14,686.6,411.5,0.34,3,275.1
ORD-004354,East,Electronics,2025-03-08,204.12,143.1,0.19,1,61.02
ORD-004355,East,Electronics,2025-03-10,595.17,379.25,0.24,3,215.92
ORD-004356,East,Furniture,2025-03-16,373.58,244.26,0.07,2,129.32
ORD-004357,East,Clothing,2025-03-02,176.62,92.51,0.19,3,84.11
ORD-004358,East,Clothing,2025-03-15,187.65,112.35,0.07,3,75.3
ORD-004359,East,Groceries,2025-03-28,128.76,92.11,0.28,4,36.65
ORD-004360,East,Electronics,2025-03-09,1234.87,724.72,0.04,5,510.15
ORD-004361,East,Furniture,2025-03-17,141.38,90.48,0.25,1,50.9
ORD-004362,East,Electronics,2025-03-27,947.11,531.03,0.2,3,416.08
ORD-004363,East,Electronics,2025-03-18,1014.99,633.71,0.06,5,381.28
ORD-004364,East,Furniture,2025-03-04,161.93,104.58,0.29,1,57.35
ORD-004365,East,Clothing,2025-03-05,194.45,102.23,0.08,3,92.22
ORD-004366,East,Furniture,2025-03-12,609.89,455.39,0.03,4,154.5
ORD-004367,East,Electronics,2025-03-01,1090.44,697.95,0.03,5,392.49
ORD-004368,East,Electronics,2025-03-04,603.38,338.5,0.34,3,264.88
ORD-004369,East,Furniture,2025-03-10,1277.34,894.18,0.15,5,383.16
ORD-004370,East,Furniture,2025-03-10,209.08,128.93,0.24,1,80.15
ORD-004371,East,Clothing,2025-03-19,214.64,126.77,0.31,4,87.87
ORD-004372,East,Furniture,2025-03-14,176.97,114.8,0.08,1,62.17
ORD-004373,East,Furniture,2025-03-02,425.64,317.9,0.16,2,107.74
ORD-004374,East,Electronics,2025-03-02,419.73,296.45,0.22,2,123.28
ORD-004375,East,Electronics,2025-03-11,246.62,167.63,0.19,1,78.99
ORD-004376,East,Clothing,2025-03-11,266.95,155.96,0.15,4,110.99
ORD-004377,East,Furniture,2025-03-17,733.05,505.67,0.33,4,227.38
ORD-004378,East,Furniture,2025-03-10,339.92,209.25,0.3,2,130.67
ORD-004379,East,Electronics,2025-03-10,439.58,296.01,0.33,2,143.57
ORD-004380,East,Clothing,2025-03-09,71.42,39.84,0.32,1,31.58
ORD-004381,East,Electronics,2025-03-27,400.76,267.83,0.27,2,132.93
ORD-004382,East,Electronics,2025-03-09,897.24,525.92,0.26,4,371.32
ORD-004383,East,Furniture,2025-03-25,537.21,343.01,0.08,3,194.2
ORD-004384,East,Furniture,2025-03-04,410.81,302.93,0.25,2,107.88
ORD-004385,East,Furniture,2025-03-24,421.95,329.51,0.29,2,92.44
ORD-004386,East,Clothing,2025-03-04,117.97,68.75,0.16,2,49.22
ORD-004387,East,Electronics,2025-03-04,195.61,133.51,0.23,1,62.1
ORD-004388,East,Groceries,2025-03-23,148.71,117.41,0.2,4,31.3
ORD-004389,East,Electronics,2025-03-28,734.9,422.85,0.29,3,312.05
ORD-004390,East,Electronics,2025-03-27,278.27,162.46,0.29,1,115.81
ORD-004391,East,Furniture,2025-03-02,349.34,260.61,0.17,2,88.73
ORD-004392,East,Clothing,2025-03-02,52.92,32.79,0.08,1,20.13
ORD-004393,East,Furniture,2025-03-27,593.03,419.19,0.2,4,173.84
ORD-004394,East,Groceries,2025-03-25,29.87,21.86,0.07,1,8.01
ORD-004395,East,Electronics,2025-03-09,546.17,372.01,0.32,2,174.16
ORD-004396,East,Furniture,2025-03-12,338.6,218.44,0.04,2,120.16
ORD-004397,East,Groceries,2025-03-04,105.79,74.6,0.19,3,31.19
ORD-004398,East,Groceries,2025-03-27,164.56,133.63,0.09,4,30.93
ORD-004399,East,Clothing,2025-03-01,312.1,195.76,0.29,5,116.34
ORD-004400,East,Groceries,2025-03-09,59.52,42.04,0.08,2,17.48
ORD-004401,East,Electronics,2025-03-07,1412.67,936.06,0.05,5,476.61
ORD-004402,East,Furniture,2025-03-04,195.47,129.12,0.11,1,66.35
ORD-004403,East,Clothing,2025-03-27,73.26,42.04,0.33,1,31.22
ORD-004404,East,Clothing,2025-03-26,56.55,29.79,0.03,1,26.76
ORD-004405,East,Clothing,2025-03-04,58.11,35.27,0.34,1,22.84
ORD-004406,East,Furniture,2025-03-21,944.05,724.47,0.02,5,219.58
ORD-004407,East,Electronics,2025-03-13,194.67,128.65,0.24,1,66.02
ORD-004408,East,Electronics,2025-03-01,374.82,209.17,0.32,2,165.65
ORD-004409,East,Clothing,2025-03-04,108.8,69.69,0.28,2,39.11
ORD-004410,East,Groceries,2025-03-05,35.38,23.7,0.28,1,11.68
ORD-004411,East,Furniture,2025-03-20,336.97,250.79,0.08,2,86.18
ORD-004412,East,Groceries,2025-03-06,34.55,23.22,0.23,1,11.33
ORD-004413,East,Clothing,2025-03-11,52.44,29.99,0.1,1,22.45
ORD-004414,East,Clothing,2025-03-02,54.61,30.79,0.1,1,23.82
ORD-004415,East,Electronics,2025-03-21,1059.47,742.96,0.27,5,316.51
ORD-004416,East,Furniture,2025-03-25,160.2,113.57,0.11,1,46.63
ORD-004417,East,Clothing,2025-03-04,186.28,100.37,0.16,3,85.91
ORD-004418,East,Clothing,2025-03-05,221.63,141.83,0.09,4,79.8
ORD-004419,East,Electronics,2025-03-10,923.58,614.68,0.2,5,308.9
ORD-004420,West,Clothing,2025-03-23,284.64,184.25,0.22,5,100.39
ORD-004421,West,Electronics,2025-03-02,1391.41,886.93,0.34,5,504.48
ORD-004422,West,Clothing,2025-03-22,169.7,110.82,0.26,3,58.88
ORD-004423,West,Electronics,2025-03-14,934.81,545.59,0.08,4,389.22
ORD-004424,West,Electronics,2025-03-05,417.18,292.04,0.12,2,125.14
ORD-004425,West,Groceries,2025-03-02,40.08,31.49,0.32,1,8.59
ORD-004426,West,Furniture,2025-03-18,820.23,562.22,0.26,4,258.01
ORD-004427,West,Electronics,2025-03-02,243.89,143.63,0.13,1,100.26
ORD-004428,West,Electronics,2025-03-14,268.48,186.25,0.08,1,82.23
ORD-004429,West,Electronics,2025-03-24,791.01,455.72,0.17,4,335.29
ORD-004430,West,Clothing,2025-03-10,332.33,220.12,0.33,5,112.21
ORD-004431,West,Clothing,2025-03-20,129.12,79.46,0.28,2,49.66
ORD-004432,West,Furniture,2025-03-07,655.31,477.29,0.1,3,178.02
ORD-004433,West,Clothing,2025-03-23,64.76,41.02,0.03,1,23.74
ORD-004434,West,Clothing,2025-03-28,44.47,28.86,0.24,1,15.61
ORD-004435,West,Furniture,2025-03-19,159.09,112.31,0.19,1,46.78
ORD-004436,West,Furniture,2025-03-12,429.31,286.85,0.08,2,142.46
ORD-004437,West,Furniture,2025-03-04,749.67,467.68,0.29,4,281.99
ORD-004438,West,Electronics,2025-03-24,242.86,170.18,0.3,1,72.68
ORD-004439,West,Clothing,2025-03-05,254.75,145.53,0.31,4,109.22
ORD-004440,West,Groceries,2025-03-09,146.39,103.77,0.24,4,42.62
ORD-004441,West,Clothing,2025-03-15,237.84,132.64,0.28,4,105.2
ORD-004442,West,Clothing,2025-03-08,67.2,35.75,0.21,1,31.45
ORD-004443,West,Groceries,2025-03-04,69.58,51.03,0.1,2,18.55
ORD-004444,West,Electronics,2025-03-18,1195.48,823.59,0.15,5,371.89
ORD-004445,West,Clothing,2025-03-12,178.05,105.11,0.25,3,72.94
ORD-004446,West,Groceries,2025-03-02,66.79,50.93,0.03,2,15.86
ORD-004447,West,Groceries,2025-03-08,108.08,84.42,0.06,3,23.66
ORD-004448,West,Clothing,2025-03-23,254.66,142.94,0.15,5,111.72
ORD-004449,West,Furniture,2025-03-19,729.49,496.11,0.27,4,233.38
ORD-004450,West,Clothing,2025-03-20,121.54,71.72,0.15,2,49.82
ORD-004451,West,Clothing,2025-03-23,89.48,49.71,0.26,2,39.77
ORD-004452,West,Groceries,2025-03-05,188.49,125.72,0.21,5,62.77
ORD-004453,West,Furniture,2025-03-06,173.59,129.42,0.3,1,44.17
ORD-004454,West,Clothing,2025-03-25,341.44,219.67,0.15,5,121.77
ORD-004455,West,Groceries,2025-03-26,74.77,54.25,0.1,2,20.52
ORD-004456,West,Electronics,2025-03-04,974.29,606.24,0.01,5,368.05
ORD-004457,West,Groceries,2025-03-19,63.43,46.18,0.08,2,17.25
ORD-004458,West,Electronics,2025-03-24,977.23,651.06,0.08,5,326.17
ORD-004459,West,Furniture,2025-03-01,449.57,284.95,0.3,2,164.62
ORD-004460,West,Electronics,2025-03-08,1082.89,770.91,0.22,5,311.98
ORD-004461,West,Clothing,2025-03-15,322.64,175.16,0.28,4,147.48
ORD-004462,West,Clothing,2025-03-02,296.92,178.55,0.03,5,118.37
ORD-004463,West,Electronics,2025-03-12,862.2,575.21,0.17,4,286.99
ORD-004464,West,Clothing,2025-03-14,175.21,103.97,0.31,3,71.24
ORD-004465,West,Furniture,2025-03-18,693.59,497.71,0.08,4,195.88
ORD-004466,West,Electronics,2025-03-17,939.06,635.89,0.24,4,303.17
ORD-004467,West,Electronics,2025-03-22,729.31,518.66,0.27,4,210.65
ORD-004468,West,Furniture,2025-03-19,744.63,498.42,0.19,5,246.21
ORD-004469,West,Electronics,2025-03-03,361.82,223.44,0.26,2,138.38
ORD-004470,West,Furniture,2025-03-23,142.16,105.47,0.15,1,36.69
ORD-004471,West,Groceries,2025-03-12,38.41,28.27,0.08,1,10.14
ORD-004472,West,Clothing,2025-03-14,119.03,68.74,0.06,2,50.29
ORD-004473,West,Groceries,2025-03-19,38.84,30.51,0.21,1,8.33
ORD-004474,West,Clothing,2025-03-17,278.28,153.46,0.27,4,124.82
ORD-004475,West,Clothing,2025-03-22,122.65,78.34,0.15,2,44.31
ORD-004476,West,Clothing,2025-03-08,57.8,38.4,0.09,1,19.4
ORD-004477,West,Clothing,2025-03-17,172.6,97.46,0.26,3,75.14
ORD-004478,West,Electronics,2025-03-02,259.71,168.63,0.27,1,91.08
ORD-004479,West,Clothing,2025-03-15,62.75,33.05,0.11,1,29.7
ORD-004480,West,Clothing,2025-03-27,172.49,114.43,0.26,3,58.06
ORD-004481,West,Furniture,2025-03-13,180.97,129.68,0.02,1,51.29
ORD-004482,West,Furniture,2025-03-07,807.63,544.14,0.17,5,263.49
ORD-004483,West,Furniture,2025-03-04,658.87,490.48,0.22,4,168.39
ORD-004484,West,Furniture,2025-03-23,541.88,407.78,0.02,3,134.1
ORD-004485,West,Groceries,2025-03-27,202.68,132.05,0.18,5,70.63
ORD-004486,West,Groceries,2025-03-16,150.84,110.52,0.03,5,40.32
ORD-004487,West,Furniture,2025-03-01,173.69,117.83,0.07,1,55.86
ORD-004488,West,Electronics,2025-03-26,202.1,133.04,0.27,1,69.06
ORD-004489,West,Clothing,2025-03-12,241.34,134.82,0.2,4,106.52
ORD-004490,West,Electronics,2025-03-26,893.75,531.11,0.22,4,362.64
ORD-004491,West,Electronics,2025-03-13,1176.84,796.74,0.25,4,380.1
ORD-004492,West,Furniture,2025-03-13,703.0,501.95,0.2,4,201.05
ORD-004493,West,Electronics,2025-03-04,865.68,517.02,0.0,4,348.66
ORD-004494,West,Furniture,2025-03-14,155.76,100.6,0.18,1,55.16
ORD-004495,West,Clothing,2025-03-09,126.09,75.74,0.08,2,50.35
ORD-004496,West,Electronics,2025-03-13,444.45,304.37,0.3,2,140.08
ORD-004497,West,Furniture,2025-03-13,312.89,218.25,0.35,2,94.64
ORD-004498,West,Clothing,2025-03-08,44.55,24.28,0.28,1,20.27
ORD-004499,West,Electronics,2025-03-19,463.45,317.94,0.26,2,145.51
ORD-004500,West,Electronics,2025-03-10,643.9,439.5,0.25,3,204.4
ORD-004501,West,Furniture,2025-03-23,529.67,329.17,0.3,3,200.5
ORD-004502,West,Furniture,2025-03-23,369.89,263.38,0.12,2,106.51
ORD-004503,West,Furniture,2025-03-05,768.69,507.07,0.11,4,261.62
ORD-004504,West,Furniture,2025-03-13,830.56,604.71,0.24,4,225.85
ORD-004505,West,Furniture,2025-03-14,549.93,385.31,0.31,3,164.62
ORD-004506,West,Furniture,2025-03-27,504.15,371.7,0.25,3,132.45
ORD-004507,West,Clothing,2025-03-19,57.59,36.26,0.17,1,21.33
ORD-004508,West,Furniture,2025-03-02,991.01,759.98,0.11,5,231.03
ORD-004509,West,Furniture,2025-03-06,357.66,263.92,0.32,2,93.74
ORD-004510,West,Furniture,2025-03-08,1154.4,758.72,0.22,5,395.68
ORD-004511,West,Groceries,2025-03-03,71.0,54.54,0.2,2,16.46
ORD-004512,West,Clothing,2025-03-13,61.88,36.63,0.13,1,25.25
ORD-004513,West,Clothing,2025-03-05,103.48,68.41,0.19,2,35.07
ORD-004514,West,Electronics,2025-03-27,848.89,572.52,0.04,3,276.37
ORD-004515,West,Groceries,2025-03-06,71.1,58.43,0.2,2,12.67
ORD-004516,West,Electronics,2025-03-01,216.26,129.88,0.18,1,86.38
ORD-004517,West,Furniture,2025-03-26,183.81,141.39,0.18,1,42.42
ORD-004518,West,Furniture,2025-03-16,579.32,375.31,0.29,4,204.01
ORD-004519,West,Clothing,2025-03-10,222.43,123.38,0.2,4,99.05
ORD-004520,West,Furniture,2025-03-25,764.94,521.68,0.26,4,243.26
ORD-004521,West,Groceries,2025-03-23,98.79,70.35,0.23,3,28.44
ORD-004522,West,Clothing,2025-03-28,138.57,85.76,0.1,2,52.81
ORD-004523,West,Electronics,2025-03-08,1070.51,681.87,0.13,5,388.64
ORD-004524,West,Clothing,2025-03-18,62.04,38.45,0.07,1,23.59
ORD-004525,West,Electronics,2025-03-28,415.62,253.93,0.22,2,161.69
ORD-004526,West,Furniture,2025-03-11,428.74,306.28,0.18,3,122.46
ORD-004527,West,Groceries,2025-03-04,196.37,135.7,0.01,5,60.67
ORD-004528,West,Groceries,2025-03-21,117.94,84.97,0.08,3,32.97
ORD-004529,West,Clothing,2025-03-10,285.71,157.74,0.12,5,127.97
ORD-004530,West,Groceries,2025-03-25,66.95,49.21,0.31,2,17.74
ORD-004531,West,Clothing,2025-03-18,248.15,162.67,0.18,4,85.48
ORD-004532,West,Electronics,2025-03-14,1205.57,764.67,0.11,5,440.9
ORD-004533,West,Clothing,2025-03-13,57.97,33.22,0.25,1,24.75
ORD-004534,West,Furniture,2025-03-03,157.02,96.87,0.28,1,60.15
ORD-004535,West,Clothing,2025-03-02,63.07,41.19,0.05,1,21.88
ORD-004536,West,Electronics,2025-03-15,382.09,265.28,0.24,2,116.81
ORD-004537,West,Clothing,2025-03-19,65.1,41.03,0.23,1,24.07
ORD-004538,West,Groceries,2025-03-16,115.51,84.56,0.15,4,30.95
ORD-004539,West,Electronics,2025-03-12,869.32,500.06,0.29,4,369.26
ORD-004540,West,Clothing,2025-03-10,269.68,177.9,0.3,4,91.78
ORD-004541,West,Electronics,2025-03-11,805.09,538.93,0.22,4,266.16
ORD-004542,West,Clothing,2025-03-22,133.27,80.22,0.32,2,53.05
ORD-004543,West,Clothing,2025-03-10,67.57,36.42,0.06,1,31.15
ORD-004544,West,Groceries,2025-03-13,122.69,100.51,0.13,3,22.18
ORD-004545,West,Electronics,2025-03-03,458.32,269.93,0.02,2,188.39
ORD-004546,West,Clothing,2025-03-10,146.42,78.65,0.18,2,67.77
ORD-004547,West,Clothing,2025-03-13,214.08,121.4,0.04,4,92.68
ORD-004548,West,Electronics,2025-03-14,651.77,386.26,0.06,3,265.51
ORD-004549,West,Clothing,2025-03-13,54.94,33.32,0.14,1,21.62
ORD-004550,West,Electronics,2025-03-11,850.75,522.0,0.05,4,328.75
ORD-004551,West,Groceries,2025-03-21,78.49,63.66,0.06,2,14.83
ORD-004552,West,Electronics,2025-03-05,1135.32,672.45,0.28,5,462.87
ORD-004553,West,Clothing,2025-03-15,304.5,163.05,0.25,4,141.45
ORD-004554,West,Furniture,2025-03-15,1043.57,776.32,0.24,5,267.25
ORD-004555,West,Furniture,2025-03-14,837.33,561.19,0.02,4,276.14
ORD-004556,North,Electronics,2025-03-01,1044.78,615.93,0.2,5,428.85
ORD-004557,North,Clothing,2025-03-12,172.07,104.21,0.21,3,67.86
ORD-004558,North,Groceries,2025-03-23,108.17,86.53,0.31,4,21.64
ORD-004559,North,Furniture,2025-03-17,591.8,382.2,0.13,4,209.6
ORD-004560,North,Groceries,2025-03-15,33.06,23.84,0.06,1,9.22
ORD-004561,North,Furniture,2025-03-16,538.07,374.16,0.01,3,163.91
ORD-004562,North,Furniture,2025-03-01,342.35,247.17,0.04,2,95.18
ORD-004563,North,Groceries,2025-03-18,32.65,23.47,0.03,1,9.18
ORD-004564,North,Electronics,2025-03-26,450.93,306.11,0.22,2,144.82
ORD-004565,North,Groceries,2025-03-26,32.21,21.97,0.14,1,10.24
ORD-004566,North,Furniture,2025-03-15,920.92,688.45,0.0,5,232.47
ORD-004567,North,Clothing,2025-03-12,59.6,38.43,0.16,1,21.17
ORD-004568,North,Clothing,2025-03-25,321.63,180.12,0.04,5,141.51
ORD-004569,North,Electronics,2025-03-27,247.86,152.32,0.24,1,95.54
ORD-004570,North,Groceries,2025-03-07,147.64,117.57,0.25,4,30.07
ORD-004571,North,Electronics,2025-03-14,1055.35,687.46,0.23,5,367.89
ORD-004572,North,Electronics,2025-03-22,1041.88,695.44,0.22,4,346.44
ORD-004573,North,Furniture,2025-03-09,505.63,373.56,0.22,3,132.07
ORD-004574,North,Electronics,2025-03-28,242.3,139.97,0.06,1,102.33
ORD-004575,North,Furniture,2025-03-03,209.35,150.83,0.02,1,58.52
ORD-004576,North,Furniture,2025-03-07,645.98,422.47,0.29,4,223.51
ORD-004577,North,Clothing,2025-03-26,65.38,37.78,0.28,1,27.6
ORD-004578,North,Furniture,2025-03-11,1215.98,903.53,0.3,5,312.45
ORD-004579,North,Furniture,2025-03-17,330.4,227.5,0.04,2,102.9
ORD-004580,North,Groceries,2025-03-11,83.44,66.94,0.27,2,16.5
ORD-004581,North,Electronics,2025-03-18,561.51,335.96,0.01,3,225.55
ORD-004582,North,Clothing,2025-03-22,332.75,190.82,0.14,5,141.93
ORD-004583,North,Electronics,2025-03-28,367.97,259.94,0.17,2,108.03
ORD-004584,North,Electronics,2025-03-17,1260.46,771.3,0.03,5,489.16
ORD-004585,North,Electronics,2025-03-11,1057.93,708.89,0.27,5,349.04
ORD-004586,North,Electronics,2025-03-21,633.54,359.35,0.14,3,274.19
ORD-004587,North,Electronics,2025-03-24,1270.99,765.84,0.21,5,505.15
ORD-004588,North,Furniture,2025-03-05,887.41,657.76,0.27,5,229.65
ORD-004589,North,Electronics,2025-03-15,646.63,369.86,0.03,3,276.77
ORD-004590,North,Electronics,2025-03-10,748.74,498.79,0.12,4,249.95
ORD-004591,North,Electronics,2025-03-27,660.25,381.13,0.13,3,279.12
ORD-004592,North,Electronics,2025-03-27,241.78,138.59,0.25,1,103.19
ORD-004593,North,Clothing,2025-03-07,197.71,115.1,0.09,3,82.61
ORD-004594,North,Electronics,2025-03-23,656.89,437.07,0.24,3,219.82
ORD-004595,North,Furniture,2025-03-10,385.6,243.62,0.05,2,141.98
ORD-004596,North,Electronics,2025-03-21,809.57,508.23,0.17,3,301.34
ORD-004597,North,Groceries,2025-03-04,69.39,54.46,0.23,2,14.93
ORD-004598,North,Furniture,2025-03-07,508.28,346.31,0.31,3,161.97
ORD-004599,North,Clothing,2025-03-25,122.84,72.63,0.09,2,50.21
ORD-004600,North,Electronics,2025-03-08,637.92,396.57,0.22,3,241.35
ORD-004601,North,Electronics,2025-03-08,732.76,486.85,0.0,4,245.91
ORD-004602,North,Clothing,2025-03-10,53.0,33.52,0.18,1,19.48
ORD-004603,North,Clothing,2025-03-26,57.5,32.93,0.32,1,24.57
ORD-004604,North,Groceries,2025-03-18,38.64,27.34,0.3,1,11.3
ORD-004605,North,Clothing,2025-03-08,180.42,114.6,0.2,3,65.82
ORD-004606,North,Groceries,2025-03-12,218.85,153.27,0.17,5,65.58
ORD-004607,North,Electronics,2025-03-03,582.53,344.82,0.29,3,237.71
ORD-004608,North,Electronics,2025-03-13,688.94,400.36,0.19,3,288.58
ORD-004609,North,Groceries,2025-03-17,33.14,26.48,0.33,1,6.66
ORD-004610,North,Groceries,2025-03-12,28.46,21.14,0.11,1,7.32
ORD-004611,North,Furniture,2025-03-24,383.79,292.92,0.35,2,90.87
ORD-004612,North,Electronics,2025-03-04,734.8,429.5,0.27,3,305.3
ORD-004613,North,Electronics,2025-03-07,221.98,134.09,0.32,1,87.89
ORD-004614,North,Electronics,2025-03-05,195.18,137.72,0.14,1,57.46
ORD-004615,North,Clothing,2025-03-01,139.06,87.18,0.31,2,51.88
ORD-004616,North,Clothing,2025-03-27,61.76,38.8,0.25,1,22.96
ORD-004617,North,Electronics,2025-03-26,838.16,580.25,0.13,4,257.91
ORD-004618,North,Groceries,2025-03-09,122.7,80.04,0.22,3,42.66
ORD-004619,North,Electronics,2025-03-21,939.9,651.3,0.31,5,288.6
ORD-004620,North,Furniture,2025-03-23,518.32,354.8,0.12,3,163.52
ORD-004621,North,Electronics,2025-03-02,1063.15,682.23,0.16,5,380.92
ORD-004622,North,Groceries,2025-03-01,196.91,155.98,0.27,5,40.93
ORD-004623,North,Furniture,2025-03-06,203.51,150.31,0.29,1,53.2
ORD-004624,North,Electronics,2025-03-16,236.27,155.26,0.26,1,81.01
ORD-004625,North,Electronics,2025-03-05,234.27,136.43,0.08,1,97.84
ORD-004626,North,Electronics,2025-03-10,1032.89,703.32,0.12,5,329.57
ORD-004627,North,Electronics,2025-03-22,424.98,253.7,0.16,2,171.28
ORD-004628,North,Groceries,2025-03-11,117.82,81.72,0.04,3,36.1
ORD-004629,North,Electronics,2025-03-22,1030.81,668.17,0.34,5,362.64
ORD-004630,North,Furniture,2025-03-04,1020.63,660.69,0.2,5,359.94
ORD-004631,North,Groceries,2025-03-14,95.99,72.15,0.04,3,23.84
ORD-004632,North,Electronics,2025-03-15,220.59,124.43,0.2,1,96.16
ORD-004633,North,Furniture,2025-03-11,611.19,385.66,0.05,4,225.53
ORD-004634,North,Groceries,2025-03-04,98.22,75.53,0.18,3,22.69
ORD-004635,North,Electronics,2025-03-11,337.08,191.1,0.27,2,145.98
ORD-004636,North,Groceries,2025-03-20,127.87,99.95,0.25,4,27.92
ORD-004637,North,Electronics,2025-03-25,884.9,625.55,0.02,4,259.35
ORD-004638,North,Electronics,2025-03-20,225.06,132.04,0.0,1,93.02
ORD-004639,North,Groceries,2025-03-02,69.03,51.97,0.18,2,17.06
ORD-004640,North,Furniture,2025-03-09,500.31,372.99,0.32,3,127.32
ORD-004641,North,Clothing,2025-03-24,224.67,132.06,0.32,3,92.61
ORD-004642,North,Electronics,2025-03-04,255.22,160.37,0.15,1,94.85
ORD-004643,North,Furniture,2025-03-16,291.01,195.21,0.11,2,95.8
ORD-004644,North,Clothing,2025-03-19,196.11,111.16,0.0,3,84.95
ORD-004645,South,Electronics,2025-03-20,556.4,347.0,0.29,3,209.4
ORD-004646,South,Furniture,2025-03-05,715.72,440.48,0.1,4,275.24
ORD-004647,South,Furniture,2025-03-13,667.13,451.53,0.14,4,215.6
ORD-004648,South,Furniture,2025-03-25,745.47,575.31,0.13,4,170.16
ORD-004649,South,Furniture,2025-03-21,707.38,507.07,0.32,4,200.31
ORD-004650,South,Groceries,2025-03-15,164.35,118.11,0.27,4,46.24
ORD-004651,South,Electronics,2025-03-02,1072.53,634.27,0.26,5,438.26
ORD-004652,South,Electronics,2025-03-01,932.16,592.5,0.33,4,339.66
ORD-004653,South,Electronics,2025-03-04,908.59,569.56,0.04,4,339.03
ORD-004654,South,Clothing,2025-03-03,258.89,155.44,0.24,4,103.45
ORD-004655,South,Electronics,2025-03-03,199.25,127.25,0.2,1,72.0
ORD-004656,South,Electronics,2025-03-08,739.51,443.9,0.05,4,295.61
ORD-004657,South,Furniture,2025-03-09,578.51,415.39,0.21,3,163.12
ORD-004658,South,Clothing,2025-03-05,58.11,37.0,0.08,1,21.11
ORD-004659,South,Electronics,2025-03-13,1023.31,596.95,0.32,5,426.36
ORD-004660,South,Electronics,2025-03-28,931.31,624.42,0.13,4,306.89
ORD-004661,South,Groceries,2025-03-13,212.4,166.46,0.21,5,45.94
ORD-004662,South,Electronics,2025-03-08,812.58,569.97,0.05,4,242.61
ORD-004663,South,Electronics,2025-03-03,988.75,596.2,0.29,4,392.55
ORD-004664,South,Electronics,2025-03-25,190.47,114.6,0.16,1,75.87
ORD-004665,South,Furniture,2025-03-06,575.53,408.97,0.04,4,166.56
ORD-004666,South,Groceries,2025-03-09,146.16,120.54,0.04,4,25.62
ORD-004667,South,Electronics,2025-03-07,577.89,361.32,0.24,3,216.57
ORD-004668,South,Furniture,2025-03-16,545.24,369.36,0.33,3,175.88
ORD-004669,South,Clothing,2025-03-21,125.29,74.27,0.3,2,51.02
ORD-004670,South,Groceries,2025-03-20,65.01,42.98,0.04,2,22.03
ORD-004671,South,Electronics,2025-03-11,896.03,560.4,0.21,4,335.63
ORD-004672,South,Furniture,2025-03-16,419.56,293.8,0.34,2,125.76
ORD-004673,South,Furniture,2025-03-25,534.97,384.06,0.17,3,150.91
ORD-004674,South,Clothing,2025-03-26,127.67,80.66,0.31,2,47.01
ORD-004675,South,Clothing,2025-03-01,59.99,39.0,0.26,1,20.99
ORD-004676,South,Groceries,2025-03-09,35.89,28.43,0.3,1,7.46
ORD-004677,South,Clothing,2025-03-04,129.29,78.82,0.12,2,50.47
ORD-004678,South,Electronics,2025-03-25,698.09,435.22,0.22,3,262.87
ORD-004679,South,Groceries,2025-03-19,160.82,105.97,0.11,5,54.85
ORD-004680,South,Electronics,2025-03-23,441.41,253.04,0.3,2,188.37
ORD-004681,South,Electronics,2025-03-01,585.24,332.84,0.06,2,252.4
ORD-004682,South,Groceries,2025-03-24,142.03,109.18,0.02,4,32.85
ORD-004683,South,Groceries,2025-03-14,60.13,42.22,0.18,2,17.91
ORD-004684,South,Electronics,2025-03-08,1039.25,654.61,0.0,4,384.64
ORD-004685,South,Furniture,2025-03-06,640.53,418.05,0.14,4,222.48
ORD-004686,South,Clothing,2025-03-19,62.98,37.76,0.29,1,25.22
ORD-004687,South,Electronics,2025-03-15,972.39,670.7,0.15,5,301.69
ORD-004688,South,Groceries,2025-03-19,76.84,53.83,0.21,2,23.01
ORD-004689,South,Electronics,2025-03-12,199.67,132.16,0.27,1,67.51
ORD-004690,South,Groceries,2025-03-07,172.94,138.4,0.3,5,34.54
ORD-004691,South,Clothing,2025-03-08,238.74,145.38,0.26,4,93.36
ORD-004692,South,Electronics,2025-03-05,205.44,130.92,0.15,1,74.52
ORD-004693,South,Groceries,2025-03-01,78.52,55.48,0.06,2,23.04
ORD-004694,South,Furniture,2025-03-21,653.19,422.19,0.09,3,231.0
ORD-004695,South,Clothing,2025-03-08,263.29,159.71,0.3,4,103.58
ORD-004696,South,Electronics,2025-03-28,499.55,280.48,0.17,2,219.07
ORD-004697,South,Furniture,2025-03-08,434.03,278.51,0.09,2,155.52
ORD-004698,South,Electronics,2025-03-17,839.99,549.69,0.23,4,290.3
ORD-004699,South,Electronics,2025-03-21,201.22,127.06,0.2,1,74.16
ORD-004700,South,Groceries,2025-03-21,155.48,112.84,0.01,4,42.64
ORD-004701,South,Furniture,2025-03-19,168.44,120.49,0.11,1,47.95
ORD-004702,South,Electronics,2025-03-03,760.47,538.77,0.18,4,221.7
ORD-004703,South,Clothing,2025-03-20,253.67,139.47,0.07,4,114.2
ORD-004704,South,Groceries,2025-03-01,97.73,69.96,0.23,3,27.77
ORD-004705,South,Electronics,2025-03-27,722.17,506.62,0.21,3,215.55
ORD-004706,South,Furniture,2025-03-21,471.66,299.77,0.25,3,171.89
ORD-004707,South,Furniture,2025-03-16,485.98,351.41,0.13,3,134.57
ORD-004708,South,Electronics,2025-03-08,935.93,565.75,0.04,4,370.18
ORD-004709,South,Clothing,2025-03-06,225.35,145.37,0.25,4,79.98
ORD-004710,South,Clothing,2025-03-10,103.8,68.21,0.1,2,35.59
ORD-004711,South,Electronics,2025-03-05,672.13,404.38,0.17,3,267.75
ORD-004712,South,Furniture,2025-03-27,190.64,133.57,0.34,1,57.07
ORD-004713,South,Electronics,2025-03-17,211.3,126.52,0.02,1,84.78
ORD-004714,South,Electronics,2025-03-06,476.56,300.15,0.14,2,176.41
ORD-004715,South,Clothing,2025-03-27,215.0,114.31,0.04,4,100.69
ORD-004716,South,Groceries,2025-03-24,83.23,56.14,0.18,3,27.09
ORD-004717,South,Clothing,2025-03-10,271.33,154.3,0.24,4,117.03
ORD-004718,South,Groceries,2025-03-06,36.88,26.93,0.23,1,9.95
ORD-004719,South,Groceries,2025-03-16,162.53,113.09,0.28,5,49.44
ORD-004720,South,Furniture,2025-03-10,788.28,518.42,0.08,4,269.86
ORD-004721,South,Groceries,2025-03-12,34.43,24.85,0.32,1,9.58
ORD-004722,South,Electronics,2025-03-06,339.23,192.47,0.03,2,146.76
ORD-004723,South,Electronics,2025-03-05,227.47,133.85,0.13,1,93.62
ORD-004724,East,Electronics,2025-04-06,512.07,333.12,0.23,2,178.95
ORD-004725,East,Furniture,2025-04-28,373.83,233.07,0.29,2,140.76
ORD-004726,East,Electronics,2025-04-16,661.18,404.63,0.23,3,256.55
ORD-004727,East,Furniture,2025-04-16,575.74,381.2,0.25,3,194.54
ORD-004728,East,Electronics,2025-04-17,426.44,260.69,0.12,2,165.75
ORD-004729,East,Clothing,2025-04-11,266.94,176.58,0.05,4,90.36
ORD-004730,East,Clothing,2025-04-01,136.86,81.66,0.01,2,55.2
ORD-004731,East,Clothing,2025-04-08,255.36,162.64,0.21,4,92.72
ORD-004732,East,Furniture,2025-04-10,709.61,544.42,0.21,4,165.19
ORD-004733,East,Clothing,2025-04-13,74.86,39.58,0.06,1,35.28
ORD-004734,East,Furniture,2025-04-07,973.75,686.32,0.16,5,287.43
ORD-004735,East,Furniture,2025-04-22,331.79,203.14,0.27,2,128.65
ORD-004736,East,Furniture,2025-04-15,705.17,444.66,0.21,4,260.51
ORD-004737,East,Electronics,2025-04-02,1237.18,744.73,0.0,5,492.45
ORD-004738,East,Furniture,2025-04-09,484.03,297.19,0.14,3,186.84
ORD-004739,East,Furniture,2025-04-14,483.49,377.37,0.01,3,106.12
ORD-004740,East,Furniture,2025-04-24,179.64,139.98,0.25,1,39.66
ORD-004741,East,Clothing,2025-04-03,233.96,141.93,0.18,4,92.03
ORD-004742,East,Clothing,2025-04-28,106.99,62.49,0.3,2,44.5
ORD-004743,East,Groceries,2025-04-23,173.94,143.81,0.13,4,30.13
ORD-004744,East,Electronics,2025-04-04,410.86,280.52,0.16,2,130.34
ORD-004745,East,Clothing,2025-04-11,335.8,182.74,0.18,5,153.06
ORD-004746,East,Electronics,2025-04-14,464.16,302.5,0.18,2,161.66
ORD-004747,East,Groceries,2025-04-26,63.71,42.67,0.02,2,21.04
ORD-004748,East,Electronics,2025-04-07,223.26,156.58,0.08,1,66.68
ORD-004749,East,Clothing,2025-04-24,120.29,77.99,0.35,2,42.3
ORD-004750,East,Groceries,2025-04-21,83.22,57.33,0.35,2,25.89
ORD-004751,East,Electronics,2025-04-13,910.48,578.06,0.04,4,332.42
ORD-004752,East,Clothing,2025-04-15,127.29,73.15,0.2,2,54.14
ORD-004753,East,Clothing,2025-04-26,48.12,28.23,0.29,1,19.89
ORD-004754,East,Furniture,2025-04-18,385.55,262.15,0.17,2,123.4
ORD-004755,East,Clothing,2025-04-09,162.33,93.07,0.2,3,69.26
ORD-004756,East,Groceries,2025-04-01,160.34,120.1,0.04,4,40.24
ORD-004757,East,Electronics,2025-04-21,674.44,440.11,0.01,3,234.33
ORD-004758,East,Electronics,2025-04-11,757.37,486.69,0.11,3,270.68
ORD-004759,East,Furniture,2025-04-16,320.89,211.0,0.07,2,109.89
ORD-004760,East,Furniture,2025-04-19,631.91,450.41,0.24,3,181.5
ORD-004761,East,Furniture,2025-04-16,353.7,230.67,0.33,2,123.03
ORD-004762,East,Furniture,2025-04-17,603.9,457.19,0.04,3,146.71
ORD-004763,East,Groceries,2025-04-04,181.36,145.67,0.09,5,35.69
ORD-004764,East,Clothing,2025-04-13,159.12,101.11,0.12,3,58.01
ORD-004765,East,Clothing,2025-04-07,171.61,108.28,0.25,2,63.33
ORD-004766,East,Clothing,2025-04-24,176.52,101.25,0.27,3,75.27
ORD-004767,East,Electronics,2025-04-13,644.09,413.17,0.07,3,230.92
ORD-004768,East,Electronics,2025-04-09,704.42,407.99,0.29,3,296.43
ORD-004769,East,Electronics,2025-04-23,1307.73,797.0,0.34,5,510.73
ORD-004770,East,Electronics,2025-04-19,513.27,350.72,0.08,2,162.55
ORD-004771,East,Electronics,2025-04-08,198.67,118.42,0.18,1,80.25
ORD-004772,East,Furniture,2025-04-11,188.71,126.56,0.21,1,62.15
ORD-004773,East,Furniture,2025-04-13,181.18,121.85,0.26,1,59.33
ORD-004774,East,Furniture,2025-04-15,514.89,317.81,0.28,3,197.08
ORD-004775,East,Groceries,2025-04-07,222.47,158.5,0.24,5,63.97
ORD-004776,East,Electronics,2025-04-28,392.59,278.32,0.02,2,114.27
ORD-004777,East,Electronics,2025-04-08,1093.3,778.62,0.16,5,314.68
ORD-004778,East,Electronics,2025-04-28,252.85,143.93,0.01,1,108.92
ORD-004779,East,Furniture,2025-04-26,356.07,261.81,0.09,2,94.26
ORD-004780,East,Electronics,2025-04-20,570.73,367.92,0.07,3,202.81
ORD-004781,East,Electronics,2025-04-21,1381.25,861.2,0.07,5,520.05
ORD-004782,East,Clothing,2025-04-02,303.24,188.56,0.08,5,114.68
ORD-004783,East,Furniture,2025-04-15,683.03,522.66,0.19,5,160.37
ORD-004784,East,Electronics,2025-04-10,872.86,532.13,0.27,4,340.73
ORD-004785,East,Electronics,2025-04-05,633.13,439.26,0.24,3,193.87
ORD-004786,East,Furniture,2025-04-09,167.0,127.44,0.14,1,39.56
ORD-004787,East,Clothing,2025-04-26,56.5,32.19,0.19,1,24.31
ORD-004788,East,Furniture,2025-04-22,344.61,223.31,0.12,2,121.3
ORD-004789,East,Clothing,2025-04-02,271.84,142.53,0.29,4,129.31
ORD-004790,East,Electronics,2025-04-03,228.58,130.72,0.24,1,97.86
ORD-004791,East,Furniture,2025-04-24,169.65,106.26,0.08,1,63.39
ORD-004792,East,Groceries,2025-04-24,34.35,23.53,0.05,1,10.82
ORD-004793,East,Electronics,2025-04-06,442.44,248.25,0.31,2,194.19
ORD-004794,East,Electronics,2025-04-24,456.61,260.25,0.28,2,196.36
ORD-004795,East,Electronics,2025-04-25,1100.97,781.88,0.29,5,319.09
ORD-004796,East,Electronics,2025-04-12,725.08,440.12,0.19,3,284.96
ORD-004797,East,Electronics,2025-04-19,336.62,190.71,0.34,2,145.91
ORD-004798,East,Groceries,2025-04-09,140.59,109.71,0.08,4,30.88
ORD-004799,East,Clothing,2025-04-22,115.42,65.01,0.02,2,50.41
ORD-004800,East,Electronics,2025-04-17,208.07,146.84,0.25,1,61.23
ORD-004801,East,Electronics,2025-04-15,1131.14,698.21,0.2,5,432.93
ORD-004802,East,Electronics,2025-04-07,631.75,369.55,0.23,3,262.2
ORD-004803,East,Groceries,2025-04-19,116.7,87.74,0.1,3,28.96
ORD-004804,East,Groceries,2025-04-02,53.51,43.8,0.23,2,9.71
ORD-004805,East,Groceries,2025-04-04,168.92,116.6,0.12,5,52.32
ORD-004806,East,Groceries,2025-04-12,109.39,88.36,0.3,3,21.03
ORD-004807,East,Electronics,2025-04-05,976.15,629.79,0.17,4,346.36
ORD-004808,East,Electronics,2025-04-01,776.29,490.19,0.28,3,286.1
ORD-004809,East,Electronics,2025-04-07,763.31,529.57,0.1,4,233.74
ORD-004810,East,Electronics,2025-04-16,687.78,424.16,0.19,3,263.62
ORD-004811,East,Electronics,2025-04-18,1198.56,802.55,0.28,5,396.01
ORD-004812,East,Groceries,2025-04-19,85.83,60.37,0.15,2,25.46
ORD-004813,East,Electronics,2025-04-20,1118.42,695.75,0.18,5,422.67
ORD-004814,East,Clothing,2025-04-10,219.95,133.55,0.32,4,86.4
ORD-004815,East,Clothing,2025-04-08,63.26,33.53,0.1,1,29.73
ORD-004816,East,Electronics,2025-04-13,843.94,540.38,0.28,4,303.56
ORD-004817,East,Furniture,2025-04-07,192.55,141.92,0.18,1,50.63
ORD-004818,East,Furniture,2025-04-15,407.39,270.83,0.3,2,136.56
ORD-004819,East,Electronics,2025-04-01,1323.31,911.18,0.22,5,412.13
ORD-004820,East,Furniture,2025-04-28,708.12,482.23,0.21,3,225.89
ORD-004821,East,Furniture,2025-04-16,391.48,255.39,0.05,2,136.09
ORD-004822,East,Furniture,2025-04-15,205.46,159.1,0.24,1,46.36
ORD-004823,East,Groceries,2025-04-07,161.73,113.72,0.28,4,48.01
ORD-004824,East,Electronics,2025-04-06,212.11,128.8,0.23,1,83.31
ORD-004825,East,Groceries,2025-04-04,63.14,41.92,0.08,2,21.22
ORD-004826,East,Electronics,2025-04-17,1179.26,775.57,0.29,5,403.69
ORD-004827,East,Electronics,2025-04-21,234.64,133.83,0.12,1,100.81
ORD-004828,East,Electronics,2025-04-03,229.22,136.54,0.32,1,92.68
ORD-004829,East,Groceries,2025-04-17,94.94,78.6,0.14,3,16.34
ORD-004830,East,Furniture,2025-04-19,836.98,625.64,0.02,5,211.34
ORD-004831,East,Clothing,2025-04-08,59.71,35.91,0.24,1,23.8
ORD-004832,East,Electronics,2025-04-09,1022.56,594.68,0.3,5,427.88
ORD-004833,East,Furniture,2025-04-17,504.44,390.57,0.32,3,113.87
ORD-004834,East,Electronics,2025-04-19,633.37,365.39,0.2,3,267.98
ORD-004835,East,Groceries,2025-04-15,194.31,127.58,0.32,5,66.73
ORD-004836,East,Groceries,2025-04-05,138.39,111.93,0.06,4,26.46
ORD-004837,East,Electronics,2025-04-23,906.21,590.64,0.2,4,315.57
ORD-004838,East,Groceries,2025-04-04,33.55,25.15,0.32,1,8.4
ORD-004839,East,Electronics,2025-04-18,1142.43,776.81,0.0,5,365.62
ORD-004840,East,Furniture,2025-04-04,864.3,632.73,0.33,5,231.57
ORD-004841,East,Clothing,2025-04-03,56.75,30.66,0.3,1,26.09
ORD-004842,West,Electronics,2025-04-21,220.73,137.21,0.18,1,83.52
ORD-004843,West,Electronics,2025-04-16,959.43,634.76,0.08,5,324.67
ORD-004844,West,Furniture,2025-04-19,852.8,538.7,0.1,5,314.1
ORD-004845,West,Electronics,2025-04-02,264.57,166.32,0.19,1,98.25
ORD-004846,West,Electronics,2025-04-01,881.08,590.48,0.34,4,290.6
ORD-004847,West,Electronics,2025-04-04,178.84,108.94,0.02,1,69.9
ORD-004848,West,Electronics,2025-04-03,363.85,252.48,0.22,2,111.37
ORD-004849,West,Furniture,2025-04-22,891.72,665.79,0.18,5,225.93
ORD-004850,West,Groceries,2025-04-09,137.63,109.2,0.31,3,28.43
ORD-004851,West,Groceries,2025-04-12,41.32,28.93,0.23,1,12.39
ORD-004852,West,Electronics,2025-04-12,616.7,421.63,0.17,3,195.07
ORD-004853,West,Electronics,2025-04-12,853.84,485.51,0.32,4,368.33
ORD-004854,West,Furniture,2025-04-03,431.7,269.64,0.14,2,162.06
ORD-004855,West,Electronics,2025-04-05,401.76,269.0,0.17,2,132.76
ORD-004856,West,Groceries,2025-04-26,183.0,150.09,0.33,5,32.91
ORD-004857,West,Groceries,2025-04-09,75.93,59.14,0.3,2,16.79
ORD-004858,West,Groceries,2025-04-19,149.5,115.91,0.23,5,33.59
ORD-004859,West,Electronics,2025-04-13,203.91,116.7,0.19,1,87.21
ORD-004860,West,Electronics,2025-04-26,1173.29,781.99,0.05,5,391.3
ORD-004861,West,Groceries,2025-04-14,180.51,138.04,0.19,5,42.47
ORD-004862,West,Furniture,2025-04-21,967.86,642.71,0.32,5,325.15
ORD-004863,West,Furniture,2025-04-08,490.46,330.05,0.11,3,160.41
ORD-004864,West,Groceries,2025-04-16,247.8,164.32,0.21,5,83.48
ORD-004865,West,Electronics,2025-04-13,667.74,443.06,0.26,3,224.68
ORD-004866,West,Electronics,2025-04-06,650.6,387.44,0.24,3,263.16
ORD-004867,West,Furniture,2025-04-24,418.71,283.16,0.32,3,135.55
ORD-004868,West,Clothing,2025-04-05,164.54,97.38,0.25,3,67.16
ORD-004869,West,Clothing,2025-04-25,179.16,114.94,0.11,3,64.22
ORD-004870,West,Groceries,2025-04-19,34.33,27.55,0.04,1,6.78
ORD-004871,West,Electronics,2025-04-24,228.34,154.17,0.17,1,74.17
ORD-004872,West,Electronics,2025-04-15,845.17,587.62,0.2,4,257.55
ORD-004873,West,Furniture,2025-04-14,382.88,274.24,0.08,2,108.64
ORD-004874,West,Furniture,2025-04-14,160.64,118.42,0.09,1,42.22
ORD-004875,West,Furniture,2025-04-13,148.1,104.91,0.24,1,43.19
ORD-004876,West,Electronics,2025-04-09,685.65,479.06,0.02,3,206.59
ORD-004877,West,Electronics,2025-04-27,458.66,325.55,0.29,2,133.11
ORD-004878,West,Electronics,2025-04-03,794.34,474.62,0.19,4,319.72
ORD-004879,West,Electronics,2025-04-17,521.16,343.87,0.02,3,177.29
ORD-004880,West,Furniture,2025-04-19,751.33,557.16,0.22,4,194.17
ORD-004881,West,Electronics,2025-04-27,759.28,451.03,0.03,4,308.25
ORD-004882,West,Furniture,2025-04-09,659.36,492.44,0.23,4,166.92
ORD-004883,West,Electronics,2025-04-20,552.62,352.41,0.35,3,200.21
ORD-004884,West,Electronics,2025-04-02,868.79,527.95,0.17,4,340.84
ORD-004885,West,Electronics,2025-04-16,633.12,431.48,0.24,3,201.64
ORD-004886,West,Clothing,2025-04-21,212.76,123.46,0.11,3,89.3
ORD-004887,West,Electronics,2025-04-16,875.14,504.46,0.09,5,370.68
ORD-004888,West,Clothing,2025-04-08,317.35,173.08,0.06,5,144.27
ORD-004889,West,Clothing,2025-04-02,189.58,125.92,0.17,3,63.66
ORD-004890,West,Clothing,2025-04-18,285.74,164.46,0.14,5,121.28
ORD-004891,West,Electronics,2025-04-07,183.46,105.46,0.05,1,78.0
ORD-004892,West,Furniture,2025-04-13,158.63,97.81,0.25,1,60.82
ORD-004893,West,Groceries,2025-04-15,120.11,86.47,0.03,3,33.64
ORD-004894,West,Furniture,2025-04-13,810.44,542.1,0.11,5,268.34
ORD-004895,West,Groceries,2025-04-08,102.95,72.76,0.33,3,30.19
ORD-004896,West,Electronics,2025-04-21,605.99,430.07,0.35,3,175.92
ORD-004897,West,Clothing,2025-04-03,109.61,70.8,0.22,2,38.81
ORD-004898,West,Groceries,2025-04-23,111.45,76.13,0.11,3,35.32
ORD-004899,West,Clothing,2025-04-14,224.98,141.66,0.02,4,83.32
ORD-004900,West,Furniture,2025-04-13,359.21,228.33,0.26,2,130.88
ORD-004901,West,Groceries,2025-04-20,129.66,90.03,0.06,4,39.63
ORD-004902,West,Electronics,2025-04-21,210.45,148.03,0.21,1,62.42
ORD-004903,West,Clothing,2025-04-13,271.48,159.18,0.19,4,112.3
ORD-004904,West,Clothing,2025-04-07,182.18,114.02,0.26,3,68.16
ORD-004905,West,Electronics,2025-04-03,1126.14,741.32,0.05,5,384.82
ORD-004906,West,Groceries,2025-04-27,35.88,27.93,0.09,1,7.95
ORD-004907,West,Furniture,2025-04-07,1017.2,777.08,0.01,5,240.12
ORD-004908,West,Electronics,2025-04-13,680.52,388.98,0.29,3,291.54
ORD-004909,West,Groceries,2025-04-12,29.13,22.42,0.21,1,6.71
ORD-004910,West,Clothing,2025-04-14,174.02,97.77,0.25,3,76.25
ORD-004911,West,Electronics,2025-04-07,311.39,192.35,0.08,1,119.04
ORD-004912,West,Electronics,2025-04-25,798.73,492.41,0.3,4,306.32
ORD-004913,West,Groceries,2025-04-04,157.71,110.87,0.19,5,46.84
ORD-004914,West,Clothing,2025-04-01,236.6,133.51,0.19,4,103.09
ORD-004915,West,Electronics,2025-04-23,837.67,494.82,0.27,4,342.85
ORD-004916,West,Electronics,2025-04-17,876.98,494.74,0.09,4,382.24
ORD-004917,West,Electronics,2025-04-21,185.49,106.07,0.04,1,79.42
ORD-004918,West,Groceries,2025-04-06,35.8,27.61,0.02,1,8.19
ORD-004919,West,Groceries,2025-04-01,133.77,95.37,0.05,5,38.4
ORD-004920,West,Furniture,2025-04-28,347.34,216.07,0.33,2,131.27
ORD-004921,West,Electronics,2025-04-02,207.93,142.66,0.05,1,65.27
ORD-004922,West,Electronics,2025-04-27,208.31,125.45,0.21,1,82.86
ORD-004923,West,Electronics,2025-04-14,943.97,617.84,0.27,4,326.13
ORD-004924,West,Furniture,2025-04-05,171.31,126.92,0.28,1,44.39
ORD-004925,West,Clothing,2025-04-28,167.39,110.89,0.22,3,56.5
ORD-004926,West,Electronics,2025-04-18,414.77,236.93,0.11,2,177.84
ORD-004927,West,Furniture,2025-04-20,472.83,289.63,0.32,2,183.2
ORD-004928,West,Furniture,2025-04-06,358.29,226.83,0.32,2,131.46
ORD-004929,West,Electronics,2025-04-27,227.18,154.91,0.0,1,72.27
ORD-004930,West,Furniture,2025-04-11,497.43,388.33,0.25,3,109.1
ORD-004931,West,Electronics,2025-04-22,218.67,153.4,0.15,1,65.27
ORD-004932,West,Electronics,2025-04-08,205.85,144.56,0.11,1,61.29
ORD-004933,West,Electronics,2025-04-23,992.13,568.09,0.23,5,424.04
ORD-004934,West,Electronics,2025-04-24,486.86,290.29,0.17,2,196.57
ORD-004935,West,Electronics,2025-04-15,259.14,175.6,0.16,1,83.54
ORD-004936,West,Clothing,2025-04-02,57.84,31.75,0.29,1,26.09
ORD-004937,West,Furniture,2025-04-03,1032.96,793.43,0.29,5,239.53
ORD-004938,West,Clothing,2025-04-11,138.07,76.72,0.23,2,61.35
ORD-004939,West,Electronics,2025-04-24,253.59,156.68,0.23,1,96.91
ORD-004940,West,Electronics,2025-04-05,253.88,152.36,0.08,1,101.52
ORD-004941,West,Clothing,2025-04-21,265.92,176.9,0.31,4,89.02
ORD-004942,West,Electronics,2025-04-13,461.75,273.42,0.13,2,188.33
ORD-004943,West,Groceries,2025-04-22,158.25,127.6,0.06,5,30.65
ORD-004944,West,Clothing,2025-04-23,145.04,76.62,0.06,2,68.42
ORD-004945,West,Clothing,2025-04-20,62.01,35.22,0.22,1,26.79
ORD-004946,West,Electronics,2025-04-27,1165.82,785.76,0.1,5,380.06
ORD-004947,West,Electronics,2025-04-02,839.42,488.17,0.29,4,351.25
ORD-004948,West,Electronics,2025-04-16,859.27,486.14,0.19,4,373.13
ORD-004949,West,Furniture,2025-04-13,416.21,276.91,0.2,2,139.3
ORD-004950,West,Clothing,2025-04-03,208.56,111.59,0.0,4,96.97
ORD-004951,West,Electronics,2025-04-17,998.99,691.92,0.27,5,307.07
ORD-004952,West,Electronics,2025-04-17,674.08,387.55,0.35,3,286.53
ORD-004953,West,Furniture,2025-04-01,409.88,314.77,0.19,2,95.11
ORD-004954,West,Clothing,2025-04-22,185.57,110.17,0.29,4,75.4
ORD-004955,West,Furniture,2025-04-08,724.1,487.29,0.03,4,236.81
ORD-004956,West,Electronics,2025-04-14,739.76,424.88,0.1,4,314.88
ORD-004957,North,Furniture,2025-04-22,744.84,532.31,0.06,4,212.53
ORD-004958,North,Furniture,2025-04-18,923.5,594.75,0.14,5,328.75
ORD-004959,North,Clothing,2025-04-15,200.85,126.01,0.01,3,74.84
ORD-004960,North,Groceries,2025-04-24,73.31,53.9,0.11,2,19.41
ORD-004961,North,Groceries,2025-04-11,182.68,148.36,0.21,5,34.32
ORD-004962,North,Electronics,2025-04-18,405.97,247.79,0.18,2,158.18
ORD-004963,North,Clothing,2025-04-15,219.55,130.74,0.23,3,88.81
ORD-004964,North,Clothing,2025-04-04,192.03,127.33,0.26,3,64.7
ORD-004965,North,Furniture,2025-04-01,816.73,501.19,0.14,5,315.54
ORD-004966,North,Furniture,2025-04-05,923.7,715.15,0.35,5,208.55
ORD-004967,North,Groceries,2025-04-13,74.63,55.12,0.05,2,19.51
ORD-004968,North,Groceries,2025-04-19,34.45,23.69,0.05,1,10.76
ORD-004969,North,Groceries,2025-04-06,127.81,97.21,0.25,4,30.6
ORD-004970,North,Electronics,2025-04-06,913.75,641.53,0.17,4,272.22
ORD-004971,North,Clothing,2025-04-09,261.6,157.69,0.3,4,103.91
ORD-004972,North,Clothing,2025-04-08,307.49,196.52,0.01,5,110.97
ORD-004973,North,Clothing,2025-04-14,133.18,82.82,0.17,2,50.36
ORD-004974,North,Groceries,2025-04-06,105.49,70.84,0.09,3,34.65
ORD-004975,North,Clothing,2025-04-11,144.19,95.79,0.04,2,48.4
ORD-004976,North,Furniture,2025-04-25,175.75,117.11,0.34,1,58.64
ORD-004977,North,Furniture,2025-04-01,545.24,420.91,0.1,3,124.33
ORD-004978,North,Clothing,2025-04-02,175.12,113.17,0.35,3,61.95
ORD-004979,North,Electronics,2025-04-05,560.18,358.56,0.14,2,201.62
ORD-004980,North,Electronics,2025-04-27,792.87,475.02,0.11,4,317.85
ORD-004981,North,Electronics,2025-04-16,778.14,507.52,0.13,3,270.62
ORD-004982,North,Electronics,2025-04-25,434.92,264.38,0.01,2,170.54
ORD-004983,North,Furniture,2025-04-22,378.15,282.07,0.05,2,96.08
ORD-004984,North,Groceries,2025-04-06,138.86,102.79,0.0,4,36.07
ORD-004985,North,Furniture,2025-04-06,216.28,160.22,0.22,1,56.06
ORD-004986,North,Furniture,2025-04-09,961.71,671.47,0.17,5,290.24
ORD-004987,North,Electronics,2025-04-07,689.22,459.24,0.3,3,229.98
ORD-004988,North,Groceries,2025-04-12,146.52,115.15,0.11,5,31.37
ORD-004989,North,Furniture,2025-04-19,691.72,456.21,0.12,4,235.51
ORD-004990,North,Furniture,2025-04-08,160.95,102.59,0.28,1,58.36
ORD-004991,North,Groceries,2025-04-26,200.65,134.98,0.03,5,65.67
ORD-004992,North,Furniture,2025-04-15,854.33,555.22,0.33,4,299.11
ORD-004993,North,Electronics,2025-04-17,843.31,538.99,0.26,3,304.32
ORD-004994,North,Clothing,2025-04-23,263.71,152.66,0.13,5,111.05
ORD-004995,North,Clothing,2025-04-17,107.82,62.72,0.07,2,45.1
ORD-004996,North,Furniture,2025-04-28,183.3,120.66,0.05,1,62.64
ORD-004997,North,Furniture,2025-04-09,347.32,220.54,0.09,2,126.78
ORD-004998,North,Electronics,2025-04-02,518.96,362.45,0.27,2,156.51
ORD-004999,North,Groceries,2025-04-03,144.73,105.93,0.27,4,38.8
ORD-005000,North,Clothing,2025-04-10,306.53,165.26,0.14,5,141.27
ORD-005001,North,Furniture,2025-04-28,995.7,709.26,0.18,5,286.44
ORD-005002,North,Electronics,2025-04-10,904.68,574.12,0.08,4,330.56
ORD-005003,North,Electronics,2025-04-09,938.16,640.97,0.06,5,297.19
ORD-005004,North,Clothing,2025-04-26,249.12,134.69,0.01,4,114.43
ORD-005005,North,Electronics,2025-04-23,469.11,301.06,0.12,2,168.05
ORD-005006,North,Clothing,2025-04-06,303.32,162.26,0.3,5,141.06
ORD-005007,North,Clothing,2025-04-18,218.52,118.61,0.13,3,99.91
ORD-005008,North,Clothing,2025-04-26,117.22,63.26,0.34,2,53.96
ORD-005009,North,Furniture,2025-04-09,1121.64,688.85,0.21,5,432.79
ORD-005010,North,Clothing,2025-04-07,191.77,114.79,0.15,3,76.98
ORD-005011,North,Electronics,2025-04-07,304.05,216.03,0.12,1,88.02
ORD-005012,North,Clothing,2025-04-25,231.46,151.3,0.17,4,80.16
ORD-005013,North,Furniture,2025-04-16,797.69,594.26,0.26,5,203.43
ORD-005014,North,Electronics,2025-04-16,952.94,660.42,0.22,5,292.52
ORD-005015,North,Electronics,2025-04-10,1073.04,735.46,0.27,5,337.58
ORD-005016,North,Groceries,2025-04-02,37.26,30.63,0.24,1,6.63
ORD-005017,North,Groceries,2025-04-13,144.41,97.59,0.01,4,46.82
ORD-005018,North,Electronics,2025-04-20,236.19,133.77,0.04,1,102.42
ORD-005019,North,Clothing,2025-04-27,64.53,40.96,0.34,1,23.57
ORD-005020,North,Clothing,2025-04-21,321.86,213.64,0.1,5,108.22
ORD-005021,North,Clothing,2025-04-12,184.33,115.98,0.29,3,68.35
ORD-005022,North,Groceries,2025-04-26,172.53,128.18,0.33,4,44.35
ORD-005023,North,Electronics,2025-04-03,745.76,483.43,0.24,3,262.33
ORD-005024,North,Clothing,2025-04-01,57.61,35.09,0.33,1,22.52
ORD-005025,North,Furniture,2025-04-18,731.57,511.94,0.05,4,219.63
ORD-005026,North,Electronics,2025-04-04,516.61,339.48,0.2,2,177.13
ORD-005027,North,Clothing,2025-04-02,305.73,193.33,0.27,5,112.4
ORD-005028,North,Clothing,2025-04-21,111.79,73.66,0.23,2,38.13
ORD-005029,North,Electronics,2025-04-01,1113.48,695.76,0.05,5,417.72
ORD-005030,North,Electronics,2025-04-27,576.25,391.88,0.32,3,184.37
ORD-005031,North,Clothing,2025-04-02,154.31,95.17,0.1,2,59.14
ORD-005032,North,Clothing,2025-04-04,285.67,186.52,0.18,5,99.15
ORD-005033,North,Groceries,2025-04-13,56.15,44.2,0.03,2,11.95
ORD-005034,North,Groceries,2025-04-26,177.31,140.22,0.08,4,37.09
ORD-005035,North,Electronics,2025-04-06,796.44,451.54,0.06,4,344.9
ORD-005036,North,Groceries,2025-04-14,193.99,132.92,0.03,5,61.07
ORD-005037,North,Clothing,2025-04-10,162.73,108.36,0.11,3,54.37
ORD-005038,North,Furniture,2025-04-18,1043.64,765.82,0.16,5,277.82
ORD-005039,North,Electronics,2025-04-13,1205.97,792.7,0.33,5,413.27
ORD-005040,North,Clothing,2025-04-11,355.56,226.37,0.01,5,129.19
ORD-005041,North,Electronics,2025-04-07,203.67,128.97,0.12,1,74.7
ORD-005042,North,Groceries,2025-04-14,81.17,66.78,0.18,2,14.39
ORD-005043,North,Electronics,2025-04-03,407.62,258.71,0.22,2,148.91
ORD-005044,North,Groceries,2025-04-20,45.65,35.68,0.24,1,9.97
ORD-005045,North,Electronics,2025-04-14,1000.76,642.3,0.14,5,358.46
ORD-005046,North,Clothing,2025-04-11,313.08,181.35,0.32,5,131.73
ORD-005047,North,Furniture,2025-04-21,283.12,191.82,0.28,2,91.3
ORD-005048,North,Groceries,2025-04-22,151.15,109.82,0.32,5,41.33
ORD-005049,North,Groceries,2025-04-22,59.22,46.16,0.18,2,13.06
ORD-005050,North,Furniture,2025-04-12,172.33,114.98,0.26,1,57.35
ORD-005051,North,Furniture,2025-04-10,526.7,345.22,0.22,3,181.48
ORD-005052,North,Furniture,2025-04-01,397.47,268.01,0.08,2,129.46
ORD-005053,South,Clothing,2025-04-21,134.11,72.3,0.11,3,61.81
ORD-005054,South,Electronics,2025-04-18,855.34,504.51,0.21,4,350.83
ORD-005055,South,Furniture,2025-04-16,536.78,405.06,0.14,3,131.72
ORD-005056,South,Electronics,2025-04-16,498.1,281.18,0.16,2,216.92
ORD-005057,South,Electronics,2025-04-01,715.32,489.64,0.05,3,225.68
ORD-005058,South,Furniture,2025-04-28,175.99,129.57,0.06,1,46.42
ORD-005059,South,Groceries,2025-04-01,36.32,29.92,0.23,1,6.4
ORD-005060,South,Electronics,2025-04-23,231.84,146.88,0.05,1,84.96
ORD-005061,South,Electronics,2025-04-27,214.82,130.26,0.05,1,84.56
ORD-005062,South,Electronics,2025-04-15,450.51,254.61,0.05,2,195.9
ORD-005063,South,Electronics,2025-04-01,576.56,388.18,0.01,3,188.38
ORD-005064,South,Electronics,2025-04-16,338.64,224.54,0.35,2,114.1
ORD-005065,South,Electronics,2025-04-01,463.1,265.41,0.34,2,197.69
ORD-005066,South,Furniture,2025-04-23,572.66,432.66,0.14,4,140.0
ORD-005067,South,Groceries,2025-04-13,41.56,31.03,0.32,1,10.53
ORD-005068,South,Clothing,2025-04-12,239.99,141.43,0.24,3,98.56
ORD-005069,South,Electronics,2025-04-06,237.25,164.57,0.35,1,72.68
ORD-005070,South,Electronics,2025-04-05,522.26,352.44,0.18,2,169.82
ORD-005071,South,Furniture,2025-04-02,323.99,248.66,0.2,2,75.33
ORD-005072,South,Electronics,2025-04-06,754.09,428.23,0.02,4,325.86
ORD-005073,South,Clothing,2025-04-08,58.85,35.31,0.11,1,23.54
ORD-005074,South,Furniture,2025-04-25,471.68,352.12,0.09,3,119.56
ORD-005075,South,Electronics,2025-04-03,623.42,387.64,0.27,3,235.78
ORD-005076,South,Electronics,2025-04-17,433.99,257.9,0.21,2,176.09
ORD-005077,South,Electronics,2025-04-11,968.43,649.6,0.25,4,318.83
ORD-005078,South,Electronics,2025-04-03,877.98,522.68,0.11,4,355.3
ORD-005079,South,Furniture,2025-04-12,187.03,114.76,0.1,1,72.27
ORD-005080,South,Electronics,2025-04-07,418.14,249.61,0.05,2,168.53
ORD-005081,South,Groceries,2025-04-11,95.8,75.03,0.23,3,20.77
ORD-005082,South,Groceries,2025-04-25,148.24,100.36,0.17,5,47.88
ORD-005083,South,Electronics,2025-04-16,852.07,475.96,0.31,4,376.11
ORD-005084,South,Furniture,2025-04-05,483.81,340.25,0.16,3,143.56
ORD-005085,South,Furniture,2025-04-05,785.89,569.35,0.31,5,216.54
ORD-005086,South,Clothing,2025-04-24,206.5,108.75,0.27,4,97.75
ORD-005087,South,Clothing,2025-04-10,127.1,80.09,0.35,2,47.01
ORD-005088,South,Groceries,2025-04-14,72.76,53.25,0.3,2,19.51
ORD-005089,South,Clothing,2025-04-27,75.94,43.28,0.34,1,32.66
ORD-005090,South,Clothing,2025-04-07,238.49,148.14,0.08,4,90.35
ORD-005091,South,Electronics,2025-04-16,688.85,428.83,0.28,3,260.02
ORD-005092,South,Electronics,2025-04-18,836.1,578.36,0.14,4,257.74
ORD-005093,South,Clothing,2025-04-21,59.81,35.7,0.17,1,24.11
ORD-005094,South,Electronics,2025-04-15,1025.58,668.67,0.05,5,356.91
ORD-005095,South,Furniture,2025-04-13,152.82,110.69,0.13,1,42.13
ORD-005096,South,Furniture,2025-04-12,709.51,530.28,0.1,4,179.23
ORD-005097,South,Electronics,2025-04-19,1138.22,637.04,0.15,5,501.18
ORD-005098,South,Electronics,2025-04-22,455.09,308.84,0.23,2,146.25
ORD-005099,South,Groceries,2025-04-28,32.09,24.83,0.25,1,7.26
ORD-005100,South,Groceries,2025-04-15,80.68,66.5,0.02,2,14.18
ORD-005101,South,Groceries,2025-04-08,26.25,21.5,0.24,1,4.75
ORD-005102,South,Furniture,2025-04-10,962.91,594.67,0.21,5,368.24
ORD-005103,South,Furniture,2025-04-07,352.59,272.19,0.3,2,80.4
ORD-005104,South,Furniture,2025-04-28,627.05,420.97,0.14,4,206.08
ORD-005105,South,Groceries,2025-04-08,38.68,31.75,0.26,1,6.93
ORD-005106,South,Clothing,2025-04-21,264.69,141.67,0.26,4,123.02
ORD-005107,South,Electronics,2025-04-04,782.79,440.18,0.01,3,342.61
ORD-005108,South,Electronics,2025-04-24,995.29,573.66,0.14,4,421.63
ORD-005109,South,Clothing,2025-04-19,258.59,147.33,0.21,5,111.26
ORD-005110,South,Electronics,2025-04-22,926.79,636.14,0.24,4,290.65
ORD-005111,South,Clothing,2025-04-22,273.26,152.94,0.18,4,120.32
ORD-005112,South,Clothing,2025-04-24,60.54,38.57,0.08,1,21.97
ORD-005113,South,Electronics,2025-04-07,414.34,266.14,0.17,2,148.2
ORD-005114,South,Clothing,2025-04-01,193.36,103.73,0.04,4,89.63
ORD-005115,South,Furniture,2025-04-08,701.74,529.56,0.32,4,172.18
ORD-005116,South,Electronics,2025-04-15,209.23,124.53,0.22,1,84.7
ORD-005117,South,Furniture,2025-04-20,796.85,495.74,0.33,5,301.11
ORD-005118,South,Electronics,2025-04-28,1124.26,634.88,0.14,5,489.38
ORD-005119,South,Electronics,2025-04-23,694.6,476.54,0.11,3,218.06
ORD-005120,East,Electronics,2025-05-20,992.49,587.11,0.03,5,405.38
ORD-005121,East,Furniture,2025-05-19,510.39,336.03,0.31,3,174.36
ORD-005122,East,Groceries,2025-05-22,103.33,68.58,0.35,3,34.75
ORD-005123,East,Clothing,2025-05-18,313.27,165.33,0.27,5,147.94
ORD-005124,East,Clothing,2025-05-24,310.69,184.03,0.02,5,126.66
ORD-005125,East,Groceries,2025-05-22,121.32,100.1,0.11,3,21.22
ORD-005126,East,Furniture,2025-05-28,933.48,710.81,0.31,5,222.67
ORD-005127,East,Furniture,2025-05-08,344.72,240.38,0.2,2,104.34
ORD-005128,East,Furniture,2025-05-01,839.14,601.48,0.28,5,237.66
ORD-005129,East,Furniture,2025-05-06,552.43,410.24,0.04,3,142.19
ORD-005130,East,Furniture,2025-05-20,334.97,239.24,0.31,2,95.73
ORD-005131,East,Electronics,2025-05-04,763.7,512.11,0.32,4,251.59
ORD-005132,East,Clothing,2025-05-28,70.58,39.8,0.09,1,30.78
ORD-005133,East,Clothing,2025-05-19,245.52,146.92,0.15,4,98.6
ORD-005134,East,Furniture,2025-05-18,818.35,613.99,0.11,4,204.36
ORD-005135,East,Groceries,2025-05-09,30.66,24.32,0.34,1,6.34
ORD-005136,East,Groceries,2025-05-04,32.57,25.56,0.28,1,7.01
ORD-005137,East,Furniture,2025-05-01,180.56,111.46,0.1,1,69.1
ORD-005138,East,Clothing,2025-05-04,156.76,95.95,0.15,3,60.81
ORD-005139,East,Furniture,2025-05-26,513.25,391.67,0.14,3,121.58
ORD-005140,East,Furniture,2025-05-27,1040.55,683.3,0.32,5,357.25
ORD-005141,East,Furniture,2025-05-08,326.77,205.66,0.21,2,121.11
ORD-005142,East,Clothing,2025-05-23,355.22,187.69,0.29,5,167.53
ORD-005143,East,Clothing,2025-05-07,50.4,30.05,0.04,1,20.35
ORD-005144,East,Groceries,2025-05-26,90.96,74.07,0.28,3,16.89
ORD-005145,East,Clothing,2025-05-28,204.77,134.08,0.03,3,70.69
ORD-005146,East,Furniture,2025-05-16,600.3,442.63,0.17,4,157.67
ORD-005147,East,Furniture,2025-05-17,357.08,230.68,0.06,2,126.4
ORD-005148,East,Groceries,2025-05-22,71.7,54.97,0.23,2,16.73
ORD-005149,East,Electronics,2025-05-03,243.12,145.57,0.31,1,97.55
ORD-005150,East,Electronics,2025-05-17,202.82,136.53,0.33,1,66.29
ORD-005151,East,Furniture,2025-05-02,189.79,120.32,0.04,1,69.47
ORD-005152,East,Clothing,2025-05-03,178.85,104.75,0.16,3,74.1
ORD-005153,East,Groceries,2025-05-08,35.88,27.82,0.29,1,8.06
ORD-005154,East,Furniture,2025-05-18,447.37,296.85,0.04,2,150.52
ORD-005155,East,Clothing,2025-05-08,265.53,160.64,0.06,4,104.89
ORD-005156,East,Electronics,2025-05-13,438.37,297.08,0.11,2,141.29
ORD-005157,East,Electronics,2025-05-28,458.29,304.42,0.02,2,153.87
ORD-005158,East,Electronics,2025-05-09,718.0,501.99,0.07,3,216.01
ORD-005159,East,Clothing,2025-05-25,302.95,178.29,0.09,5,124.66
ORD-005160,East,Groceries,2025-05-08,70.26,48.13,0.19,2,22.13
ORD-005161,East,Electronics,2025-05-16,382.23,243.2,0.34,2,139.03
ORD-005162,East,Groceries,2025-05-23,145.32,117.2,0.19,5,28.12
ORD-005163,East,Electronics,2025-05-26,655.88,458.26,0.14,3,197.62
ORD-005164,East,Electronics,2025-05-22,1085.98,679.99,0.31,5,405.99
ORD-005165,East,Furniture,2025-05-01,171.26,106.65,0.17,1,64.61
ORD-005166,East,Electronics,2025-05-07,350.08,201.5,0.27,2,148.58
ORD-005167,East,Clothing,2025-05-06,198.33,109.32,0.18,3,89.01
ORD-005168,East,Clothing,2025-05-22,254.92,164.09,0.34,4,90.83
ORD-005169,East,Furniture,2025-05-19,940.14,631.96,0.16,4,308.18
ORD-005170,East,Electronics,2025-05-20,1061.69,593.28,0.15,5,468.41
ORD-005171,East,Electronics,2025-05-16,639.28,370.32,0.09,3,268.96
ORD-005172,East,Electronics,2025-05-17,717.38,479.58,0.22,3,237.8
ORD-005173,East,Furniture,2025-05-01,166.29,110.95,0.12,1,55.34
ORD-005174,East,Groceries,2025-05-05,144.81,115.53,0.32,4,29.28
ORD-005175,East,Furniture,2025-05-16,497.97,373.16,0.21,3,124.81
ORD-005176,East,Furniture,2025-05-09,653.78,481.84,0.03,4,171.94
ORD-005177,East,Furniture,2025-05-01,347.35,225.04,0.32,2,122.31
ORD-005178,East,Furniture,2025-05-13,612.8,428.83,0.12,4,183.97
ORD-005179,East,Furniture,2025-05-06,387.82,290.86,0.09,2,96.96
ORD-005180,East,Groceries,2025-05-25,77.08,50.37,0.2,2,26.71
ORD-005181,East,Groceries,2025-05-11,75.38,53.21,0.15,2,22.17
ORD-005182,East,Electronics,2025-05-07,453.11,286.02,0.09,2,167.09
ORD-005183,East,Groceries,2025-05-09,70.76,48.39,0.1,2,22.37
ORD-005184,East,Furniture,2025-05-02,474.67,361.31,0.11,3,113.36
ORD-005185,East,Clothing,2025-05-17,144.11,81.01,0.21,2,63.1
ORD-005186,East,Electronics,2025-05-01,880.83,552.31,0.08,3,328.52
ORD-005187,East,Groceries,2025-05-11,36.79,27.87,0.07,1,8.92
ORD-005188,East,Electronics,2025-05-19,475.59,321.02,0.04,2,154.57
ORD-005189,East,Electronics,2025-05-23,691.59,465.24,0.17,3,226.35
ORD-005190,East,Groceries,2025-05-11,149.68,107.97,0.25,5,41.71
ORD-005191,East,Electronics,2025-05-15,238.35,133.47,0.15,1,104.88
ORD-005192,East,Electronics,2025-05-27,706.53,475.23,0.16,3,231.3
ORD-005193,East,Electronics,2025-05-10,249.25,160.4,0.28,1,88.85
ORD-005194,East,Electronics,2025-05-01,219.81,138.36,0.01,1,81.45
ORD-005195,East,Furniture,2025-05-04,433.66,317.94,0.35,2,115.72
ORD-005196,East,Electronics,2025-05-07,835.34,567.77,0.18,4,267.57
ORD-005197,East,Furniture,2025-05-16,193.78,119.74,0.06,1,74.04
ORD-005198,East,Furniture,2025-05-14,381.48,291.39,0.24,2,90.09
ORD-005199,East,Groceries,2025-05-27,135.95,108.97,0.26,4,26.98
ORD-005200,East,Furniture,2025-05-19,807.42,599.01,0.25,4,208.41
ORD-005201,East,Electronics,2025-05-24,223.56,146.37,0.24,1,77.19
ORD-005202,East,Furniture,2025-05-05,204.22,133.57,0.09,1,70.65
ORD-005203,East,Electronics,2025-05-18,260.97,159.59,0.31,1,101.38
ORD-005204,East,Furniture,2025-05-26,812.17,521.74,0.27,4,290.43
ORD-005205,East,Furniture,2025-05-28,884.05,664.6,0.17,5,219.45
ORD-005206,East,Groceries,2025-05-06,106.95,71.48,0.28,3,35.47
ORD-005207,East,Electronics,2025-05-12,417.27,263.77,0.27,2,153.5
ORD-005208,East,Clothing,2025-05-04,113.81,66.4,0.21,2,47.41
ORD-005209,East,Electronics,2025-05-12,753.93,528.94,0.33,3,224.99
ORD-005210,East,Clothing,2025-05-03,133.53,73.44,0.24,2,60.09
ORD-005211,East,Electronics,2025-05-28,999.75,566.03,0.3,4,433.72
ORD-005212,East,Electronics,2025-05-01,631.09,446.96,0.09,3,184.13
ORD-005213,East,Furniture,2025-05-07,685.84,457.37,0.21,4,228.47
ORD-005214,East,Furniture,2025-05-27,193.93,141.19,0.17,1,52.74
ORD-005215,East,Electronics,2025-05-09,878.28,516.21,0.05,4,362.07
ORD-005216,East,Furniture,2025-05-04,812.48,571.14,0.28,4,241.34
ORD-005217,East,Electronics,2025-05-23,642.44,457.76,0.18,3,184.68
ORD-005218,East,Furniture,2025-05-19,615.03,419.06,0.13,4,195.97
ORD-005219,East,Groceries,2025-05-25,175.89,140.46,0.05,5,35.43
ORD-005220,East,Furniture,2025-05-13,794.38,610.19,0.29,4,184.19
ORD-005221,East,Groceries,2025-05-18,70.1,54.97,0.04,2,15.13
ORD-005222,East,Groceries,2025-05-01,94.49,73.2,0.03,3,21.29
ORD-005223,East,Electronics,2025-05-13,1289.54,892.92,0.07,5,396.62
ORD-005224,East,Furniture,2025-05-08,178.9,117.39,0.3,1,61.51
ORD-005225,East,Clothing,2025-05-26,61.51,34.25,0.01,1,27.26
ORD-005226,East,Furniture,2025-05-02,543.75,388.67,0.06,3,155.08
ORD-005227,East,Furniture,2025-05-17,1024.71,693.86,0.25,5,330.85
ORD-005228,East,Furniture,2025-05-03,317.77,194.88,0.16,2,122.89
ORD-005229,East,Clothing,2025-05-22,144.22,77.49,0.06,3,66.73
ORD-005230,East,Groceries,2025-05-09,111.34,73.66,0.28,3,37.68
ORD-005231,East,Furniture,2025-05-03,1196.42,877.28,0.17,5,319.14
ORD-005232,East,Groceries,2025-05-25,33.67,27.52,0.28,1,6.15
ORD-005233,East,Furniture,2025-05-22,535.48,376.79,0.18,3,158.69
ORD-005234,East,Clothing,2025-05-26,274.57,168.88,0.22,5,105.69
ORD-005235,East,Groceries,2025-05-13,113.41,77.64,0.02,3,35.77
ORD-005236,East,Electronics,2025-05-09,249.55,172.94,0.13,1,76.61
ORD-005237,East,Furniture,2025-05-22,785.88,576.51,0.29,4,209.37
ORD-005238,East,Furniture,2025-05-14,488.19,333.89,0.2,3,154.3
ORD-005239,East,Furniture,2025-05-13,714.77,440.42,0.06,5,274.35
ORD-005240,East,Furniture,2025-05-01,324.95,248.89,0.26,2,76.06
ORD-005241,East,Electronics,2025-05-13,446.75,296.4,0.34,2,150.35
ORD-005242,East,Furniture,2025-05-07,595.03,457.47,0.22,3,137.56
ORD-005243,East,Groceries,2025-05-21,162.49,119.95,0.33,5,42.54
ORD-005244,East,Groceries,2025-05-24,79.67,59.16,0.26,2,20.51
ORD-005245,East,Furniture,2025-05-22,526.19,389.87,0.15,3,136.32
ORD-005246,East,Clothing,2025-05-25,235.73,138.59,0.3,4,97.14
ORD-005247,East,Clothing,2025-05-14,371.58,230.92,0.24,5,140.66
ORD-005248,East,Electronics,2025-05-09,437.47,307.64,0.14,2,129.83
ORD-005249,East,Groceries,2025-05-14,167.15,130.36,0.02,5,36.79
ORD-005250,East,Electronics,2025-05-27,679.37,407.14,0.17,3,272.23
ORD-005251,West,Clothing,2025-05-10,58.72,35.33,0.22,1,23.39
ORD-005252,West,Groceries,2025-05-11,78.27,51.1,0.21,2,27.17
ORD-005253,West,Groceries,2025-05-02,122.79,94.51,0.28,3,28.28
ORD-005254,West,Electronics,2025-05-11,547.82,387.61,0.24,2,160.21
ORD-005255,West,Furniture,2025-05-25,660.96,506.91,0.08,4,154.05
ORD-005256,West,Electronics,2025-05-13,1012.13,695.88,0.19,4,316.25
ORD-005257,West,Electronics,2025-05-22,845.07,537.41,0.06,4,307.66
ORD-005258,West,Groceries,2025-05-19,236.16,185.33,0.18,5,50.83
ORD-005259,West,Electronics,2025-05-19,906.7,641.06,0.09,5,265.64
ORD-005260,West,Furniture,2025-05-16,180.68,130.7,0.27,1,49.98
ORD-005261,West,Clothing,2025-05-26,265.17,158.96,0.31,5,106.21
ORD-005262,West,Electronics,2025-05-07,432.12,290.59,0.24,2,141.53
ORD-005263,West,Electronics,2025-05-04,477.4,302.49,0.07,2,174.91
ORD-005264,West,Clothing,2025-05-27,113.84,73.48,0.35,2,40.36
ORD-005265,West,Clothing,2025-05-16,64.02,38.65,0.15,1,25.37
ORD-005266,West,Electronics,2025-05-19,1071.25,712.85,0.14,5,358.4
ORD-005267,West,Clothing,2025-05-23,294.17,174.51,0.13,5,119.66
ORD-005268,West,Furniture,2025-05-26,866.79,657.64,0.07,5,209.15
ORD-005269,West,Groceries,2025-05-13,90.25,70.33,0.27,3,19.92
ORD-005270,West,Clothing,2025-05-02,306.54,170.22,0.24,5,136.32
ORD-005271,West,Clothing,2025-05-09,127.2,72.15,0.12,2,55.05
ORD-005272,West,Furniture,2025-05-21,726.83,556.82,0.24,4,170.01
ORD-005273,West,Furniture,2025-05-07,511.39,388.85,0.18,3,122.54
ORD-005274,West,Electronics,2025-05-11,687.61,416.29,0.25,3,271.32
ORD-005275,West,Furniture,2025-05-23,191.06,137.36,0.33,1,53.7
ORD-005276,West,Furniture,2025-05-05,674.54,469.77,0.27,4,204.77
ORD-005277,West,Groceries,2025-05-20,79.75,55.54,0.08,2,24.21
ORD-005278,West,Electronics,2025-05-19,421.83,241.16,0.34,2,180.67
ORD-005279,West,Electronics,2025-05-07,183.47,106.88,0.01,1,76.59
ORD-005280,West,Electronics,2025-05-10,798.14,499.26,0.26,4,298.88
ORD-005281,West,Clothing,2025-05-23,252.08,149.81,0.04,4,102.27
ORD-005282,West,Electronics,2025-05-06,985.43,637.6,0.05,4,347.83
ORD-005283,West,Electronics,2025-05-25,858.27,501.78,0.31,4,356.49
ORD-005284,West,Clothing,2025-05-14,332.72,206.13,0.12,5,126.59
ORD-005285,West,Groceries,2025-05-22,109.76,84.71,0.35,3,25.05
ORD-005286,West,Electronics,2025-05-01,1068.17,630.71,0.24,5,437.46
ORD-005287,West,Furniture,2025-05-09,451.81,336.17,0.06,3,115.64
ORD-005288,West,Electronics,2025-05-13,1006.98,662.02,0.35,5,344.96
ORD-005289,West,Clothing,2025-05-17,58.67,39.03,0.31,1,19.64
ORD-005290,West,Groceries,2025-05-07,28.25,19.21,0.09,1,9.04
ORD-005291,West,Electronics,2025-05-25,1185.39,703.08,0.31,5,482.31
ORD-005292,West,Groceries,2025-05-07,143.52,113.67,0.34,4,29.85
ORD-005293,West,Clothing,2025-05-13,54.69,34.74,0.04,1,19.95
ORD-005294,West,Furniture,2025-05-25,1050.13,670.13,0.26,5,380.0
ORD-005295,West,Clothing,2025-05-08,109.94,62.4,0.35,2,47.54
ORD-005296,West,Electronics,2025-05-24,843.15,585.55,0.34,4,257.6
ORD-005297,West,Groceries,2025-05-24,110.92,77.29,0.11,3,33.63
ORD-005298,West,Clothing,2025-05-10,278.93,148.83,0.27,5,130.1
ORD-005299,West,Electronics,2025-05-10,185.25,118.62,0.31,1,66.63
ORD-005300,West,Clothing,2025-05-23,51.72,27.99,0.26,1,23.73
ORD-005301,West,Electronics,2025-05-24,814.68,490.32,0.27,3,324.36
ORD-005302,West,Furniture,2025-05-09,578.36,417.55,0.35,3,160.81
ORD-005303,West,Electronics,2025-05-20,993.98,593.37,0.22,4,400.61
ORD-005304,West,Clothing,2025-05-21,281.09,151.11,0.19,5,129.98
ORD-005305,West,Electronics,2025-05-23,934.81,547.1,0.27,5,387.71
ORD-005306,West,Furniture,2025-05-20,1092.99,754.35,0.19,5,338.64
ORD-005307,West,Groceries,2025-05-21,85.52,67.8,0.18,3,17.72
ORD-005308,West,Clothing,2025-05-17,140.0,89.61,0.0,2,50.39
ORD-005309,West,Groceries,2025-05-23,126.32,82.66,0.15,4,43.66
ORD-005310,West,Electronics,2025-05-11,455.85,285.27,0.34,2,170.58
ORD-005311,West,Electronics,2025-05-12,990.71,595.28,0.25,4,395.43
ORD-005312,West,Clothing,2025-05-20,104.77,67.11,0.35,2,37.66
ORD-005313,West,Electronics,2025-05-14,202.68,113.1,0.19,1,89.58
ORD-005314,West,Clothing,2025-05-06,62.33,39.67,0.02,1,22.66
ORD-005315,West,Electronics,2025-05-23,716.88,465.62,0.15,3,251.26
ORD-005316,West,Electronics,2025-05-23,1270.65,888.88,0.27,5,381.77
ORD-005317,West,Electronics,2025-05-18,916.84,636.54,0.21,4,280.3
ORD-005318,West,Electronics,2025-05-20,716.61,465.26,0.09,3,251.35
ORD-005319,West,Groceries,2025-05-15,111.84,77.61,0.1,3,34.23
ORD-005320,West,Furniture,2025-05-07,379.45,244.61,0.09,2,134.84
ORD-005321,West,Electronics,2025-05-11,1111.03,689.48,0.25,5,421.55
ORD-005322,West,Furniture,2025-05-20,665.09,456.4,0.03,4,208.69
ORD-005323,West,Furniture,2025-05-18,497.95,351.32,0.13,3,146.63
ORD-005324,West,Electronics,2025-05-27,998.22,563.57,0.04,4,434.65
ORD-005325,West,Groceries,2025-05-26,36.87,23.92,0.27,1,12.95
ORD-005326,West,Electronics,2025-05-01,237.84,148.35,0.13,1,89.49
ORD-005327,West,Clothing,2025-05-21,319.28,167.31,0.01,5,151.97
ORD-005328,West,Groceries,2025-05-06,73.79,49.19,0.08,2,24.6
ORD-005329,West,Furniture,2025-05-07,942.63,635.75,0.28,5,306.88
ORD-005330,West,Clothing,2025-05-08,337.16,221.57,0.04,5,115.59
ORD-005331,West,Clothing,2025-05-18,226.58,119.3,0.01,4,107.28
ORD-005332,West,Electronics,2025-05-03,1014.91,703.56,0.12,4,311.35
ORD-005333,West,Furniture,2025-05-08,857.79,641.26,0.29,5,216.53
ORD-005334,West,Furniture,2025-05-12,641.46,498.96,0.11,4,142.5
ORD-005335,West,Furniture,2025-05-13,657.5,439.11,0.33,4,218.39
ORD-005336,West,Electronics,2025-05-07,731.46,434.81,0.33,3,296.65
ORD-005337,West,Clothing,2025-05-26,281.05,172.17,0.2,4,108.88
ORD-005338,West,Furniture,2025-05-20,399.78,285.41,0.16,2,114.37
ORD-005339,West,Clothing,2025-05-05,132.53,79.16,0.19,2,53.37
ORD-005340,West,Furniture,2025-05-22,182.33,121.8,0.12,1,60.53
ORD-005341,West,Electronics,2025-05-04,226.06,152.97,0.28,1,73.09
ORD-005342,West,Electronics,2025-05-25,879.49,599.55,0.16,4,279.94
ORD-005343,West,Clothing,2025-05-10,111.3,62.2,0.24,2,49.1
ORD-005344,West,Groceries,2025-05-18,36.09,23.48,0.27,1,12.61
ORD-005345,West,Groceries,2025-05-12,84.97,55.86,0.06,3,29.11
ORD-005346,West,Electronics,2025-05-21,417.96,240.26,0.32,2,177.7
ORD-005347,West,Groceries,2025-05-17,154.56,124.71,0.08,5,29.85
ORD-005348,West,Groceries,2025-05-13,132.66,90.74,0.24,4,41.92
ORD-005349,West,Groceries,2025-05-13,78.85,55.36,0.3,2,23.49
ORD-005350,West,Electronics,2025-05-17,1329.0,741.82,0.33,5,587.18
ORD-005351,West,Groceries,2025-05-14,79.11,63.35,0.04,2,15.76
ORD-005352,West,Electronics,2025-05-20,406.94,269.93,0.2,2,137.01
ORD-005353,West,Clothing,2025-05-05,109.45,60.89,0.15,2,48.56
ORD-005354,West,Clothing,2025-05-24,245.29,149.45,0.1,4,95.84
ORD-005355,West,Furniture,2025-05-27,553.02,412.53,0.01,3,140.49
ORD-005356,West,Furniture,2025-05-19,172.85,123.19,0.3,1,49.66
ORD-005357,West,Groceries,2025-05-18,75.04,53.54,0.22,2,21.5
ORD-005358,West,Clothing,2025-05-12,62.97,34.48,0.0,1,28.49
ORD-005359,West,Furniture,2025-05-24,736.2,574.95,0.23,4,161.25
ORD-005360,West,Electronics,2025-05-19,1263.39,830.5,0.17,5,432.89
ORD-005361,West,Clothing,2025-05-01,59.19,32.25,0.14,1,26.94
ORD-005362,West,Groceries,2025-05-06,37.71,29.71,0.3,1,8.0
ORD-005363,West,Furniture,2025-05-11,640.31,463.6,0.29,4,176.71
ORD-005364,West,Electronics,2025-05-26,833.29,560.33,0.03,4,272.96
ORD-005365,West,Groceries,2025-05-15,118.24,85.11,0.1,3,33.13
ORD-005366,West,Electronics,2025-05-01,860.2,546.21,0.23,4,313.99
ORD-005367,West,Clothing,2025-05-17,389.27,227.56,0.23,5,161.71
ORD-005368,West,Clothing,2025-05-10,245.46,156.44,0.3,5,89.02
ORD-005369,West,Clothing,2025-05-12,192.82,125.86,0.29,3,66.96
ORD-005370,West,Groceries,2025-05-26,128.81,88.11,0.19,3,40.7
ORD-005371,West,Clothing,2025-05-22,245.47,146.39,0.35,5,99.08
ORD-005372,West,Furniture,2025-05-04,458.7,309.0,0.09,3,149.7
ORD-005373,West,Clothing,2025-05-27,103.57,59.65,0.16,2,43.92
ORD-005374,West,Clothing,2025-05-12,260.12,162.22,0.34,4,97.9
ORD-005375,West,Electronics,2025-05-17,241.18,142.51,0.29,1,98.67
ORD-005376,West,Furniture,2025-05-04,172.45,106.51,0.28,1,65.94
ORD-005377,West,Clothing,2025-05-23,119.78,69.14,0.33,2,50.64
ORD-005378,West,Groceries,2025-05-10,65.2,51.87,0.17,2,13.33
ORD-005379,West,Electronics,2025-05-10,243.93,163.18,0.27,1,80.75
ORD-005380,West,Groceries,2025-05-06,159.38,118.14,0.26,5,41.24
ORD-005381,West,Electronics,2025-05-10,489.81,299.74,0.02,2,190.07
ORD-005382,West,Electronics,2025-05-19,631.42,356.41,0.01,3,275.01
ORD-005383,West,Furniture,2025-05-20,291.38,226.52,0.08,2,64.86
ORD-005384,North,Groceries,2025-05-18,116.09,94.72,0.12,4,21.37
ORD-005385,North,Electronics,2025-05-04,482.42,333.27,0.08,2,149.15
ORD-005386,North,Furniture,2025-05-17,181.46,137.24,0.15,1,44.22
ORD-005387,North,Groceries,2025-05-22,96.25,74.78,0.26,3,21.47
ORD-005388,North,Electronics,2025-05-08,251.73,166.92,0.26,1,84.81
ORD-005389,North,Electronics,2025-05-21,259.17,158.0,0.09,1,101.17
ORD-005390,North,Furniture,2025-05-21,447.97,340.74,0.09,2,107.23
ORD-005391,North,Groceries,2025-05-05,74.3,55.65,0.23,3,18.65
ORD-005392,North,Groceries,2025-05-02,33.57,22.23,0.18,1,11.34
ORD-005393,North,Clothing,2025-05-02,113.27,66.24,0.33,2,47.03
ORD-005394,North,Furniture,2025-05-28,618.24,482.41,0.22,3,135.83
ORD-005395,North,Furniture,2025-05-23,669.65,444.98,0.17,4,224.67
ORD-005396,North,Groceries,2025-05-21,195.64,156.31,0.15,5,39.33
ORD-005397,North,Electronics,2025-05-05,242.96,161.05,0.09,1,81.91
ORD-005398,North,Electronics,2025-05-11,554.64,363.54,0.17,3,191.1
ORD-005399,North,Clothing,2025-05-03,60.57,33.18,0.01,1,27.39
ORD-005400,North,Furniture,2025-05-02,702.73,518.35,0.14,4,184.38
ORD-005401,North,Electronics,2025-05-19,208.83,145.72,0.05,1,63.11
ORD-005402,North,Groceries,2025-05-20,32.7,22.73,0.16,1,9.97
ORD-005403,North,Electronics,2025-05-21,1232.58,724.37,0.09,5,508.21
ORD-005404,North,Groceries,2025-05-14,154.02,126.38,0.07,4,27.64
ORD-005405,North,Clothing,2025-05-22,150.02,85.03,0.31,3,64.99
ORD-005406,North,Electronics,2025-05-05,1119.51,763.23,0.16,5,356.28
ORD-005407,North,Electronics,2025-05-12,816.29,547.48,0.3,4,268.81
ORD-005408,North,Electronics,2025-05-20,402.81,272.65,0.2,2,130.16
ORD-005409,North,Electronics,2025-05-19,548.03,357.75,0.1,3,190.28
ORD-005410,North,Electronics,2025-05-06,254.41,148.81,0.09,1,105.6
ORD-005411,North,Electronics,2025-05-08,792.96,505.32,0.12,3,287.64
ORD-005412,North,Clothing,2025-05-14,232.91,140.07,0.11,4,92.84
ORD-005413,North,Furniture,2025-05-05,592.58,382.17,0.1,4,210.41
ORD-005414,North,Clothing,2025-05-07,63.24,33.68,0.24,1,29.56
ORD-005415,North,Furniture,2025-05-23,741.72,579.3,0.08,4,162.42
ORD-005416,North,Clothing,2025-05-13,179.7,112.86,0.33,3,66.84
ORD-005417,North,Clothing,2025-05-10,246.13,136.23,0.22,4,109.9
ORD-005418,North,Furniture,2025-05-07,373.83,287.59,0.03,2,86.24
ORD-005419,North,Electronics,2025-05-06,536.78,315.74,0.26,3,221.04
ORD-005420,North,Electronics,2025-05-06,712.25,430.29,0.22,3,281.96
ORD-005421,North,Electronics,2025-05-20,1020.97,600.88,0.08,5,420.09
ORD-005422,North,Furniture,2025-05-11,550.06,412.62,0.02,3,137.44
ORD-005423,North,Furniture,2025-05-12,898.25,617.21,0.2,5,281.04
ORD-005424,North,Furniture,2025-05-19,678.58,468.36,0.27,4,210.22
ORD-005425,North,Furniture,2025-05-19,638.64,441.3,0.03,4,197.34
ORD-005426,North,Clothing,2025-05-15,237.49,131.09,0.02,4,106.4
ORD-005427,North,Furniture,2025-05-01,667.45,515.98,0.34,4,151.47
ORD-005428,North,Electronics,2025-05-14,1121.6,745.34,0.1,5,376.26
ORD-005429,North,Groceries,2025-05-17,125.78,103.45,0.35,3,22.33
ORD-005430,North,Furniture,2025-05-05,1198.23,864.47,0.2,5,333.76
ORD-005431,North,Furniture,2025-05-17,519.04,401.01,0.29,3,118.03
ORD-005432,North,Furniture,2025-05-16,323.3,225.93,0.02,2,97.37
ORD-005433,North,Clothing,2025-05-21,110.68,72.24,0.34,2,38.44
ORD-005434,North,Clothing,2025-05-26,276.01,180.67,0.33,5,95.34
ORD-005435,North,Clothing,2025-05-05,124.75,73.66,0.26,2,51.09
ORD-005436,North,Furniture,2025-05-23,873.22,564.64,0.05,5,308.58
ORD-005437,North,Clothing,2025-05-09,334.11,216.48,0.16,5,117.63
ORD-005438,North,Furniture,2025-05-24,208.78,147.54,0.34,1,61.24
ORD-005439,North,Furniture,2025-05-02,423.68,315.26,0.34,2,108.42
ORD-005440,North,Electronics,2025-05-13,849.04,589.77,0.25,3,259.27
ORD-005441,North,Electronics,2025-05-25,379.72,264.57,0.29,2,115.15
ORD-005442,North,Electronics,2025-05-27,907.29,644.44,0.07,5,262.85
ORD-005443,North,Clothing,2025-05-09,64.76,43.14,0.11,1,21.62
ORD-005444,North,Electronics,2025-05-25,500.85,324.23,0.34,2,176.62
ORD-005445,North,Furniture,2025-05-02,814.72,597.03,0.07,4,217.69
ORD-005446,North,Furniture,2025-05-11,198.71,132.14,0.32,1,66.57
ORD-005447,North,Electronics,2025-05-07,1224.01,755.53,0.33,5,468.48
ORD-005448,North,Groceries,2025-05-14,170.61,114.78,0.07,5,55.83
ORD-005449,North,Electronics,2025-05-14,602.99,364.2,0.15,4,238.79
ORD-005450,North,Electronics,2025-05-08,433.58,289.46,0.14,2,144.12
ORD-005451,North,Furniture,2025-05-13,908.56,617.0,0.25,5,291.56
ORD-005452,North,Electronics,2025-05-13,640.35,367.7,0.21,3,272.65
ORD-005453,North,Furniture,2025-05-05,484.01,303.82,0.31,2,180.19
ORD-005454,North,Furniture,2025-05-07,990.26,723.78,0.26,5,266.48
ORD-005455,North,Clothing,2025-05-12,228.68,145.55,0.3,4,83.13
ORD-005456,North,Furniture,2025-05-24,371.26,260.47,0.21,2,110.79
ORD-005457,North,Electronics,2025-05-04,167.53,118.67,0.18,1,48.86
ORD-005458,North,Electronics,2025-05-02,486.09,320.79,0.05,3,165.3
ORD-005459,North,Electronics,2025-05-21,427.26,267.43,0.26,2,159.83
ORD-005460,North,Electronics,2025-05-13,379.29,232.07,0.32,2,147.22
ORD-005461,North,Clothing,2025-05-01,303.09,171.13,0.31,5,131.96
ORD-005462,North,Clothing,2025-05-18,58.75,38.58,0.28,1,20.17
ORD-005463,North,Electronics,2025-05-12,754.49,489.71,0.13,3,264.78
ORD-005464,North,Electronics,2025-05-19,577.89,362.09,0.17,3,215.8
ORD-005465,North,Electronics,2025-05-13,935.91,608.04,0.32,4,327.87
ORD-005466,North,Clothing,2025-05-22,173.11,94.72,0.32,3,78.39
ORD-005467,North,Clothing,2025-05-26,126.44,74.33,0.05,2,52.11
ORD-005468,North,Furniture,2025-05-17,870.06,655.14,0.18,5,214.92
ORD-005469,North,Furniture,2025-05-01,660.84,514.68,0.26,4,146.16
ORD-005470,North,Furniture,2025-05-25,506.91,392.75,0.24,3,114.16
ORD-005471,North,Electronics,2025-05-20,1202.32,790.09,0.11,4,412.23
ORD-005472,North,Electronics,2025-05-18,234.1,132.97,0.29,1,101.13
ORD-005473,South,Clothing,2025-05-18,171.22,114.14,0.16,3,57.08
ORD-005474,South,Electronics,2025-05-13,397.48,221.98,0.11,2,175.5
ORD-005475,South,Furniture,2025-05-20,202.8,138.04,0.08,1,64.76
ORD-005476,South,Electronics,2025-05-20,1286.56,773.66,0.1,5,512.9
ORD-005477,South,Clothing,2025-05-16,65.42,40.15,0.22,1,25.27
ORD-005478,South,Electronics,2025-05-10,850.4,583.81,0.1,5,266.59
ORD-005479,South,Electronics,2025-05-16,1063.7,727.25,0.14,5,336.45
ORD-005480,South,Electronics,2025-05-18,548.3,390.31,0.22,3,157.99
ORD-005481,South,Furniture,2025-05-04,152.29,110.94,0.06,1,41.35
ORD-005482,South,Furniture,2025-05-16,416.24,306.57,0.23,2,109.67
ORD-005483,South,Electronics,2025-05-28,200.38,120.06,0.15,1,80.32
ORD-005484,South,Groceries,2025-05-12,91.18,62.37,0.25,2,28.81
ORD-005485,South,Furniture,2025-05-10,821.08,505.88,0.08,4,315.2
ORD-005486,South,Electronics,2025-05-04,1132.45,693.86,0.08,5,438.59
ORD-005487,South,Electronics,2025-05-05,394.77,226.09,0.25,2,168.68
ORD-005488,South,Electronics,2025-05-02,1002.94,619.0,0.19,4,383.94
ORD-005489,South,Clothing,2025-05-09,217.25,139.3,0.06,4,77.95
ORD-005490,South,Clothing,2025-05-17,324.95,184.43,0.13,5,140.52
ORD-005491,South,Furniture,2025-05-28,636.27,491.28,0.07,4,144.99
ORD-005492,South,Electronics,2025-05-15,483.23,305.96,0.28,2,177.27
ORD-005493,South,Furniture,2025-05-24,470.21,342.62,0.22,3,127.59
ORD-005494,South,Furniture,2025-05-27,466.5,312.23,0.31,3,154.27
ORD-005495,South,Clothing,2025-05-16,131.19,75.12,0.15,2,56.07
ORD-005496,South,Electronics,2025-05-24,693.94,475.88,0.11,3,218.06
ORD-005497,South,Groceries,2025-05-11,127.54,104.7,0.23,4,22.84
ORD-005498,South,Groceries,2025-05-18,130.46,93.71,0.3,3,36.75
ORD-005499,South,Furniture,2025-05-20,189.32,128.73,0.29,1,60.59
ORD-005500,South,Groceries,2025-05-10,33.17,21.63,0.04,1,11.54
ORD-005501,South,Groceries,2025-05-13,150.34,118.41,0.28,4,31.93
ORD-005502,South,Furniture,2025-05-26,749.28,491.83,0.31,5,257.45
ORD-005503,South,Electronics,2025-05-28,919.09,643.25,0.06,5,275.84
ORD-005504,South,Furniture,2025-05-25,1038.96,789.83,0.1,5,249.13
ORD-005505,South,Clothing,2025-05-11,312.51,186.7,0.25,5,125.81
ORD-005506,South,Furniture,2025-05-07,790.94,615.53,0.13,4,175.41
ORD-005507,South,Groceries,2025-05-25,34.68,26.88,0.33,1,7.8
ORD-005508,South,Clothing,2025-05-01,229.09,145.44,0.22,4,83.65
ORD-005509,South,Electronics,2025-05-04,410.76,260.28,0.34,2,150.48
ORD-005510,South,Furniture,2025-05-24,167.61,126.54,0.3,1,41.07
ORD-005511,South,Furniture,2025-05-09,672.32,500.35,0.21,4,171.97
ORD-005512,South,Furniture,2025-05-26,1064.14,726.66,0.17,5,337.48
ORD-005513,South,Electronics,2025-05-23,358.58,219.85,0.11,2,138.73
ORD-005514,South,Electronics,2025-05-05,385.66,260.57,0.15,2,125.09
ORD-005515,South,Electronics,2025-05-04,373.68,220.28,0.12,2,153.4
ORD-005516,South,Groceries,2025-05-17,201.86,134.58,0.12,5,67.28
ORD-005517,South,Groceries,2025-05-23,125.2,94.37,0.09,3,30.83
ORD-005518,South,Furniture,2025-05-02,791.47,554.11,0.0,5,237.36
ORD-005519,South,Electronics,2025-05-05,185.47,128.17,0.33,1,57.3
ORD-005520,South,Electronics,2025-05-07,1082.15,632.8,0.26,4,449.35
ORD-005521,South,Electronics,2025-05-19,862.05,581.18,0.18,4,280.87
ORD-005522,South,Electronics,2025-05-12,215.93,153.82,0.17,1,62.11
ORD-005523,South,Electronics,2025-05-16,512.8,356.05,0.29,3,156.75
ORD-005524,South,Electronics,2025-05-17,1149.93,686.52,0.22,5,463.41
ORD-005525,South,Furniture,2025-05-14,823.7,583.94,0.25,4,239.76
ORD-005526,South,Furniture,2025-05-21,749.35,543.04,0.09,4,206.31
ORD-005527,South,Furniture,2025-05-14,626.92,390.32,0.18,3,236.6
ORD-005528,South,Electronics,2025-05-11,751.66,493.26,0.35,4,258.4
ORD-005529,South,Groceries,2025-05-28,38.97,25.77,0.1,1,13.2
ORD-005530,South,Electronics,2025-05-02,190.43,132.69,0.21,1,57.74
ORD-005531,South,Groceries,2025-05-21,38.32,25.87,0.34,1,12.45
ORD-005532,South,Clothing,2025-05-10,238.99,152.44,0.28,4,86.55
ORD-005533,South,Furniture,2025-05-28,526.79,406.76,0.22,3,120.03
ORD-005534,South,Clothing,2025-05-26,144.8,81.65,0.3,2,63.15
ORD-005535,South,Furniture,2025-05-02,494.88,344.91,0.19,3,149.97
ORD-005536,South,Furniture,2025-05-02,383.3,283.87,0.08,2,99.43
ORD-005537,South,Clothing,2025-05-16,143.0,80.46,0.13,2,62.54
ORD-005538,South,Groceries,2025-05-27,34.28,22.5,0.21,1,11.78
ORD-005539,South,Furniture,2025-05-14,847.14,612.72,0.11,4,234.42
ORD-005540,South,Groceries,2025-05-12,63.65,51.82,0.13,2,11.83
ORD-005541,East,Electronics,2025-06-21,714.27,457.75,0.03,3,256.52
ORD-005542,East,Electronics,2025-06-12,592.1,364.95,0.18,3,227.15
ORD-005543,East,Clothing,2025-06-18,385.7,232.53,0.07,5,153.17
ORD-005544,East,Clothing,2025-06-05,212.39,124.8,0.2,4,87.59
ORD-005545,East,Groceries,2025-06-11,39.09,31.6,0.13,1,7.49
ORD-005546,East,Furniture,2025-06-09,664.15,465.28,0.3,4,198.87
ORD-005547,East,Clothing,2025-06-15,308.55,198.99,0.02,5,109.56
ORD-005548,East,Furniture,2025-06-02,586.09,434.65,0.28,3,151.44
ORD-005549,East,Groceries,2025-06-14,194.91,130.75,0.09,5,64.16
ORD-005550,East,Furniture,2025-06-15,349.53,223.57,0.07,2,125.96
ORD-005551,East,Electronics,2025-06-22,1150.17,671.52,0.15,5,478.65
ORD-005552,East,Electronics,2025-06-11,492.63,300.38,0.06,2,192.25
ORD-005553,East,Electronics,2025-06-01,213.34,142.09,0.16,1,71.25
ORD-005554,East,Furniture,2025-06-08,724.28,544.78,0.26,4,179.5
ORD-005555,East,Electronics,2025-06-22,546.11,321.88,0.04,2,224.23
ORD-005556,East,Electronics,2025-06-07,673.49,409.98,0.12,3,263.51
ORD-005557,East,Electronics,2025-06-02,1325.03,767.0,0.12,5,558.03
ORD-005558,East,Electronics,2025-06-05,226.08,159.17,0.0,1,66.91
ORD-005559,East,Clothing,2025-06-19,210.54,131.04,0.18,4,79.5
ORD-005560,East,Groceries,2025-06-05,195.46,149.63,0.32,5,45.83
ORD-005561,East,Furniture,2025-06-28,699.37,511.15,0.29,4,188.22
ORD-005562,East,Clothing,2025-06-15,58.57,30.88,0.33,1,27.69
ORD-005563,East,Groceries,2025-06-18,65.55,45.96,0.09,2,19.59
ORD-005564,East,Electronics,2025-06-19,219.72,145.82,0.14,1,73.9
ORD-005565,East,Groceries,2025-06-25,99.3,71.45,0.24,3,27.85
ORD-005566,East,Furniture,2025-06-05,953.18,696.47,0.12,4,256.71
ORD-005567,East,Groceries,2025-06-24,76.01,50.08,0.01,2,25.93
ORD-005568,East,Clothing,2025-06-23,180.14,94.65,0.05,3,85.49
ORD-005569,East,Electronics,2025-06-18,255.99,146.9,0.18,1,109.09
ORD-005570,East,Groceries,2025-06-13,69.28,52.1,0.33,2,17.18
ORD-005571,East,Electronics,2025-06-05,366.29,223.69,0.31,2,142.6
ORD-005572,East,Clothing,2025-06-05,53.17,32.71,0.17,1,20.46
ORD-005573,East,Electronics,2025-06-19,1031.37,581.66,0.13,5,449.71
ORD-005574,East,Groceries,2025-06-11,66.83,44.53,0.24,2,22.3
ORD-005575,East,Clothing,2025-06-04,106.88,64.53,0.24,2,42.35
ORD-005576,East,Electronics,2025-06-13,956.96,541.36,0.08,4,415.6
ORD-005577,East,Groceries,2025-06-25,160.68,129.22,0.22,4,31.46
ORD-005578,East,Groceries,2025-06-28,118.91,87.07,0.05,4,31.84
ORD-005579,East,Furniture,2025-06-12,173.65,108.92,0.29,1,64.73
ORD-005580,East,Groceries,2025-06-06,34.7,27.49,0.19,1,7.21
ORD-005581,East,Groceries,2025-06-15,100.12,73.38,0.17,3,26.74
ORD-005582,East,Electronics,2025-06-23,275.47,169.53,0.15,1,105.94
ORD-005583,East,Furniture,2025-06-13,351.27,234.74,0.29,2,116.53
ORD-005584,East,Groceries,2025-06-15,102.54,83.62,0.07,3,18.92
ORD-005585,East,Electronics,2025-06-03,950.99,579.46,0.2,5,371.53
ORD-005586,East,Furniture,2025-06-06,878.04,541.67,0.19,5,336.37
ORD-005587,East,Electronics,2025-06-04,188.32,125.94,0.09,1,62.38
ORD-005588,East,Clothing,2025-06-23,89.67,47.74,0.29,1,41.93
ORD-005589,East,Clothing,2025-06-12,304.73,190.42,0.2,5,114.31
ORD-005590,East,Electronics,2025-06-22,814.62,567.42,0.29,3,247.2
ORD-005591,East,Electronics,2025-06-08,866.32,591.43,0.05,4,274.89
ORD-005592,East,Electronics,2025-06-19,960.81,544.46,0.27,4,416.35
ORD-005593,East,Furniture,2025-06-16,246.18,172.92,0.19,1,73.26
ORD-005594,East,Furniture,2025-06-28,163.03,111.27,0.3,1,51.76
ORD-005595,East,Electronics,2025-06-27,413.39,240.71,0.03,2,172.68
ORD-005596,East,Electronics,2025-06-26,1140.29,735.84,0.04,5,404.45
ORD-005597,East,Furniture,2025-06-12,800.03,499.96,0.13,4,300.07
ORD-005598,East,Furniture,2025-06-20,877.89,539.23,0.01,5,338.66
ORD-005599,East,Clothing,2025-06-19,185.47,120.11,0.23,3,65.36
ORD-005600,East,Electronics,2025-06-09,1015.45,630.8,0.08,5,384.65
ORD-005601,East,Furniture,2025-06-06,325.79,243.38,0.28,2,82.41
ORD-005602,East,Clothing,2025-06-20,127.32,82.69,0.05,2,44.63
ORD-005603,East,Electronics,2025-06-28,572.99,364.81,0.17,3,208.18
ORD-005604,East,Electronics,2025-06-19,631.63,383.22,0.15,3,248.41
ORD-005605,East,Groceries,2025-06-28,229.6,181.8,0.1,5,47.8
ORD-005606,East,Electronics,2025-06-12,972.57,641.46,0.13,5,331.11
ORD-005607,East,Groceries,2025-06-11,69.62,54.63,0.21,2,14.99
ORD-005608,East,Electronics,2025-06-19,202.45,116.23,0.16,1,86.22
ORD-005609,East,Groceries,2025-06-06,127.81,89.17,0.19,4,38.64
ORD-005610,East,Groceries,2025-06-09,33.88,27.07,0.09,1,6.81
ORD-005611,East,Clothing,2025-06-28,301.97,184.15,0.05,4,117.82
ORD-005612,East,Electronics,2025-06-08,1025.06,633.35,0.24,5,391.71
ORD-005613,East,Clothing,2025-06-06,293.16,155.6,0.09,5,137.56
ORD-005614,East,Clothing,2025-06-06,161.36,107.06,0.32,3,54.3
ORD-005615,East,Clothing,2025-06-05,296.56,164.92,0.07,5,131.64
ORD-005616,East,Groceries,2025-06-05,123.19,80.96,0.19,3,42.23
ORD-005617,East,Electronics,2025-06-02,1155.52,810.56,0.22,5,344.96
ORD-005618,East,Clothing,2025-06-09,67.82,42.1,0.16,1,25.72
ORD-005619,East,Clothing,2025-06-25,157.38,104.89,0.17,3,52.49
ORD-005620,East,Electronics,2025-06-07,469.08,283.6,0.13,2,185.48
ORD-005621,East,Clothing,2025-06-15,285.58,189.32,0.02,5,96.26
ORD-005622,East,Electronics,2025-06-19,967.49,612.25,0.3,4,355.24
ORD-005623,East,Electronics,2025-06-17,1124.83,705.39,0.2,5,419.44
ORD-005624,East,Electronics,2025-06-10,1171.43,757.59,0.21,5,413.84
ORD-005625,East,Groceries,2025-06-18,138.91,110.85,0.12,4,28.06
ORD-005626,East,Clothing,2025-06-08,304.19,199.7,0.03,5,104.49
ORD-005627,East,Furniture,2025-06-16,502.39,336.64,0.24,3,165.75
ORD-005628,East,Electronics,2025-06-01,905.47,593.0,0.09,4,312.47
ORD-005629,East,Groceries,2025-06-26,168.55,124.76,0.08,5,43.79
ORD-005630,East,Electronics,2025-06-27,864.41,581.61,0.18,4,282.8
ORD-005631,East,Furniture,2025-06-20,923.54,647.52,0.24,5,276.02
ORD-005632,East,Clothing,2025-06-13,140.61,75.35,0.08,2,65.26
ORD-005633,East,Electronics,2025-06-10,805.46,496.13,0.16,4,309.33
ORD-005634,East,Furniture,2025-06-14,361.35,229.87,0.12,2,131.48
ORD-005635,East,Electronics,2025-06-01,639.12,443.41,0.11,2,195.71
ORD-005636,East,Furniture,2025-06-06,373.24,284.52,0.2,2,88.72
ORD-005637,East,Clothing,2025-06-25,166.62,91.33,0.25,3,75.29
ORD-005638,East,Clothing,2025-06-12,165.32,97.91,0.12,2,67.41
ORD-005639,East,Clothing,2025-06-07,139.27,80.89,0.22,3,58.38
ORD-005640,East,Groceries,2025-06-18,67.76,47.48,0.21,2,20.28
ORD-005641,East,Electronics,2025-06-13,581.09,340.44,0.32,3,240.65
ORD-005642,East,Furniture,2025-06-19,1137.32,837.62,0.2,5,299.7
ORD-005643,West,Groceries,2025-06-19,32.08,24.69,0.09,1,7.39
ORD-005644,West,Clothing,2025-06-12,292.37,164.24,0.28,5,128.13
ORD-005645,West,Groceries,2025-06-28,144.92,112.27,0.18,4,32.65
ORD-005646,West,Electronics,2025-06-16,454.92,258.41,0.24,2,196.51
ORD-005647,West,Electronics,2025-06-17,207.35,143.82,0.08,1,63.53
ORD-005648,West,Electronics,2025-06-16,493.45,287.68,0.21,2,205.77
ORD-005649,West,Groceries,2025-06-21,204.23,141.11,0.2,5,63.12
ORD-005650,West,Clothing,2025-06-28,336.72,202.44,0.35,5,134.28
ORD-005651,West,Electronics,2025-06-28,830.78,555.95,0.15,4,274.83
ORD-005652,West,Groceries,2025-06-26,66.04,51.68,0.01,2,14.36
ORD-005653,West,Electronics,2025-06-16,755.31,464.23,0.09,4,291.08
ORD-005654,West,Electronics,2025-06-07,436.46,261.21,0.29,2,175.25
ORD-005655,West,Electronics,2025-06-26,736.51,467.13,0.06,4,269.38
ORD-005656,West,Electronics,2025-06-18,385.95,236.0,0.14,2,149.95
ORD-005657,West,Clothing,2025-06-12,107.73,60.59,0.2,2,47.14
ORD-005658,West,Groceries,2025-06-05,145.79,107.21,0.33,5,38.58
ORD-005659,West,Electronics,2025-06-23,260.0,157.43,0.27,1,102.57
ORD-005660,West,Furniture,2025-06-05,761.82,508.76,0.11,4,253.06
ORD-005661,West,Clothing,2025-06-19,147.02,87.63,0.12,2,59.39
ORD-005662,West,Electronics,2025-06-23,381.95,230.98,0.23,2,150.97
ORD-005663,West,Clothing,2025-06-02,140.14,75.94,0.27,2,64.2
ORD-005664,West,Clothing,2025-06-21,208.68,125.86,0.08,4,82.82
ORD-005665,West,Furniture,2025-06-28,459.68,327.75,0.06,3,131.93
ORD-005666,West,Furniture,2025-06-15,201.83,145.47,0.34,1,56.36
ORD-005667,West,Clothing,2025-06-27,276.23,183.97,0.11,4,92.26
ORD-005668,West,Electronics,2025-06-13,829.42,560.79,0.03,5,268.63
ORD-005669,West,Furniture,2025-06-09,188.93,143.75,0.18,1,45.18
ORD-005670,West,Electronics,2025-06-21,724.15,453.7,0.06,3,270.45
ORD-005671,West,Groceries,2025-06-11,136.0,90.66,0.04,4,45.34
ORD-005672,West,Groceries,2025-06-27,34.29,26.49,0.29,1,7.8
ORD-005673,West,Furniture,2025-06-19,735.58,471.75,0.05,5,263.83
ORD-005674,West,Clothing,2025-06-20,250.41,141.69,0.24,4,108.72
ORD-005675,West,Furniture,2025-06-26,319.11,221.72,0.23,2,97.39
ORD-005676,West,Clothing,2025-06-03,323.33,189.4,0.31,5,133.93
ORD-005677,West,Groceries,2025-06-02,199.02,150.88,0.01,5,48.14
ORD-005678,West,Furniture,2025-06-25,808.72,587.94,0.2,4,220.78
ORD-005679,West,Furniture,2025-06-14,153.12,117.21,0.14,1,35.91
ORD-005680,West,Electronics,2025-06-12,463.84,292.99,0.26,2,170.85
ORD-005681,West,Electronics,2025-06-17,939.76,601.49,0.22,5,338.27
ORD-005682,West,Clothing,2025-06-21,283.13,173.53,0.15,5,109.6
ORD-005683,West,Furniture,2025-06-14,182.5,112.49,0.26,1,70.01
ORD-005684,West,Furniture,2025-06-04,528.04,378.01,0.18,3,150.03
ORD-005685,West,Clothing,2025-06-14,135.13,72.06,0.21,2,63.07
ORD-005686,West,Furniture,2025-06-09,424.29,321.97,0.06,2,102.32
ORD-005687,West,Electronics,2025-06-25,921.11,646.51,0.1,4,274.6
ORD-005688,West,Furniture,2025-06-02,504.81,325.14,0.15,3,179.67
ORD-005689,West,Groceries,2025-06-08,141.76,97.01,0.21,4,44.75
ORD-005690,West,Electronics,2025-06-20,679.37,471.83,0.32,3,207.54
ORD-005691,West,Electronics,2025-06-04,1219.36,816.55,0.07,5,402.81
ORD-005692,West,Clothing,2025-06-28,316.95,178.47,0.18,5,138.48
ORD-005693,West,Furniture,2025-06-12,162.74,124.2,0.24,1,38.54
ORD-005694,West,Electronics,2025-06-01,449.02,251.66,0.31,2,197.36
ORD-005695,West,Furniture,2025-06-27,341.39,260.84,0.26,2,80.55
ORD-005696,West,Furniture,2025-06-05,645.34,459.93,0.16,4,185.41
ORD-005697,West,Furniture,2025-06-07,666.51,421.98,0.14,4,244.53
ORD-005698,West,Furniture,2025-06-25,855.65,655.86,0.34,5,199.79
ORD-005699,West,Electronics,2025-06-17,192.81,133.03,0.17,1,59.78
ORD-005700,West,Electronics,2025-06-07,825.55,470.84,0.13,4,354.71
ORD-005701,West,Groceries,2025-06-01,38.54,29.66,0.11,1,8.88
ORD-005702,West,Electronics,2025-06-03,334.58,221.8,0.13,2,112.78
ORD-005703,West,Groceries,2025-06-03,104.8,71.64,0.27,3,33.16
ORD-005704,West,Furniture,2025-06-18,336.39,229.5,0.07,2,106.89
ORD-005705,West,Clothing,2025-06-08,117.47,71.81,0.18,2,45.66
ORD-005706,West,Clothing,2025-06-09,309.26,190.16,0.25,4,119.1
ORD-005707,West,Furniture,2025-06-13,285.83,197.74,0.34,2,88.09
ORD-005708,West,Electronics,2025-06-16,224.27,136.45,0.27,1,87.82
ORD-005709,West,Furniture,2025-06-03,608.34,380.48,0.13,4,227.86
ORD-005710,West,Clothing,2025-06-08,194.12,115.41,0.3,3,78.71
ORD-005711,West,Electronics,2025-06-16,868.02,496.91,0.08,4,371.11
ORD-005712,West,Clothing,2025-06-02,189.87,110.89,0.29,3,78.98
ORD-005713,West,Electronics,2025-06-10,823.48,507.9,0.18,3,315.58
ORD-005714,West,Clothing,2025-06-19,200.37,107.11,0.21,4,93.26
ORD-005715,West,Clothing,2025-06-17,52.08,32.65,0.3,1,19.43
ORD-005716,West,Electronics,2025-06-03,1071.08,623.96,0.23,5,447.12
ORD-005717,West,Furniture,2025-06-10,335.35,256.55,0.19,2,78.8
ORD-005718,West,Furniture,2025-06-08,678.0,462.3,0.0,4,215.7
ORD-005719,West,Clothing,2025-06-13,375.19,232.1,0.16,5,143.09
ORD-005720,West,Electronics,2025-06-07,964.27,613.25,0.13,4,351.02
ORD-005721,West,Electronics,2025-06-23,725.38,459.86,0.29,3,265.52
ORD-005722,West,Furniture,2025-06-05,185.56,123.42,0.16,1,62.14
ORD-005723,West,Groceries,2025-06-10,30.34,20.36,0.31,1,9.98
ORD-005724,West,Electronics,2025-06-26,967.41,652.67,0.1,4,314.74
ORD-005725,West,Electronics,2025-06-06,1106.8,628.96,0.05,5,477.84
ORD-005726,West,Furniture,2025-06-16,765.72,557.12,0.27,4,208.6
ORD-005727,West,Groceries,2025-06-13,185.79,151.39,0.21,5,34.4
ORD-005728,West,Clothing,2025-06-26,270.33,149.48,0.34,5,120.85
ORD-005729,West,Groceries,2025-06-02,48.53,39.15,0.11,1,9.38
ORD-005730,West,Clothing,2025-06-04,123.59,77.91,0.34,2,45.68
ORD-005731,West,Furniture,2025-06-02,143.55,93.04,0.33,1,50.51
ORD-005732,West,Furniture,2025-06-27,433.98,298.85,0.01,2,135.13
ORD-005733,West,Groceries,2025-06-01,38.98,28.16,0.11,1,10.82
ORD-005734,West,Furniture,2025-06-10,1031.26,731.54,0.09,5,299.72
ORD-005735,West,Furniture,2025-06-12,509.49,389.1,0.22,3,120.39
ORD-005736,West,Groceries,2025-06-11,91.86,60.31,0.29,3,31.55
ORD-005737,West,Furniture,2025-06-25,840.7,516.11,0.19,4,324.59
ORD-005738,West,Furniture,2025-06-13,334.39,241.26,0.13,2,93.13
ORD-005739,West,Clothing,2025-06-09,261.61,147.19,0.23,5,114.42
ORD-005740,West,Furniture,2025-06-03,179.51,121.55,0.22,1,57.96
ORD-005741,West,Furniture,2025-06-02,201.06,146.99,0.16,1,54.07
ORD-005742,West,Furniture,2025-06-01,334.53,242.8,0.31,2,91.73
ORD-005743,West,Furniture,2025-06-16,784.95,570.93,0.28,5,214.02
ORD-005744,West,Electronics,2025-06-20,1369.35,770.85,0.03,5,598.5
ORD-005745,West,Electronics,2025-06-08,658.85,376.34,0.05,3,282.51
ORD-005746,West,Electronics,2025-06-10,750.77,483.37,0.02,4,267.4
ORD-005747,West,Furniture,2025-06-13,868.08,586.31,0.12,5,281.77
ORD-005748,West,Furniture,2025-06-20,618.46,386.27,0.02,3,232.19
ORD-005749,West,Groceries,2025-06-20,152.09,123.55,0.19,4,28.54
ORD-005750,West,Electronics,2025-06-21,203.97,134.88,0.14,1,69.09
ORD-005751,West,Electronics,2025-06-02,224.66,146.06,0.06,1,78.6
ORD-005752,West,Electronics,2025-06-11,752.1,511.07,0.24,3,241.03
ORD-005753,West,Furniture,2025-06-13,915.26,581.48,0.01,4,333.78
ORD-005754,West,Groceries,2025-06-14,69.63,51.75,0.09,2,17.88
ORD-005755,West,Furniture,2025-06-19,287.67,210.31,0.31,2,77.36
ORD-005756,West,Electronics,2025-06-19,445.79,270.07,0.28,2,175.72
ORD-005757,West,Groceries,2025-06-19,112.08,77.89,0.24,3,34.19
ORD-005758,West,Groceries,2025-06-01,38.96,26.88,0.15,1,12.08
ORD-005759,West,Clothing,2025-06-15,281.36,171.72,0.18,5,109.64
ORD-005760,West,Clothing,2025-06-03,314.96,202.17,0.17,5,112.79
ORD-005761,West,Electronics,2025-06-13,226.66,130.75,0.18,1,95.91
ORD-005762,North,Groceries,2025-06-16,118.87,92.45,0.29,3,26.42
ORD-005763,North,Furniture,2025-06-04,381.59,290.92,0.31,2,90.67
ORD-005764,North,Groceries,2025-06-17,102.19,80.89,0.04,3,21.3
ORD-005765,North,Clothing,2025-06-23,54.54,31.54,0.23,1,23.0
ORD-005766,North,Groceries,2025-06-05,74.48,57.26,0.29,2,17.22
ORD-005767,North,Clothing,2025-06-17,216.79,126.8,0.31,3,89.99
ORD-005768,North,Furniture,2025-06-11,660.11,444.69,0.14,3,215.42
ORD-005769,North,Clothing,2025-06-13,76.09,44.6,0.31,1,31.49
ORD-005770,North,Electronics,2025-06-04,211.83,150.19,0.24,1,61.64
ORD-005771,North,Clothing,2025-06-11,324.88,214.65,0.15,5,110.23
ORD-005772,North,Clothing,2025-06-23,251.63,139.84,0.1,4,111.79
ORD-005773,North,Electronics,2025-06-28,910.67,565.18,0.31,5,345.49
ORD-005774,North,Electronics,2025-06-02,1071.75,744.79,0.06,5,326.96
ORD-005775,North,Electronics,2025-06-06,1060.04,673.07,0.08,5,386.97
ORD-005776,North,Clothing,2025-06-27,65.83,43.25,0.29,1,22.58
ORD-005777,North,Groceries,2025-06-02,126.97,95.67,0.01,4,31.3
ORD-005778,North,Clothing,2025-06-07,132.55,81.22,0.17,2,51.33
ORD-005779,North,Electronics,2025-06-25,230.06,157.96,0.24,1,72.1
ORD-005780,North,Electronics,2025-06-16,256.9,180.1,0.05,1,76.8
ORD-005781,North,Electronics,2025-06-05,867.59,505.73,0.02,4,361.86
ORD-005782,North,Furniture,2025-06-28,387.89,285.15,0.05,2,102.74
ORD-005783,North,Clothing,2025-06-17,114.5,71.67,0.04,2,42.83
ORD-005784,North,Furniture,2025-06-01,1003.19,779.6,0.16,4,223.59
ORD-005785,North,Groceries,2025-06-01,103.75,83.84,0.23,3,19.91
ORD-005786,North,Electronics,2025-06-25,904.28,532.77,0.33,4,371.51
ORD-005787,North,Groceries,2025-06-06,137.51,97.44,0.17,4,40.07
ORD-005788,North,Groceries,2025-06-25,34.14,25.51,0.19,1,8.63
ORD-005789,North,Furniture,2025-06-21,869.55,572.83,0.12,5,296.72
ORD-005790,North,Groceries,2025-06-10,78.44,64.57,0.3,2,13.87
ORD-005791,North,Clothing,2025-06-09,298.87,183.83,0.14,5,115.04
ORD-005792,North,Electronics,2025-06-11,443.2,312.58,0.25,2,130.62
ORD-005793,North,Electronics,2025-06-09,676.56,424.83,0.0,3,251.73
ORD-005794,North,Groceries,2025-06-26,198.62,144.03,0.29,5,54.59
ORD-005795,North,Clothing,2025-06-15,279.43,152.66,0.08,4,126.77
ORD-005796,North,Groceries,2025-06-19,205.93,154.44,0.03,5,51.49
ORD-005797,North,Furniture,2025-06-04,176.28,116.23,0.07,1,60.05
ORD-005798,North,Furniture,2025-06-23,534.73,330.73,0.26,3,204.0
ORD-005799,North,Electronics,2025-06-17,749.11,442.21,0.16,4,306.9
ORD-005800,North,Electronics,2025-06-08,573.11,345.04,0.02,3,228.07
ORD-005801,North,Clothing,2025-06-21,350.76,227.63,0.17,5,123.13
ORD-005802,North,Furniture,2025-06-17,672.87,466.17,0.35,4,206.7
ORD-005803,North,Clothing,2025-06-09,196.78,107.02,0.33,3,89.76
ORD-005804,North,Furniture,2025-06-20,179.9,113.03,0.25,1,66.87
ORD-005805,North,Electronics,2025-06-11,718.66,491.25,0.3,3,227.41
ORD-005806,North,Electronics,2025-06-23,1032.75,591.85,0.35,5,440.9
ORD-005807,North,Electronics,2025-06-24,814.86,575.6,0.12,4,239.26
ORD-005808,North,Furniture,2025-06-24,642.33,458.68,0.23,4,183.65
ORD-005809,North,Clothing,2025-06-02,71.6,39.26,0.06,1,32.34
ORD-005810,North,Groceries,2025-06-12,39.98,26.55,0.3,1,13.43
ORD-005811,North,Electronics,2025-06-03,809.79,468.26,0.28,4,341.53
ORD-005812,North,Furniture,2025-06-22,495.2,331.79,0.17,3,163.41
ORD-005813,North,Clothing,2025-06-24,157.41,97.21,0.05,2,60.2
ORD-005814,North,Clothing,2025-06-27,226.11,120.65,0.28,4,105.46
ORD-005815,North,Groceries,2025-06-19,125.17,98.44,0.1,3,26.73
ORD-005816,North,Groceries,2025-06-24,34.59,27.74,0.33,1,6.85
ORD-005817,North,Electronics,2025-06-26,1237.87,759.65,0.13,5,478.22
ORD-005818,North,Electronics,2025-06-13,893.42,519.12,0.13,4,374.3
ORD-005819,North,Furniture,2025-06-19,822.92,603.81,0.27,5,219.11
ORD-005820,North,Clothing,2025-06-07,179.51,105.85,0.03,3,73.66
ORD-005821,North,Groceries,2025-06-03,111.98,73.2,0.26,3,38.78
ORD-005822,North,Electronics,2025-06-26,820.87,461.23,0.01,4,359.64
ORD-005823,North,Clothing,2025-06-05,116.39,77.09,0.22,2,39.3
ORD-005824,North,Electronics,2025-06-14,925.21,631.74,0.01,4,293.47
ORD-005825,North,Furniture,2025-06-07,875.11,547.19,0.25,4,327.92
ORD-005826,North,Furniture,2025-06-23,856.46,648.68,0.33,4,207.78
ORD-005827,North,Electronics,2025-06-07,400.8,250.62,0.29,2,150.18
ORD-005828,North,Groceries,2025-06-09,31.99,22.84,0.21,1,9.15
ORD-005829,North,Furniture,2025-06-21,195.62,146.51,0.04,1,49.11
ORD-005830,North,Furniture,2025-06-01,240.86,160.98,0.32,1,79.88
ORD-005831,North,Furniture,2025-06-08,574.3,420.15,0.17,3,154.15
ORD-005832,North,Electronics,2025-06-09,569.11,349.55,0.06,3,219.56
ORD-005833,North,Clothing,2025-06-26,237.69,132.42,0.31,4,105.27
ORD-005834,North,Furniture,2025-06-21,527.77,382.66,0.26,3,145.11
ORD-005835,North,Furniture,2025-06-27,610.39,381.0,0.21,3,229.39
ORD-005836,North,Electronics,2025-06-15,1011.43,662.71,0.16,4,348.72
ORD-005837,North,Furniture,2025-06-19,540.24,359.97,0.17,3,180.27
ORD-005838,North,Furniture,2025-06-26,792.99,565.08,0.32,4,227.91
ORD-005839,North,Clothing,2025-06-10,269.72,175.16,0.15,5,94.56
ORD-005840,North,Electronics,2025-06-15,768.02,497.84,0.35,4,270.18
ORD-005841,North,Groceries,2025-06-18,172.04,136.72,0.33,5,35.32
ORD-005842,North,Groceries,2025-06-26,61.31,41.47,0.02,2,19.84
ORD-005843,South,Groceries,2025-06-28,159.22,126.99,0.18,5,32.23
ORD-005844,South,Furniture,2025-06-18,726.9,543.02,0.23,4,183.88
ORD-005845,South,Electronics,2025-06-18,925.68,629.59,0.29,4,296.09
ORD-005846,South,Electronics,2025-06-23,963.0,596.2,0.17,5,366.8
ORD-005847,South,Clothing,2025-06-26,124.44,78.26,0.31,2,46.18
ORD-005848,South,Groceries,2025-06-08,163.76,120.82,0.32,5,42.94
ORD-005849,South,Electronics,2025-06-15,260.54,163.8,0.22,1,96.74
ORD-005850,South,Groceries,2025-06-11,101.47,70.92,0.22,3,30.55
ORD-005851,South,Electronics,2025-06-05,223.49,143.45,0.3,1,80.04
ORD-005852,South,Furniture,2025-06-22,588.31,434.06,0.22,3,154.25
ORD-005853,South,Electronics,2025-06-13,889.21,566.81,0.33,4,322.4
ORD-005854,South,Electronics,2025-06-05,371.82,264.56,0.27,2,107.26
ORD-005855,South,Electronics,2025-06-16,615.18,403.67,0.23,3,211.51
ORD-005856,South,Clothing,2025-06-07,145.65,80.56,0.04,3,65.09
ORD-005857,South,Groceries,2025-06-13,133.32,94.04,0.02,5,39.28
ORD-005858,South,Electronics,2025-06-22,1288.78,917.44,0.28,5,371.34
ORD-005859,South,Groceries,2025-06-25,31.56,23.1,0.32,1,8.46
ORD-005860,South,Furniture,2025-06-03,855.47,538.9,0.23,4,316.57
ORD-005861,South,Groceries,2025-06-19,83.71,56.32,0.12,2,27.39
ORD-005862,South,Electronics,2025-06-16,234.49,154.77,0.22,1,79.72
ORD-005863,South,Furniture,2025-06-05,731.76,500.0,0.11,4,231.76
ORD-005864,South,Clothing,2025-06-11,115.86,68.6,0.1,2,47.26
ORD-005865,South,Clothing,2025-06-02,268.02,157.84,0.01,4,110.18
ORD-005866,South,Electronics,2025-06-27,1033.82,700.02,0.31,5,333.8
ORD-005867,South,Electronics,2025-06-16,839.36,577.85,0.15,4,261.51
ORD-005868,South,Groceries,2025-06-17,158.48,105.07,0.16,4,53.41
ORD-005869,South,Electronics,2025-06-26,705.49,471.63,0.02,4,233.86
ORD-005870,South,Electronics,2025-06-09,408.31,243.73,0.29,2,164.58
ORD-005871,South,Clothing,2025-06-28,156.28,96.02,0.21,3,60.26
ORD-005872,South,Electronics,2025-06-15,756.04,424.31,0.04,3,331.73
ORD-005873,South,Clothing,2025-06-24,126.53,82.04,0.12,2,44.49
ORD-005874,South,Furniture,2025-06-27,568.06,405.54,0.33,3,162.52
ORD-005875,South,Electronics,2025-06-03,880.6,567.79,0.34,5,312.81
ORD-005876,South,Groceries,2025-06-17,157.1,115.38,0.06,4,41.72
ORD-005877,South,Furniture,2025-06-24,282.01,218.63,0.34,2,63.38
ORD-005878,South,Electronics,2025-06-15,1012.63,661.62,0.33,5,351.01
ORD-005879,South,Groceries,2025-06-25,39.88,29.44,0.1,1,10.44
ORD-005880,South,Furniture,2025-06-09,192.8,133.22,0.25,1,59.58
ORD-005881,South,Groceries,2025-06-09,216.87,173.55,0.33,5,43.32
ORD-005882,South,Electronics,2025-06-20,199.46,120.13,0.06,1,79.33
ORD-005883,South,Furniture,2025-06-10,582.13,384.07,0.0,3,198.06
ORD-005884,South,Clothing,2025-06-05,299.24,166.42,0.12,5,132.82
ORD-005885,South,Furniture,2025-06-23,561.1,357.32,0.06,3,203.78
ORD-005886,South,Groceries,2025-06-07,92.57,60.04,0.27,3,32.53
ORD-005887,South,Clothing,2025-06-10,180.87,115.02,0.03,3,65.85
ORD-005888,South,Furniture,2025-06-24,851.15,575.84,0.23,4,275.31
ORD-005889,South,Clothing,2025-06-13,172.02,100.26,0.17,3,71.76
ORD-005890,South,Furniture,2025-06-08,165.47,114.71,0.13,1,50.76
ORD-005891,South,Furniture,2025-06-18,471.36,337.77,0.26,3,133.59
ORD-005892,South,Electronics,2025-06-22,890.96,616.83,0.34,4,274.13
ORD-005893,South,Electronics,2025-06-27,432.67,291.0,0.17,2,141.67
ORD-005894,South,Furniture,2025-06-23,555.25,390.84,0.03,3,164.41
ORD-005895,South,Electronics,2025-06-21,1104.65,768.62,0.25,5,336.03
ORD-005896,South,Clothing,2025-06-27,56.71,34.98,0.3,1,21.73
ORD-005897,South,Clothing,2025-06-22,58.68,35.12,0.23,1,23.56
ORD-005898,South,Clothing,2025-06-16,192.48,107.41,0.17,3,85.07
ORD-005899,South,Electronics,2025-06-12,450.79,261.76,0.3,2,189.03
ORD-005900,South,Furniture,2025-06-22,547.08,361.38,0.01,3,185.7
ORD-005901,South,Electronics,2025-06-01,1055.11,603.6,0.28,5,451.51
ORD-005902,South,Furniture,2025-06-07,593.92,414.94,0.12,3,178.98
ORD-005903,South,Furniture,2025-06-19,804.81,620.17,0.12,5,184.64
ORD-005904,South,Furniture,2025-06-25,739.77,574.26,0.28,4,165.51
ORD-005905,South,Furniture,2025-06-18,387.81,245.76,0.14,2,142.05
ORD-005906,South,Electronics,2025-06-19,838.19,589.49,0.03,4,248.7
ORD-005907,South,Furniture,2025-06-12,353.3,223.4,0.17,2,129.9
ORD-005908,South,Clothing,2025-06-09,251.52,140.98,0.13,4,110.54
ORD-005909,South,Groceries,2025-06-01,68.08,55.58,0.05,2,12.5
ORD-005910,South,Furniture,2025-06-13,173.34,124.11,0.22,1,49.23
ORD-005911,South,Groceries,2025-06-11,96.93,79.63,0.04,3,17.3
ORD-005912,South,Groceries,2025-06-27,94.58,62.43,0.2,3,32.15
ORD-005913,South,Groceries,2025-06-09,158.97,110.35,0.05,4,48.62
ORD-005914,South,Groceries,2025-06-28,152.53,102.17,0.21,4,50.36
ORD-005915,South,Electronics,2025-06-18,1053.14,655.33,0.26,4,397.81
ORD-005916,South,Electronics,2025-06-09,240.88,137.71,0.1,1,103.17
ORD-005917,South,Clothing,2025-06-07,356.16,229.15,0.09,5,127.01
ORD-005918,South,Furniture,2025-06-01,461.51,310.3,0.3,3,151.21
ORD-005919,South,Electronics,2025-06-22,497.83,337.67,0.26,2,160.16
ORD-005920,South,Electronics,2025-06-12,1113.85,663.14,0.17,5,450.71
ORD-005921,South,Clothing,2025-06-14,196.14,122.54,0.15,4,73.6
ORD-005922,East,Furniture,2025-07-13,443.58,310.76,0.24,3,132.82
ORD-005923,East,Furniture,2025-07-08,414.63,279.33,0.09,3,135.3
ORD-005924,East,Clothing,2025-07-18,191.2,127.3,0.23,3,63.9
ORD-005925,East,Electronics,2025-07-24,1098.53,698.12,0.08,5,400.41
ORD-005926,East,Clothing,2025-07-04,116.46,74.59,0.28,2,41.87
ORD-005927,East,Clothing,2025-07-01,138.44,89.39,0.25,2,49.05
ORD-005928,East,Clothing,2025-07-02,288.26,160.05,0.12,5,128.21
ORD-005929,East,Groceries,2025-07-12,180.25,134.72,0.3,5,45.53
ORD-005930,East,Electronics,2025-07-03,885.14,609.79,0.32,4,275.35
ORD-005931,East,Furniture,2025-07-21,371.49,247.49,0.01,2,124.0
ORD-005932,East,Electronics,2025-07-05,646.11,389.44,0.3,3,256.67
ORD-005933,East,Electronics,2025-07-23,1023.72,644.83,0.25,4,378.89
ORD-005934,East,Electronics,2025-07-01,748.65,488.12,0.16,4,260.53
ORD-005935,East,Groceries,2025-07-21,152.12,100.04,0.31,4,52.08
ORD-005936,East,Groceries,2025-07-18,103.55,76.53,0.08,3,27.02
ORD-005937,East,Groceries,2025-07-20,133.26,102.71,0.18,4,30.55
ORD-005938,East,Electronics,2025-07-19,653.71,387.1,0.05,3,266.61
ORD-005939,East,Furniture,2025-07-26,443.64,298.46,0.27,3,145.18
ORD-005940,East,Groceries,2025-07-21,40.07,30.98,0.26,1,9.09
ORD-005941,East,Furniture,2025-07-09,196.1,145.61,0.23,1,50.49
ORD-005942,East,Clothing,2025-07-18,211.2,115.01,0.11,4,96.19
ORD-005943,East,Furniture,2025-07-01,951.56,621.1,0.03,5,330.46
ORD-005944,East,Clothing,2025-07-06,107.16,59.81,0.06,2,47.35
ORD-005945,East,Clothing,2025-07-11,160.59,88.86,0.19,3,71.73
ORD-005946,East,Furniture,2025-07-02,419.61,296.2,0.32,2,123.41
ORD-005947,East,Clothing,2025-07-16,226.62,143.0,0.19,4,83.62
ORD-005948,East,Groceries,2025-07-17,104.72,83.22,0.28,3,21.5
ORD-005949,East,Electronics,2025-07-20,221.58,143.9,0.31,1,77.68
ORD-005950,East,Electronics,2025-07-01,243.92,170.71,0.07,1,73.21
ORD-005951,East,Clothing,2025-07-23,197.9,103.6,0.0,3,94.3
ORD-005952,East,Groceries,2025-07-15,38.82,25.34,0.28,1,13.48
ORD-005953,East,Groceries,2025-07-15,123.58,95.7,0.01,3,27.88
ORD-005954,East,Groceries,2025-07-08,115.12,81.04,0.02,3,34.08
ORD-005955,East,Furniture,2025-07-21,959.37,696.08,0.07,4,263.29
ORD-005956,East,Furniture,2025-07-15,799.39,514.56,0.28,4,284.83
ORD-005957,East,Electronics,2025-07-03,1046.44,585.17,0.17,5,461.27
ORD-005958,East,Furniture,2025-07-05,329.97,237.92,0.04,2,92.05
ORD-005959,East,Electronics,2025-07-11,248.92,168.55,0.12,1,80.37
ORD-005960,East,Groceries,2025-07-13,104.46,85.45,0.26,3,19.01
ORD-005961,East,Furniture,2025-07-17,790.05,504.05,0.12,5,286.0
ORD-005962,East,Furniture,2025-07-28,166.09,104.8,0.15,1,61.29
ORD-005963,East,Electronics,2025-07-20,400.22,275.82,0.26,2,124.4
ORD-005964,East,Furniture,2025-07-24,622.85,442.71,0.21,3,180.14
ORD-005965,East,Electronics,2025-07-02,634.59,404.63,0.23,3,229.96
ORD-005966,East,Electronics,2025-07-06,734.43,422.75,0.35,4,311.68
ORD-005967,East,Clothing,2025-07-18,72.46,46.94,0.32,1,25.52
ORD-005968,East,Clothing,2025-07-20,135.07,72.03,0.35,2,63.04
ORD-005969,East,Electronics,2025-07-14,885.6,600.7,0.26,5,284.9
ORD-005970,East,Clothing,2025-07-03,110.87,59.39,0.34,2,51.48
ORD-005971,East,Electronics,2025-07-28,975.41,674.64,0.2,5,300.77
ORD-005972,East,Groceries,2025-07-18,34.49,26.89,0.09,1,7.6
ORD-005973,East,Groceries,2025-07-19,223.74,157.31,0.19,5,66.43
ORD-005974,East,Groceries,2025-07-23,66.55,51.37,0.0,2,15.18
ORD-005975,East,Electronics,2025-07-24,837.8,513.38,0.0,4,324.42
ORD-005976,East,Electronics,2025-07-05,853.92,541.31,0.32,5,312.61
ORD-005977,East,Electronics,2025-07-25,598.0,349.34,0.1,3,248.66
ORD-005978,East,Electronics,2025-07-23,591.1,357.72,0.02,3,233.38
ORD-005979,East,Electronics,2025-07-18,725.84,465.37,0.21,3,260.47
ORD-005980,East,Clothing,2025-07-04,144.21,84.97,0.29,2,59.24
ORD-005981,East,Furniture,2025-07-12,207.44,151.44,0.22,1,56.0
ORD-005982,East,Clothing,2025-07-19,300.1,194.83,0.11,5,105.27
ORD-005983,East,Electronics,2025-07-26,533.77,378.18,0.17,3,155.59
ORD-005984,East,Groceries,2025-07-04,115.77,85.37,0.0,3,30.4
ORD-005985,East,Electronics,2025-07-05,470.28,331.53,0.34,2,138.75
ORD-005986,East,Groceries,2025-07-28,123.72,100.93,0.07,4,22.79
ORD-005987,East,Electronics,2025-07-25,188.22,125.94,0.2,1,62.28
ORD-005988,East,Electronics,2025-07-08,246.99,158.19,0.13,1,88.8
ORD-005989,East,Clothing,2025-07-12,69.09,42.86,0.16,1,26.23
ORD-005990,East,Groceries,2025-07-14,81.92,65.58,0.31,2,16.34
ORD-005991,East,Clothing,2025-07-17,186.03,111.99,0.07,3,74.04
ORD-005992,East,Electronics,2025-07-01,306.22,176.8,0.2,1,129.42
ORD-005993,East,Electronics,2025-07-02,457.53,317.22,0.12,2,140.31
ORD-005994,East,Groceries,2025-07-01,77.31,52.14,0.11,2,25.17
ORD-005995,East,Electronics,2025-07-01,757.77,499.71,0.07,3,258.06
ORD-005996,East,Groceries,2025-07-20,108.48,78.26,0.1,4,30.22
ORD-005997,East,Groceries,2025-07-14,70.75,48.41,0.1,2,22.34
ORD-005998,East,Furniture,2025-07-17,287.9,189.01,0.11,2,98.89
ORD-005999,East,Electronics,2025-07-11,1186.99,839.53,0.26,5,347.46
ORD-006000,East,Electronics,2025-07-25,933.49,548.24,0.33,5,385.25
ORD-006001,East,Clothing,2025-07-22,74.5,41.06,0.28,1,33.44
ORD-006002,East,Furniture,2025-07-28,710.52,477.77,0.26,4,232.75
ORD-006003,East,Furniture,2025-07-13,804.7,592.8,0.2,5,211.9
ORD-006004,East,Electronics,2025-07-18,1032.05,703.48,0.23,5,328.57
ORD-006005,East,Furniture,2025-07-01,375.44,251.25,0.21,2,124.19
ORD-006006,East,Clothing,2025-07-27,71.08,44.62,0.22,1,26.46
ORD-006007,East,Furniture,2025-07-18,519.86,358.25,0.32,3,161.61
ORD-006008,East,Furniture,2025-07-03,369.3,285.86,0.04,2,83.44
ORD-006009,East,Groceries,2025-07-28,32.1,22.72,0.0,1,9.38
ORD-006010,East,Electronics,2025-07-11,232.71,163.84,0.05,1,68.87
ORD-006011,East,Furniture,2025-07-15,537.18,378.06,0.32,3,159.12
ORD-006012,East,Furniture,2025-07-04,379.44,234.24,0.33,2,145.2
ORD-006013,East,Groceries,2025-07-03,167.32,132.44,0.16,5,34.88
ORD-006014,East,Furniture,2025-07-28,803.32,563.51,0.04,4,239.81
ORD-006015,East,Electronics,2025-07-24,249.67,163.0,0.04,1,86.67
ORD-006016,East,Groceries,2025-07-09,34.12,23.54,0.18,1,10.58
ORD-006017,East,Furniture,2025-07-10,712.39,485.16,0.24,4,227.23
ORD-006018,East,Furniture,2025-07-25,327.44,201.88,0.07,2,125.56
ORD-006019,East,Electronics,2025-07-15,471.33,264.17,0.1,2,207.16
ORD-006020,East,Furniture,2025-07-20,834.29,647.13,0.07,5,187.16
ORD-006021,East,Furniture,2025-07-08,203.01,130.72,0.34,1,72.29
ORD-006022,East,Clothing,2025-07-16,247.47,142.19,0.01,4,105.28
ORD-006023,East,Groceries,2025-07-23,70.63,47.32,0.11,2,23.31
ORD-006024,East,Clothing,2025-07-15,58.83,30.76,0.32,1,28.07
ORD-006025,East,Electronics,2025-07-09,247.29,166.08,0.18,1,81.21
ORD-006026,East,Groceries,2025-07-02,186.03,125.74,0.09,5,60.29
ORD-006027,East,Clothing,2025-07-15,321.43,204.26,0.11,5,117.17
ORD-006028,East,Electronics,2025-07-12,675.37,426.48,0.34,3,248.89
ORD-006029,East,Groceries,2025-07-23,133.21,100.25,0.32,4,32.96
ORD-006030,East,Furniture,2025-07-11,413.75,310.41,0.13,2,103.34
ORD-006031,East,Clothing,2025-07-28,220.85,126.2,0.06,4,94.65
ORD-006032,East,Furniture,2025-07-19,752.18,522.44,0.19,4,229.74
ORD-006033,East,Electronics,2025-07-01,1121.84,765.64,0.1,4,356.2
ORD-006034,East,Electronics,2025-07-12,1259.85,849.92,0.14,5,409.93
ORD-006035,East,Furniture,2025-07-21,364.37,262.63,0.24,2,101.74
ORD-006036,East,Electronics,2025-07-12,228.96,133.46,0.11,1,95.5
ORD-006037,East,Clothing,2025-07-26,332.79,215.72,0.08,5,117.07
ORD-006038,East,Groceries,2025-07-25,183.69,149.58,0.34,5,34.11
ORD-006039,West,Furniture,2025-07-13,623.73,404.64,0.23,4,219.09
ORD-006040,West,Electronics,2025-07-27,1121.58,641.13,0.08,4,480.45
ORD-006041,West,Electronics,2025-07-05,561.13,338.26,0.28,3,222.87
ORD-006042,West,Furniture,2025-07-20,460.66,292.56,0.02,2,168.1
ORD-006043,West,Groceries,2025-07-20,73.81,56.86,0.12,2,16.95
ORD-006044,West,Electronics,2025-07-07,655.98,405.76,0.19,3,250.22
ORD-006045,West,Electronics,2025-07-03,512.23,323.34,0.3,3,188.89
ORD-006046,West,Clothing,2025-07-05,268.87,149.14,0.3,5,119.73
ORD-006047,West,Furniture,2025-07-23,789.61,562.5,0.21,4,227.11
ORD-006048,West,Clothing,2025-07-14,264.93,154.75,0.34,4,110.18
ORD-006049,West,Electronics,2025-07-21,1301.39,840.4,0.17,5,460.99
ORD-006050,West,Electronics,2025-07-22,426.06,302.51,0.07,2,123.55
ORD-006051,West,Groceries,2025-07-11,106.44,73.26,0.09,4,33.18
ORD-006052,West,Clothing,2025-07-14,62.56,35.06,0.31,1,27.5
ORD-006053,West,Furniture,2025-07-04,455.37,337.19,0.29,3,118.18
ORD-006054,West,Electronics,2025-07-12,520.62,340.14,0.23,3,180.48
ORD-006055,West,Groceries,2025-07-08,181.1,123.43,0.33,4,57.67
ORD-006056,West,Furniture,2025-07-07,503.46,358.36,0.13,3,145.1
ORD-006057,West,Electronics,2025-07-22,233.57,139.82,0.09,1,93.75
ORD-006058,West,Electronics,2025-07-19,787.76,477.47,0.13,4,310.29
ORD-006059,West,Groceries,2025-07-13,140.31,102.79,0.25,4,37.52
ORD-006060,West,Groceries,2025-07-28,169.06,123.55,0.12,4,45.51
ORD-006061,West,Clothing,2025-07-19,95.66,57.13,0.07,2,38.53
ORD-006062,West,Clothing,2025-07-08,201.55,107.2,0.08,3,94.35
ORD-006063,West,Electronics,2025-07-21,205.33,131.7,0.14,1,73.63
ORD-006064,West,Groceries,2025-07-25,95.17,72.94,0.28,3,22.23
ORD-006065,West,Clothing,2025-07-07,299.79,191.67,0.23,5,108.12
ORD-006066,West,Groceries,2025-07-04,171.84,133.75,0.3,5,38.09
ORD-006067,West,Groceries,2025-07-06,56.98,46.99,0.34,2,9.99
ORD-006068,West,Clothing,2025-07-24,202.05,112.95,0.03,3,89.1
ORD-006069,West,Furniture,2025-07-28,520.77,359.55,0.28,3,161.22
ORD-006070,West,Furniture,2025-07-13,722.35,504.93,0.22,4,217.42
ORD-006071,West,Clothing,2025-07-13,57.53,34.69,0.32,1,22.84
ORD-006072,West,Furniture,2025-07-24,662.27,406.7,0.17,3,255.57
ORD-006073,West,Electronics,2025-07-05,814.76,544.61,0.22,5,270.15
ORD-006074,West,Furniture,2025-07-14,919.43,701.26,0.33,5,218.17
ORD-006075,West,Clothing,2025-07-09,62.11,39.8,0.04,1,22.31
ORD-006076,West,Furniture,2025-07-10,373.56,261.89,0.09,3,111.67
ORD-006077,West,Electronics,2025-07-13,1026.7,653.86,0.09,5,372.84
ORD-006078,West,Clothing,2025-07-28,137.42,82.26,0.13,2,55.16
ORD-006079,West,Electronics,2025-07-25,210.3,128.76,0.12,1,81.54
ORD-006080,West,Electronics,2025-07-18,1054.82,669.72,0.05,5,385.1
ORD-006081,West,Clothing,2025-07-27,141.03,89.52,0.29,2,51.51
ORD-006082,West,Electronics,2025-07-26,469.48,300.9,0.23,3,168.58
ORD-006083,West,Electronics,2025-07-01,701.01,471.93,0.32,3,229.08
ORD-006084,West,Furniture,2025-07-08,182.28,140.54,0.08,1,41.74
ORD-006085,West,Groceries,2025-07-06,143.29,98.64,0.17,4,44.65
ORD-006086,West,Furniture,2025-07-26,584.52,369.43,0.22,3,215.09
ORD-006087,West,Furniture,2025-07-20,568.51,443.18,0.2,3,125.33
ORD-006088,West,Furniture,2025-07-13,188.28,129.65,0.01,1,58.63
ORD-006089,West,Electronics,2025-07-28,707.09,399.85,0.34,3,307.24
ORD-006090,West,Clothing,2025-07-01,293.41,194.02,0.22,5,99.39
ORD-006091,West,Clothing,2025-07-10,268.13,168.41,0.2,5,99.72
ORD-006092,West,Electronics,2025-07-19,1368.04,940.64,0.05,5,427.4
ORD-006093,West,Furniture,2025-07-02,880.79,575.3,0.33,5,305.49
ORD-006094,West,Clothing,2025-07-12,219.4,121.12,0.03,3,98.28
ORD-006095,West,Electronics,2025-07-17,673.57,399.11,0.27,3,274.46
ORD-006096,West,Electronics,2025-07-10,921.2,632.01,0.33,4,289.19
ORD-006097,West,Clothing,2025-07-13,165.19,92.83,0.32,3,72.36
ORD-006098,West,Furniture,2025-07-10,401.49,253.47,0.26,3,148.02
ORD-006099,West,Furniture,2025-07-27,455.37,342.04,0.05,2,113.33
ORD-006100,West,Electronics,2025-07-08,757.08,537.07,0.28,4,220.01
ORD-006101,West,Furniture,2025-07-15,749.7,536.2,0.04,4,213.5
ORD-006102,West,Furniture,2025-07-03,525.75,357.82,0.25,3,167.93
ORD-006103,West,Groceries,2025-07-09,177.15,125.51,0.23,4,51.64
ORD-006104,West,Furniture,2025-07-03,431.74,315.57,0.26,3,116.17
ORD-006105,West,Electronics,2025-07-23,258.76,147.12,0.12,1,111.64
ORD-006106,West,Clothing,2025-07-19,148.48,83.53,0.15,2,64.95
ORD-006107,West,Furniture,2025-07-11,1064.97,734.19,0.04,5,330.78
ORD-006108,West,Electronics,2025-07-04,544.04,339.23,0.24,3,204.81
ORD-006109,West,Electronics,2025-07-10,975.38,558.18,0.27,4,417.2
ORD-006110,West,Electronics,2025-07-05,1025.05,618.49,0.32,4,406.56
ORD-006111,West,Groceries,2025-07-12,63.59,46.91,0.17,2,16.68
ORD-006112,West,Furniture,2025-07-01,903.6,574.66,0.12,5,328.94
ORD-006113,West,Furniture,2025-07-25,886.25,658.58,0.08,4,227.67
ORD-006114,West,Electronics,2025-07-19,831.22,582.31,0.33,3,248.91
ORD-006115,West,Electronics,2025-07-06,263.5,184.26,0.03,1,79.24
ORD-006116,West,Clothing,2025-07-09,265.11,145.2,0.28,5,119.91
ORD-006117,West,Clothing,2025-07-01,193.93,114.35,0.19,4,79.58
ORD-006118,West,Groceries,2025-07-11,36.73,25.08,0.3,1,11.65
ORD-006119,West,Groceries,2025-07-18,123.11,88.87,0.24,3,34.24
ORD-006120,West,Electronics,2025-07-08,1054.65,731.68,0.33,5,322.97
ORD-006121,West,Furniture,2025-07-24,1012.57,752.87,0.04,5,259.7
ORD-006122,West,Furniture,2025-07-14,931.68,663.02,0.29,5,268.66
ORD-006123,West,Groceries,2025-07-16,33.78,25.3,0.22,1,8.48
ORD-006124,West,Furniture,2025-07-27,825.27,610.56,0.12,4,214.71
ORD-006125,West,Furniture,2025-07-25,757.09,591.73,0.26,5,165.36
ORD-006126,West,Clothing,2025-07-03,240.73,137.76,0.3,4,102.97
ORD-006127,West,Electronics,2025-07-27,909.94,525.79,0.21,5,384.15
ORD-006128,West,Clothing,2025-07-22,316.21,190.43,0.03,5,125.78
ORD-006129,West,Groceries,2025-07-28,33.74,22.07,0.26,1,11.67
ORD-006130,West,Electronics,2025-07-27,502.82,287.76,0.06,2,215.06
ORD-006131,West,Clothing,2025-07-19,64.93,37.23,0.31,1,27.7
ORD-006132,West,Furniture,2025-07-04,519.69,364.83,0.21,3,154.86
ORD-006133,West,Furniture,2025-07-20,551.78,383.76,0.15,3,168.02
ORD-006134,West,Clothing,2025-07-08,292.47,166.23,0.17,4,126.24
ORD-006135,West,Electronics,2025-07-20,1349.68,841.31,0.2,5,508.37
ORD-006136,West,Furniture,2025-07-20,867.04,642.18,0.18,5,224.86
ORD-006137,West,Furniture,2025-07-06,398.84,303.28,0.04,2,95.56
ORD-006138,West,Electronics,2025-07-19,1005.19,703.64,0.01,5,301.55
ORD-006139,West,Groceries,2025-07-21,144.65,103.59,0.11,4,41.06
ORD-006140,West,Electronics,2025-07-23,208.9,123.89,0.1,1,85.01
ORD-006141,West,Groceries,2025-07-09,77.15,60.37,0.31,2,16.78
ORD-006142,West,Clothing,2025-07-15,299.3,163.08,0.09,5,136.22
ORD-006143,West,Furniture,2025-07-11,702.89,479.4,0.25,4,223.49
ORD-006144,West,Electronics,2025-07-28,1109.06,676.44,0.14,4,432.62
ORD-006145,West,Groceries,2025-07-27,179.44,118.2,0.35,5,61.24
ORD-006146,West,Clothing,2025-07-20,291.26,186.61,0.2,5,104.65
ORD-006147,West,Furniture,2025-07-21,1231.61,843.65,0.23,5,387.96
ORD-006148,West,Clothing,2025-07-28,215.61,122.58,0.1,4,93.03
ORD-006149,West,Furniture,2025-07-04,767.81,520.84,0.12,5,246.97
ORD-006150,West,Electronics,2025-07-14,821.54,535.74,0.1,4,285.8
ORD-006151,West,Groceries,2025-07-15,35.64,28.56,0.31,1,7.08
ORD-006152,West,Groceries,2025-07-07,30.55,23.69,0.19,1,6.86
ORD-006153,West,Clothing,2025-07-19,230.32,125.85,0.22,3,104.47
ORD-006154,West,Clothing,2025-07-23,172.48,95.23,0.02,3,77.25
ORD-006155,West,Furniture,2025-07-11,887.53,644.48,0.31,5,243.05
ORD-006156,West,Furniture,2025-07-09,722.91,468.9,0.02,4,254.01
ORD-006157,West,Furniture,2025-07-12,350.01,257.12,0.23,2,92.89
ORD-006158,West,Electronics,2025-07-20,785.98,501.64,0.22,4,284.34
ORD-006159,West,Furniture,2025-07-21,729.11,472.61,0.17,4,256.5
ORD-006160,West,Furniture,2025-07-05,1038.88,671.37,0.16,5,367.51
ORD-006161,West,Furniture,2025-07-22,302.59,219.56,0.31,2,83.03
ORD-006162,West,Furniture,2025-07-20,369.02,277.59,0.26,2,91.43
ORD-006163,West,Groceries,2025-07-14,195.76,140.96,0.02,5,54.8
ORD-006164,West,Electronics,2025-07-16,430.52,250.73,0.13,2,179.79
ORD-006165,West,Clothing,2025-07-05,68.02,42.05,0.27,1,25.97
ORD-006166,West,Clothing,2025-07-08,334.19,217.49,0.13,5,116.7
ORD-006167,West,Electronics,2025-07-15,1038.18,711.57,0.31,4,326.61
ORD-006168,West,Groceries,2025-07-20,36.83,24.11,0.05,1,12.72
ORD-006169,West,Electronics,2025-07-02,902.13,613.0,0.0,5,289.13
ORD-006170,West,Clothing,2025-07-26,190.03,99.78,0.17,3,90.25
ORD-006171,West,Groceries,2025-07-21,99.9,76.84,0.29,3,23.06
ORD-006172,West,Electronics,2025-07-19,1260.65,743.62,0.32,4,517.03
ORD-006173,West,Electronics,2025-07-24,394.95,233.91,0.25,2,161.04
ORD-006174,West,Electronics,2025-07-07,1037.12,721.65,0.32,5,315.47
ORD-006175,West,Electronics,2025-07-14,285.59,188.84,0.02,1,96.75
ORD-006176,West,Furniture,2025-07-12,200.27,140.27,0.26,1,60.0
ORD-006177,West,Clothing,2025-07-10,215.37,129.1,0.27,3,86.27
ORD-006178,West,Electronics,2025-07-12,434.22,265.97,0.24,2,168.25
ORD-006179,West,Furniture,2025-07-11,682.16,499.17,0.24,4,182.99
ORD-006180,West,Clothing,2025-07-24,191.57,105.0,0.3,3,86.57
ORD-006181,West,Electronics,2025-07-19,846.59,511.06,0.09,5,335.53
ORD-006182,West,Electronics,2025-07-28,588.94,400.18,0.02,3,188.76
ORD-006183,West,Electronics,2025-07-02,589.83,338.87,0.32,3,250.96
ORD-006184,West,Clothing,2025-07-26,247.49,148.05,0.01,4,99.44
ORD-006185,West,Furniture,2025-07-17,704.91,548.99,0.0,5,155.92
ORD-006186,West,Electronics,2025-07-18,639.92,380.8,0.35,4,259.12
ORD-006187,West,Electronics,2025-07-16,1071.39,607.16,0.17,4,464.23
ORD-006188,West,Clothing,2025-07-15,192.62,101.01,0.33,3,91.61
ORD-006189,West,Electronics,2025-07-17,883.76,506.45,0.06,4,377.31
ORD-006190,West,Electronics,2025-07-15,1161.99,792.71,0.04,5,369.28
ORD-006191,West,Furniture,2025-07-12,187.62,117.88,0.0,1,69.74
ORD-006192,West,Electronics,2025-07-12,977.18,605.03,0.15,5,372.15
ORD-006193,West,Furniture,2025-07-06,657.66,446.35,0.35,3,211.31
ORD-006194,North,Electronics,2025-07-24,1059.71,621.51,0.31,5,438.2
ORD-006195,North,Furniture,2025-07-18,182.15,119.55,0.09,1,62.6
ORD-006196,North,Clothing,2025-07-11,354.55,232.98,0.34,5,121.57
ORD-006197,North,Electronics,2025-07-16,195.88,133.05,0.32,1,62.83
ORD-006198,North,Clothing,2025-07-20,110.8,66.59,0.21,2,44.21
ORD-006199,North,Clothing,2025-07-17,314.92,186.65,0.34,5,128.27
ORD-006200,North,Electronics,2025-07-22,394.5,247.27,0.15,2,147.23
ORD-006201,North,Furniture,2025-07-23,1093.37,838.41,0.27,5,254.96
ORD-006202,North,Furniture,2025-07-01,206.39,131.38,0.04,1,75.01
ORD-006203,North,Electronics,2025-07-27,929.47,636.87,0.2,4,292.6
ORD-006204,North,Clothing,2025-07-25,59.57,37.09,0.31,1,22.48
ORD-006205,North,Groceries,2025-07-13,49.16,36.31,0.09,2,12.85
ORD-006206,North,Electronics,2025-07-13,668.83,376.31,0.04,3,292.52
ORD-006207,North,Groceries,2025-07-25,92.83,69.41,0.33,3,23.42
ORD-006208,North,Furniture,2025-07-13,807.66,529.18,0.21,4,278.48
ORD-006209,North,Furniture,2025-07-28,161.22,100.77,0.12,1,60.45
ORD-006210,North,Electronics,2025-07-28,760.74,466.91,0.22,4,293.83
ORD-006211,North,Furniture,2025-07-06,534.12,352.88,0.22,3,181.24
ORD-006212,North,Clothing,2025-07-08,68.46,42.77,0.13,1,25.69
ORD-006213,North,Furniture,2025-07-11,632.06,434.77,0.1,3,197.29
ORD-006214,North,Furniture,2025-07-22,351.04,271.26,0.08,2,79.78
ORD-006215,North,Furniture,2025-07-17,575.88,445.14,0.11,3,130.74
ORD-006216,North,Furniture,2025-07-17,1005.41,749.9,0.28,5,255.51
ORD-006217,North,Electronics,2025-07-22,252.27,163.67,0.11,1,88.6
ORD-006218,North,Groceries,2025-07-21,71.35,50.15,0.25,2,21.2
ORD-006219,North,Groceries,2025-07-14,70.41,50.47,0.14,2,19.94
ORD-006220,North,Clothing,2025-07-02,182.04,114.25,0.08,3,67.79
ORD-006221,North,Electronics,2025-07-03,790.3,471.67,0.12,5,318.63
ORD-006222,North,Groceries,2025-07-19,155.88,104.73,0.07,4,51.15
ORD-006223,North,Groceries,2025-07-18,155.82,111.0,0.2,4,44.82
ORD-006224,North,Furniture,2025-07-06,966.07,646.05,0.16,5,320.02
ORD-006225,North,Electronics,2025-07-18,204.91,127.37,0.34,1,77.54
ORD-006226,North,Electronics,2025-07-25,734.7,515.56,0.26,4,219.14
ORD-006227,North,Furniture,2025-07-12,641.14,483.97,0.21,4,157.17
ORD-006228,North,Clothing,2025-07-13,151.66,80.27,0.23,3,71.39
ORD-006229,North,Clothing,2025-07-19,223.86,127.97,0.08,4,95.89
ORD-006230,North,Electronics,2025-07-05,219.26,148.45,0.32,1,70.81
ORD-006231,North,Electronics,2025-07-23,573.17,346.6,0.25,3,226.57
ORD-006232,North,Groceries,2025-07-11,69.58,48.35,0.07,2,21.23
ORD-006233,North,Electronics,2025-07-01,506.06,293.83,0.24,2,212.23
ORD-006234,North,Groceries,2025-07-24,72.77,48.78,0.16,2,23.99
ORD-006235,North,Electronics,2025-07-11,226.84,149.23,0.08,1,77.61
ORD-006236,North,Electronics,2025-07-25,996.03,654.97,0.19,4,341.06
ORD-006237,North,Clothing,2025-07-04,112.96,62.38,0.23,2,50.58
ORD-006238,North,Electronics,2025-07-20,664.44,447.08,0.15,3,217.36
ORD-006239,North,Clothing,2025-07-17,58.45,34.81,0.24,1,23.64
ORD-006240,North,Electronics,2025-07-19,231.92,155.47,0.14,1,76.45
ORD-006241,North,Groceries,2025-07-03,128.85,87.37,0.3,4,41.48
ORD-006242,North,Electronics,2025-07-14,322.21,219.63,0.1,2,102.58
ORD-006243,North,Furniture,2025-07-05,202.98,128.15,0.19,1,74.83
ORD-006244,North,Electronics,2025-07-28,1030.84,675.78,0.1,5,355.06
ORD-006245,North,Electronics,2025-07-24,445.63,293.1,0.26,2,152.53
ORD-006246,North,Electronics,2025-07-27,254.18,176.06,0.26,1,78.12
ORD-006247,North,Electronics,2025-07-16,951.14,536.2,0.15,5,414.94
ORD-006248,North,Clothing,2025-07-10,214.88,135.49,0.32,4,79.39
ORD-006249,North,Furniture,2025-07-27,792.59,515.71,0.03,5,276.88
ORD-006250,North,Furniture,2025-07-18,452.22,311.24,0.24,2,140.98
ORD-006251,North,Clothing,2025-07-18,208.95,138.96,0.25,4,69.99
ORD-006252,North,Groceries,2025-07-27,223.85,148.89,0.19,5,74.96
ORD-006253,North,Furniture,2025-07-03,987.69,640.2,0.2,5,347.49
ORD-006254,North,Clothing,2025-07-12,53.23,33.7,0.28,1,19.53
ORD-006255,North,Electronics,2025-07-27,468.26,322.54,0.01,2,145.72
ORD-006256,North,Electronics,2025-07-09,544.14,379.49,0.23,2,164.65
ORD-006257,North,Clothing,2025-07-09,188.74,109.68,0.32,4,79.06
ORD-006258,North,Clothing,2025-07-11,374.93,232.65,0.33,5,142.28
ORD-006259,North,Clothing,2025-07-25,360.72,205.56,0.19,5,155.16
ORD-006260,North,Clothing,2025-07-07,189.68,106.21,0.25,3,83.47
ORD-006261,North,Furniture,2025-07-24,176.6,125.69,0.06,1,50.91
ORD-006262,North,Clothing,2025-07-12,55.43,35.73,0.17,1,19.7
ORD-006263,North,Electronics,2025-07-08,387.88,233.94,0.12,2,153.94
ORD-006264,North,Electronics,2025-07-13,1117.52,714.67,0.21,4,402.85
ORD-006265,North,Furniture,2025-07-11,187.36,130.96,0.29,1,56.4
ORD-006266,North,Furniture,2025-07-11,161.77,103.87,0.34,1,57.9
ORD-006267,North,Furniture,2025-07-03,678.7,497.58,0.02,4,181.12
ORD-006268,North,Electronics,2025-07-26,554.7,323.21,0.03,2,231.49
ORD-006269,North,Clothing,2025-07-16,186.91,123.53,0.02,3,63.38
ORD-006270,North,Electronics,2025-07-07,231.13,133.31,0.14,1,97.82
ORD-006271,North,Clothing,2025-07-05,184.71,120.82,0.18,3,63.89
ORD-006272,North,Groceries,2025-07-20,30.05,22.51,0.04,1,7.54
ORD-006273,North,Furniture,2025-07-24,707.88,479.2,0.23,5,228.68
ORD-006274,North,Groceries,2025-07-02,79.05,53.44,0.33,2,25.61
ORD-006275,North,Furniture,2025-07-04,170.39,118.77,0.02,1,51.62
ORD-006276,South,Clothing,2025-07-01,289.59,157.85,0.0,4,131.74
ORD-006277,South,Furniture,2025-07-04,819.36,544.83,0.06,4,274.53
ORD-006278,South,Groceries,2025-07-10,180.86,126.78,0.29,5,54.08
ORD-006279,South,Electronics,2025-07-04,871.81,511.25,0.3,4,360.56
ORD-006280,South,Furniture,2025-07-24,216.37,167.86,0.1,1,48.51
ORD-006281,South,Electronics,2025-07-22,1163.65,712.65,0.21,5,451.0
ORD-006282,South,Electronics,2025-07-06,263.44,164.23,0.2,1,99.21
ORD-006283,South,Clothing,2025-07-10,61.05,34.28,0.12,1,26.77
ORD-006284,South,Electronics,2025-07-17,479.77,320.98,0.01,2,158.79
ORD-006285,South,Electronics,2025-07-08,459.86,306.04,0.24,2,153.82
ORD-006286,South,Groceries,2025-07-10,155.67,125.01,0.26,5,30.66
ORD-006287,South,Electronics,2025-07-03,1080.48,660.12,0.21,4,420.36
ORD-006288,South,Electronics,2025-07-27,1088.63,734.13,0.04,5,354.5
ORD-006289,South,Clothing,2025-07-25,61.9,37.16,0.09,1,24.74
ORD-006290,South,Furniture,2025-07-23,155.4,115.04,0.07,1,40.36
ORD-006291,South,Groceries,2025-07-18,134.98,108.43,0.02,4,26.55
ORD-006292,South,Electronics,2025-07-24,855.75,489.24,0.01,4,366.51
ORD-006293,South,Groceries,2025-07-02,78.93,54.23,0.12,2,24.7
ORD-006294,South,Electronics,2025-07-25,434.4,301.99,0.25,2,132.41
ORD-006295,South,Electronics,2025-07-06,822.1,504.18,0.23,4,317.92
ORD-006296,South,Electronics,2025-07-20,696.31,438.43,0.34,3,257.88
ORD-006297,South,Electronics,2025-07-04,244.84,149.96,0.19,1,94.88
ORD-006298,South,Groceries,2025-07-25,196.14,152.54,0.1,5,43.6
ORD-006299,South,Groceries,2025-07-16,38.62,31.63,0.18,1,6.99
ORD-006300,South,Electronics,2025-07-21,415.47,243.92,0.09,2,171.55
ORD-006301,South,Furniture,2025-07-09,196.38,133.12,0.08,1,63.26
ORD-006302,South,Furniture,2025-07-13,318.56,208.24,0.1,2,110.32
ORD-006303,South,Furniture,2025-07-24,865.95,553.25,0.0,4,312.7
ORD-006304,South,Clothing,2025-07-10,281.42,175.06,0.02,5,106.36
ORD-006305,South,Furniture,2025-07-28,366.36,257.19,0.19,2,109.17
ORD-006306,South,Electronics,2025-07-22,884.41,524.59,0.21,4,359.82
ORD-006307,South,Groceries,2025-07-01,183.04,118.72,0.22,5,64.32
ORD-006308,South,Furniture,2025-07-13,759.48,552.89,0.07,4,206.59
ORD-006309,South,Groceries,2025-07-08,191.59,147.61,0.3,5,43.98
ORD-006310,South,Furniture,2025-07-20,179.95,123.48,0.32,1,56.47
ORD-006311,South,Electronics,2025-07-07,889.77,522.73,0.29,4,367.04
ORD-006312,South,Electronics,2025-07-12,405.71,282.05,0.24,2,123.66
ORD-006313,South,Electronics,2025-07-10,660.12,461.23,0.22,3,198.89
ORD-006314,South,Furniture,2025-07-11,833.64,571.44,0.02,4,262.2
ORD-006315,South,Electronics,2025-07-18,652.93,389.12,0.31,3,263.81
ORD-006316,South,Electronics,2025-07-20,470.28,323.66,0.29,2,146.62
ORD-006317,South,Clothing,2025-07-13,401.16,259.3,0.15,5,141.86
ORD-006318,South,Clothing,2025-07-05,282.45,153.22,0.23,5,129.23
ORD-006319,South,Furniture,2025-07-07,824.36,602.81,0.32,4,221.55
ORD-006320,South,Electronics,2025-07-05,704.1,454.96,0.11,3,249.14
ORD-006321,South,Clothing,2025-07-25,59.7,35.37,0.01,1,24.33
ORD-006322,South,Groceries,2025-07-23,34.64,28.63,0.08,1,6.01
ORD-006323,South,Clothing,2025-07-22,165.03,102.54,0.07,3,62.49
ORD-006324,South,Electronics,2025-07-06,553.12,343.11,0.19,2,210.01
ORD-006325,South,Electronics,2025-07-14,204.86,131.29,0.13,1,73.57
ORD-006326,South,Electronics,2025-07-02,492.73,321.06,0.23,2,171.67
ORD-006327,South,Groceries,2025-07-16,110.48,81.99,0.06,4,28.49
ORD-006328,South,Electronics,2025-07-25,1235.85,728.71,0.29,5,507.14
ORD-006329,South,Electronics,2025-07-18,477.46,288.9,0.06,2,188.56
ORD-006330,South,Furniture,2025-07-22,352.26,264.41,0.04,2,87.85
ORD-006331,South,Electronics,2025-07-18,399.55,223.49,0.05,2,176.06
ORD-006332,South,Electronics,2025-07-10,211.75,149.11,0.03,1,62.64
ORD-006333,South,Furniture,2025-07-11,344.46,214.79,0.1,2,129.67
ORD-006334,South,Electronics,2025-07-21,449.7,295.29,0.18,2,154.41
ORD-006335,South,Furniture,2025-07-07,365.61,232.95,0.08,2,132.66
ORD-006336,South,Groceries,2025-07-28,102.42,77.62,0.23,3,24.8
ORD-006337,South,Clothing,2025-07-19,212.72,141.17,0.26,3,71.55
ORD-006338,South,Electronics,2025-07-15,421.98,295.06,0.13,2,126.92
ORD-006339,South,Furniture,2025-07-09,541.94,352.65,0.01,3,189.29
ORD-006340,South,Furniture,2025-07-14,185.17,129.78,0.11,1,55.39
ORD-006341,South,Furniture,2025-07-23,1046.36,739.13,0.06,5,307.23
ORD-006342,South,Electronics,2025-07-27,900.38,550.92,0.04,4,349.46
ORD-006343,South,Furniture,2025-07-21,641.36,485.8,0.1,3,155.56
ORD-006344,South,Electronics,2025-07-28,1043.39,717.17,0.21,5,326.22
ORD-006345,South,Electronics,2025-07-27,191.45,125.87,0.09,1,65.58
ORD-006346,South,Furniture,2025-07-16,362.3,282.63,0.05,2,79.67
ORD-006347,South,Furniture,2025-07-01,789.67,545.31,0.2,4,244.36
ORD-006348,South,Clothing,2025-07-22,246.87,159.79,0.11,5,87.08
ORD-006349,South,Clothing,2025-07-03,58.49,34.43,0.16,1,24.06
ORD-006350,South,Furniture,2025-07-14,922.39,714.15,0.06,5,208.24
ORD-006351,South,Furniture,2025-07-03,166.43,129.79,0.01,1,36.64
ORD-006352,South,Electronics,2025-07-12,682.1,438.26,0.35,3,243.84
ORD-006353,South,Clothing,2025-07-12,172.44,111.82,0.08,3,60.62
ORD-006354,South,Clothing,2025-07-18,277.83,148.42,0.26,4,129.41
ORD-006355,South,Clothing,2025-07-20,99.47,54.25,0.26,2,45.22
ORD-006356,South,Clothing,2025-07-28,71.84,39.89,0.27,1,31.95
ORD-006357,South,Clothing,2025-07-15,318.78,180.76,0.08,4,138.02
ORD-006358,South,Electronics,2025-07-09,712.69,426.23,0.31,3,286.46
ORD-006359,South,Electronics,2025-07-20,1165.95,688.83,0.19,5,477.12
ORD-006360,South,Groceries,2025-07-27,182.66,136.0,0.05,5,46.66
ORD-006361,South,Furniture,2025-07-10,507.98,365.52,0.06,3,142.46
ORD-006362,East,Clothing,2025-08-04,223.24,134.58,0.14,4,88.66
ORD-006363,East,Electronics,2025-08-08,211.51,144.36,0.1,1,67.15
ORD-006364,East,Furniture,2025-08-28,417.62,311.76,0.28,2,105.86
ORD-006365,East,Groceries,2025-08-23,157.54,103.8,0.07,5,53.74
ORD-006366,East,Furniture,2025-08-08,833.11,518.21,0.19,4,314.9
ORD-006367,East,Furniture,2025-08-08,744.98,490.98,0.17,5,254.0
ORD-006368,East,Electronics,2025-08-20,591.49,337.54,0.29,3,253.95
ORD-006369,East,Groceries,2025-08-28,157.82,117.96,0.02,4,39.86
ORD-006370,East,Electronics,2025-08-06,608.41,429.59,0.06,3,178.82
ORD-006371,East,Furniture,2025-08-28,742.09,460.09,0.09,4,282.0
ORD-006372,East,Electronics,2025-08-14,712.96,462.33,0.05,3,250.63
ORD-006373,East,Clothing,2025-08-07,138.04,72.72,0.28,2,65.32
ORD-006374,East,Clothing,2025-08-06,104.99,61.46,0.29,2,43.53
ORD-006375,East,Groceries,2025-08-04,37.59,26.1,0.26,1,11.49
ORD-006376,East,Electronics,2025-08-16,195.09,120.63,0.29,1,74.46
ORD-006377,East,Electronics,2025-08-26,623.38,385.64,0.05,3,237.74
ORD-006378,East,Furniture,2025-08-19,718.25,553.51,0.27,4,164.74
ORD-006379,East,Groceries,2025-08-09,144.06,99.58,0.1,4,44.48
ORD-006380,East,Electronics,2025-08-04,378.1,220.18,0.05,2,157.92
ORD-006381,East,Furniture,2025-08-20,374.37,266.04,0.07,2,108.33
ORD-006382,East,Furniture,2025-08-18,548.15,348.93,0.32,3,199.22
ORD-006383,East,Electronics,2025-08-08,700.63,487.82,0.18,3,212.81
ORD-006384,East,Groceries,2025-08-24,176.28,119.84,0.12,5,56.44
ORD-006385,East,Groceries,2025-08-28,105.62,86.47,0.22,3,19.15
ORD-006386,East,Furniture,2025-08-15,980.27,625.73,0.11,5,354.54
ORD-006387,East,Electronics,2025-08-03,1032.09,682.47,0.21,5,349.62
ORD-006388,East,Furniture,2025-08-21,389.97,267.97,0.18,2,122.0
ORD-006389,East,Electronics,2025-08-17,440.11,263.57,0.3,2,176.54
ORD-006390,East,Electronics,2025-08-15,937.9,607.1,0.22,5,330.8
ORD-006391,East,Electronics,2025-08-20,271.9,155.28,0.04,1,116.62
ORD-006392,East,Groceries,2025-08-05,133.21,92.93,0.14,4,40.28
ORD-006393,East,Furniture,2025-08-18,533.92,376.25,0.13,3,157.67
ORD-006394,East,Electronics,2025-08-09,797.96,539.36,0.34,3,258.6
ORD-006395,East,Electronics,2025-08-06,603.59,368.78,0.14,3,234.81
ORD-006396,East,Clothing,2025-08-10,100.66,65.69,0.2,2,34.97
ORD-006397,East,Clothing,2025-08-07,58.56,38.14,0.32,1,20.42
ORD-006398,East,Clothing,2025-08-04,209.93,110.17,0.21,3,99.76
ORD-006399,East,Clothing,2025-08-12,263.34,165.79,0.31,4,97.55
ORD-006400,East,Electronics,2025-08-04,1094.32,649.77,0.07,5,444.55
ORD-006401,East,Electronics,2025-08-06,263.44,186.38,0.29,1,77.06
ORD-006402,East,Furniture,2025-08-03,159.29,109.7,0.27,1,49.59
ORD-006403,East,Furniture,2025-08-19,1021.23,769.65,0.27,5,251.58
ORD-006404,East,Furniture,2025-08-27,168.34,103.6,0.27,1,64.74
ORD-006405,East,Clothing,2025-08-04,168.77,91.3,0.06,3,77.47
ORD-006406,East,Furniture,2025-08-02,174.77,124.95,0.25,1,49.82
ORD-006407,East,Groceries,2025-08-03,65.82,44.3,0.12,2,21.52
ORD-006408,East,Furniture,2025-08-01,497.76,385.6,0.09,3,112.16
ORD-006409,East,Electronics,2025-08-22,449.38,253.78,0.22,2,195.6
ORD-006410,East,Electronics,2025-08-18,552.31,327.26,0.09,3,225.05
ORD-006411,East,Clothing,2025-08-17,181.13,107.95,0.28,3,73.18
ORD-006412,East,Clothing,2025-08-19,263.68,148.21,0.2,4,115.47
ORD-006413,East,Electronics,2025-08-02,484.33,339.42,0.24,2,144.91
ORD-006414,East,Groceries,2025-08-27,96.99,71.85,0.17,3,25.14
ORD-006415,East,Clothing,2025-08-25,282.76,167.81,0.27,4,114.95
ORD-006416,East,Furniture,2025-08-11,172.59,107.23,0.07,1,65.36
ORD-006417,East,Clothing,2025-08-05,314.43,167.72,0.02,5,146.71
ORD-006418,East,Furniture,2025-08-07,700.51,435.84,0.18,3,264.67
ORD-006419,East,Electronics,2025-08-16,412.05,231.48,0.01,2,180.57
ORD-006420,East,Electronics,2025-08-23,187.89,123.01,0.31,1,64.88
ORD-006421,East,Electronics,2025-08-25,806.58,541.21,0.3,3,265.37
ORD-006422,East,Electronics,2025-08-16,760.02,502.31,0.08,3,257.71
ORD-006423,East,Electronics,2025-08-28,478.79,284.38,0.05,2,194.41
ORD-006424,East,Furniture,2025-08-05,522.21,404.12,0.01,3,118.09
ORD-006425,East,Electronics,2025-08-19,275.02,161.22,0.19,1,113.8
ORD-006426,East,Clothing,2025-08-13,188.15,120.45,0.22,3,67.7
ORD-006427,East,Furniture,2025-08-23,738.3,515.93,0.05,4,222.37
ORD-006428,East,Electronics,2025-08-27,442.88,268.2,0.05,2,174.68
ORD-006429,East,Furniture,2025-08-24,521.5,393.38,0.15,3,128.12
ORD-006430,East,Groceries,2025-08-24,126.84,102.4,0.07,4,24.44
ORD-006431,East,Furniture,2025-08-06,546.86,426.31,0.27,3,120.55
ORD-006432,East,Furniture,2025-08-27,457.94,293.74,0.29,2,164.2
ORD-006433,East,Electronics,2025-08-23,638.16,384.22,0.12,3,253.94
ORD-006434,East,Electronics,2025-08-07,1024.21,572.01,0.27,4,452.2
ORD-006435,East,Furniture,2025-08-05,192.55,126.95,0.12,1,65.6
ORD-006436,East,Furniture,2025-08-03,303.7,199.74,0.15,2,103.96
ORD-006437,East,Clothing,2025-08-09,270.02,155.69,0.19,4,114.33
ORD-006438,East,Groceries,2025-08-11,33.77,25.2,0.25,1,8.57
ORD-006439,East,Electronics,2025-08-26,713.56,434.21,0.18,3,279.35
ORD-006440,East,Groceries,2025-08-10,58.14,47.73,0.28,2,10.41
ORD-006441,East,Clothing,2025-08-12,55.51,36.63,0.02,1,18.88
ORD-006442,East,Clothing,2025-08-17,138.34,83.41,0.1,3,54.93
ORD-006443,East,Clothing,2025-08-28,114.52,64.67,0.12,2,49.85
ORD-006444,East,Clothing,2025-08-17,178.77,97.0,0.03,3,81.77
ORD-006445,East,Electronics,2025-08-09,203.64,134.98,0.02,1,68.66
ORD-006446,East,Clothing,2025-08-13,298.24,193.91,0.02,5,104.33
ORD-006447,East,Groceries,2025-08-02,86.81,70.37,0.26,3,16.44
ORD-006448,East,Electronics,2025-08-06,1161.11,671.49,0.02,5,489.62
ORD-006449,East,Electronics,2025-08-16,989.74,617.48,0.25,5,372.26
ORD-006450,East,Electronics,2025-08-18,436.38,279.8,0.17,2,156.58
ORD-006451,East,Clothing,2025-08-15,242.69,154.9,0.29,4,87.79
ORD-006452,East,Furniture,2025-08-12,189.17,133.29,0.24,1,55.88
ORD-006453,East,Electronics,2025-08-03,615.29,421.46,0.11,3,193.83
ORD-006454,East,Groceries,2025-08-22,32.7,26.1,0.09,1,6.6
ORD-006455,East,Electronics,2025-08-04,222.36,125.31,0.26,1,97.05
ORD-006456,East,Clothing,2025-08-06,204.93,126.94,0.26,3,77.99
ORD-006457,East,Groceries,2025-08-06,119.24,95.59,0.03,3,23.65
ORD-006458,East,Clothing,2025-08-04,56.69,34.46,0.27,1,22.23
ORD-006459,East,Electronics,2025-08-24,541.78,368.95,0.33,3,172.83
ORD-006460,East,Groceries,2025-08-22,88.48,70.21,0.34,3,18.27
ORD-006461,East,Clothing,2025-08-07,212.51,135.46,0.35,3,77.05
ORD-006462,East,Electronics,2025-08-28,452.4,281.39,0.32,2,171.01
ORD-006463,East,Groceries,2025-08-16,44.88,35.89,0.3,1,8.99
ORD-006464,East,Groceries,2025-08-11,137.54,93.2,0.03,4,44.34
ORD-006465,East,Electronics,2025-08-02,421.74,273.83,0.05,2,147.91
ORD-006466,East,Electronics,2025-08-07,961.53,637.3,0.31,4,324.23
ORD-006467,East,Clothing,2025-08-20,160.41,100.74,0.02,3,59.67
ORD-006468,East,Electronics,2025-08-18,224.22,154.05,0.06,1,70.17
ORD-006469,East,Groceries,2025-08-15,135.94,101.04,0.07,4,34.9
ORD-006470,East,Furniture,2025-08-07,886.9,677.02,0.13,5,209.88
ORD-006471,East,Electronics,2025-08-11,660.48,389.11,0.02,4,271.37
ORD-006472,East,Groceries,2025-08-07,74.86,49.14,0.23,2,25.72
ORD-006473,East,Clothing,2025-08-05,330.8,191.27,0.13,5,139.53
ORD-006474,East,Groceries,2025-08-27,178.55,137.69,0.05,5,40.86
ORD-006475,East,Electronics,2025-08-05,655.89,439.84,0.18,3,216.05
ORD-006476,East,Groceries,2025-08-22,64.6,44.28,0.21,2,20.32
ORD-006477,East,Electronics,2025-08-01,211.96,131.68,0.18,1,80.28
ORD-006478,East,Clothing,2025-08-22,58.47,37.63,0.12,1,20.84
ORD-006479,East,Furniture,2025-08-07,379.45,266.76,0.09,2,112.69
ORD-006480,East,Clothing,2025-08-14,140.09,74.64,0.12,3,65.45
ORD-006481,East,Groceries,2025-08-13,99.28,75.14,0.23,3,24.14
ORD-006482,East,Electronics,2025-08-08,249.68,148.83,0.13,1,100.85
ORD-006483,East,Electronics,2025-08-21,261.38,163.24,0.07,1,98.14
ORD-006484,East,Furniture,2025-08-06,210.66,135.15,0.3,1,75.51
ORD-006485,East,Clothing,2025-08-23,296.17,189.13,0.21,5,107.04
ORD-006486,East,Electronics,2025-08-19,221.39,136.49,0.3,1,84.9
ORD-006487,East,Furniture,2025-08-08,748.48,460.01,0.31,4,288.47
ORD-006488,East,Clothing,2025-08-05,254.1,167.69,0.02,4,86.41
ORD-006489,East,Groceries,2025-08-12,171.54,131.23,0.17,4,40.31
ORD-006490,East,Furniture,2025-08-18,810.46,500.73,0.29,4,309.73
ORD-006491,East,Furniture,2025-08-20,838.65,600.82,0.08,4,237.83
ORD-006492,East,Groceries,2025-08-13,145.51,115.43,0.25,4,30.08
ORD-006493,East,Furniture,2025-08-01,811.51,588.37,0.12,4,223.14
ORD-006494,East,Electronics,2025-08-15,1072.86,649.58,0.18,5,423.28
ORD-006495,East,Electronics,2025-08-04,923.2,599.83,0.33,5,323.37
ORD-006496,East,Electronics,2025-08-21,248.92,163.42,0.05,1,85.5
ORD-006497,East,Groceries,2025-08-21,31.22,20.31,0.29,1,10.91
ORD-006498,East,Electronics,2025-08-15,666.94,437.45,0.29,3,229.49
ORD-006499,East,Clothing,2025-08-22,57.65,33.26,0.18,1,24.39
ORD-006500,East,Furniture,2025-08-20,322.13,236.05,0.05,2,86.08
ORD-006501,East,Furniture,2025-08-26,801.74,510.25,0.26,4,291.49
ORD-006502,East,Electronics,2025-08-13,955.46,604.95,0.32,4,350.51
ORD-006503,West,Furniture,2025-08-27,203.69,132.76,0.23,1,70.93
ORD-006504,West,Furniture,2025-08-08,894.06,582.58,0.08,4,311.48
ORD-006505,West,Furniture,2025-08-26,707.81,494.84,0.17,3,212.97
ORD-006506,West,Electronics,2025-08-13,527.98,358.33,0.12,3,169.65
ORD-006507,West,Groceries,2025-08-24,88.57,71.79,0.08,3,16.78
ORD-006508,West,Groceries,2025-08-18,31.49,22.88,0.2,1,8.61
ORD-006509,West,Groceries,2025-08-24,170.28,136.36,0.17,5,33.92
ORD-006510,West,Furniture,2025-08-07,658.32,472.29,0.15,4,186.03
ORD-006511,West,Clothing,2025-08-25,210.47,121.84,0.13,4,88.63
ORD-006512,West,Electronics,2025-08-10,222.89,133.13,0.28,1,89.76
ORD-006513,West,Groceries,2025-08-07,76.53,51.4,0.24,2,25.13
ORD-006514,West,Furniture,2025-08-17,507.24,377.36,0.18,3,129.88
ORD-006515,West,Groceries,2025-08-27,173.4,113.56,0.27,5,59.84
ORD-006516,West,Groceries,2025-08-16,151.8,108.09,0.18,4,43.71
ORD-006517,West,Clothing,2025-08-25,142.53,74.76,0.13,2,67.77
ORD-006518,West,Furniture,2025-08-22,359.15,266.45,0.19,2,92.7
ORD-006519,West,Clothing,2025-08-15,220.02,128.79,0.12,4,91.23
ORD-006520,West,Clothing,2025-08-13,315.97,206.79,0.25,5,109.18
ORD-006521,West,Electronics,2025-08-21,1095.86,684.75,0.08,5,411.11
ORD-006522,West,Electronics,2025-08-12,1002.21,606.17,0.03,4,396.04
ORD-006523,West,Electronics,2025-08-07,1034.86,622.71,0.19,5,412.15
ORD-006524,West,Furniture,2025-08-08,708.44,513.97,0.24,5,194.47
ORD-006525,West,Furniture,2025-08-09,726.45,563.03,0.15,5,163.42
ORD-006526,West,Clothing,2025-08-13,68.87,38.59,0.16,1,30.28
ORD-006527,West,Furniture,2025-08-21,913.04,673.55,0.26,4,239.49
ORD-006528,West,Furniture,2025-08-05,808.46,539.42,0.04,5,269.04
ORD-006529,West,Electronics,2025-08-14,739.93,488.98,0.21,3,250.95
ORD-006530,West,Electronics,2025-08-09,451.77,305.77,0.3,2,146.0
ORD-006531,West,Electronics,2025-08-26,1021.81,641.8,0.24,4,380.01
ORD-006532,West,Electronics,2025-08-19,956.81,605.61,0.01,5,351.2
ORD-006533,West,Furniture,2025-08-21,196.63,136.59,0.34,1,60.04
ORD-006534,West,Electronics,2025-08-05,892.22,608.98,0.27,4,283.24
ORD-006535,West,Clothing,2025-08-25,337.51,191.77,0.21,5,145.74
ORD-006536,West,Furniture,2025-08-15,752.02,510.91,0.17,4,241.11
ORD-006537,West,Electronics,2025-08-28,202.87,142.12,0.03,1,60.75
ORD-006538,West,Groceries,2025-08-16,81.86,56.45,0.12,2,25.41
ORD-006539,West,Clothing,2025-08-05,146.1,90.94,0.21,3,55.16
ORD-006540,West,Furniture,2025-08-02,914.58,595.36,0.21,5,319.22
ORD-006541,West,Electronics,2025-08-28,513.85,332.23,0.29,2,181.62
ORD-006542,West,Groceries,2025-08-22,201.72,162.07,0.06,5,39.65
ORD-006543,West,Clothing,2025-08-20,70.04,45.36,0.25,1,24.68
ORD-006544,West,Clothing,2025-08-26,55.03,30.76,0.06,1,24.27
ORD-006545,West,Furniture,2025-08-07,487.95,368.53,0.1,3,119.42
ORD-006546,West,Groceries,2025-08-21,120.84,82.63,0.16,3,38.21
ORD-006547,West,Clothing,2025-08-22,284.85,185.5,0.08,5,99.35
ORD-006548,West,Furniture,2025-08-21,181.97,141.04,0.26,1,40.93
ORD-006549,West,Groceries,2025-08-26,101.68,73.61,0.23,3,28.07
ORD-006550,West,Groceries,2025-08-21,43.57,33.3,0.1,1,10.27
ORD-006551,West,Furniture,2025-08-28,339.44,213.76,0.14,2,125.68
ORD-006552,West,Groceries,2025-08-05,199.77,144.51,0.22,5,55.26
ORD-006553,West,Electronics,2025-08-23,557.43,356.2,0.01,2,201.23
ORD-006554,West,Furniture,2025-08-06,439.18,325.5,0.02,3,113.68
ORD-006555,West,Electronics,2025-08-04,395.02,236.37,0.14,2,158.65
ORD-006556,West,Clothing,2025-08-01,125.81,82.63,0.2,2,43.18
ORD-006557,West,Groceries,2025-08-14,39.72,27.08,0.27,1,12.64
ORD-006558,West,Groceries,2025-08-14,26.01,18.96,0.01,1,7.05
ORD-006559,West,Electronics,2025-08-28,467.98,286.45,0.24,2,181.53
ORD-006560,West,Furniture,2025-08-28,342.75,260.72,0.05,2,82.03
ORD-006561,West,Electronics,2025-08-15,168.3,104.71,0.1,1,63.59
ORD-006562,West,Furniture,2025-08-03,167.3,128.42,0.24,1,38.88
ORD-006563,West,Furniture,2025-08-18,185.61,115.22,0.14,1,70.39
ORD-006564,West,Clothing,2025-08-24,282.02,180.72,0.26,4,101.3
ORD-006565,West,Groceries,2025-08-28,95.21,69.19,0.27,3,26.02
ORD-006566,West,Groceries,2025-08-03,158.59,128.41,0.08,5,30.18
ORD-006567,West,Furniture,2025-08-12,733.57,518.99,0.02,4,214.58
ORD-006568,West,Clothing,2025-08-04,218.89,114.8,0.28,4,104.09
ORD-006569,West,Furniture,2025-08-19,154.17,108.43,0.1,1,45.74
ORD-006570,West,Electronics,2025-08-21,872.41,613.87,0.19,4,258.54
ORD-006571,West,Electronics,2025-08-27,1086.21,746.51,0.12,5,339.7
ORD-006572,West,Furniture,2025-08-24,810.4,589.66,0.05,5,220.74
ORD-006573,West,Clothing,2025-08-05,243.93,132.83,0.22,4,111.1
ORD-006574,West,Groceries,2025-08-28,44.71,35.61,0.31,1,9.1
ORD-006575,West,Furniture,2025-08-07,556.03,353.67,0.29,3,202.36
ORD-006576,West,Furniture,2025-08-08,1032.92,651.67,0.34,5,381.25
ORD-006577,West,Groceries,2025-08-18,99.13,64.9,0.15,3,34.23
ORD-006578,West,Groceries,2025-08-01,100.32,71.4,0.24,3,28.92
ORD-006579,West,Clothing,2025-08-02,72.88,46.77,0.07,1,26.11
ORD-006580,West,Electronics,2025-08-05,872.51,490.53,0.11,4,381.98
ORD-006581,West,Furniture,2025-08-01,882.28,670.34,0.23,4,211.94
ORD-006582,West,Furniture,2025-08-05,801.54,523.14,0.22,4,278.4
ORD-006583,West,Electronics,2025-08-21,484.88,308.29,0.06,2,176.59
ORD-006584,West,Electronics,2025-08-13,198.52,141.54,0.12,1,56.98
ORD-006585,West,Electronics,2025-08-15,996.4,691.56,0.07,5,304.84
ORD-006586,West,Groceries,2025-08-19,117.79,84.92,0.17,4,32.87
ORD-006587,West,Furniture,2025-08-12,590.65,433.45,0.18,3,157.2
ORD-006588,West,Clothing,2025-08-25,70.83,41.25,0.09,1,29.58
ORD-006589,West,Electronics,2025-08-09,912.09,616.99,0.08,4,295.1
ORD-006590,West,Clothing,2025-08-03,248.16,141.28,0.16,4,106.88
ORD-006591,West,Electronics,2025-08-04,988.39,614.64,0.15,4,373.75
ORD-006592,West,Electronics,2025-08-11,1076.85,646.05,0.19,5,430.8
ORD-006593,West,Furniture,2025-08-26,759.32,465.62,0.08,5,293.7
ORD-006594,West,Groceries,2025-08-09,123.33,94.9,0.19,3,28.43
ORD-006595,West,Electronics,2025-08-06,831.77,485.74,0.05,4,346.03
ORD-006596,West,Clothing,2025-08-12,272.84,145.68,0.33,4,127.16
ORD-006597,West,Electronics,2025-08-08,706.27,414.58,0.07,4,291.69
ORD-006598,West,Electronics,2025-08-28,936.91,599.73,0.31,5,337.18
ORD-006599,West,Furniture,2025-08-08,603.86,418.59,0.14,3,185.27
ORD-006600,West,Clothing,2025-08-04,289.39,166.68,0.02,5,122.71
ORD-006601,West,Groceries,2025-08-14,183.36,138.88,0.27,5,44.48
ORD-006602,West,Furniture,2025-08-14,616.71,401.94,0.21,3,214.77
ORD-006603,West,Clothing,2025-08-23,183.45,120.79,0.04,3,62.66
ORD-006604,West,Clothing,2025-08-19,225.52,147.9,0.3,3,77.62
ORD-006605,West,Clothing,2025-08-02,139.58,91.45,0.34,2,48.13
ORD-006606,West,Electronics,2025-08-08,567.79,323.53,0.21,3,244.26
ORD-006607,West,Groceries,2025-08-09,165.27,122.71,0.1,4,42.56
ORD-006608,West,Furniture,2025-08-16,349.93,246.33,0.32,2,103.6
ORD-006609,West,Electronics,2025-08-27,397.22,245.77,0.03,2,151.45
ORD-006610,West,Electronics,2025-08-13,240.1,146.18,0.17,1,93.92
ORD-006611,West,Groceries,2025-08-22,160.18,105.25,0.05,5,54.93
ORD-006612,West,Furniture,2025-08-03,569.06,444.63,0.26,3,124.43
ORD-006613,West,Electronics,2025-08-01,487.32,325.24,0.16,2,162.08
ORD-006614,West,Groceries,2025-08-22,143.66,93.58,0.12,4,50.08
ORD-006615,West,Furniture,2025-08-08,595.94,407.72,0.07,4,188.22
ORD-006616,West,Clothing,2025-08-18,263.59,157.96,0.24,5,105.63
ORD-006617,West,Furniture,2025-08-09,348.35,253.89,0.01,2,94.46
ORD-006618,West,Electronics,2025-08-19,606.5,428.92,0.06,4,177.58
ORD-006619,West,Clothing,2025-08-28,134.26,81.83,0.04,2,52.43
ORD-006620,West,Clothing,2025-08-28,374.68,217.95,0.29,5,156.73
ORD-006621,West,Groceries,2025-08-10,157.65,106.77,0.34,5,50.88
ORD-006622,West,Groceries,2025-08-15,68.75,56.26,0.02,2,12.49
ORD-006623,West,Furniture,2025-08-14,356.83,225.21,0.09,2,131.62
ORD-006624,West,Groceries,2025-08-23,124.0,91.72,0.23,3,32.28
ORD-006625,West,Furniture,2025-08-19,149.05,97.37,0.33,1,51.68
ORD-006626,West,Groceries,2025-08-12,29.8,24.04,0.01,1,5.76
ORD-006627,West,Electronics,2025-08-20,631.46,376.7,0.17,3,254.76
ORD-006628,West,Furniture,2025-08-13,200.21,129.98,0.29,1,70.23
ORD-006629,West,Electronics,2025-08-18,443.35,313.12,0.35,2,130.23
ORD-006630,West,Groceries,2025-08-16,33.25,23.21,0.17,1,10.04
ORD-006631,West,Electronics,2025-08-02,238.2,147.22,0.2,1,90.98
ORD-006632,West,Groceries,2025-08-11,75.45,56.23,0.13,2,19.22
ORD-006633,West,Groceries,2025-08-13,78.07,60.76,0.17,2,17.31
ORD-006634,West,Furniture,2025-08-05,179.92,111.53,0.26,1,68.39
ORD-006635,West,Electronics,2025-08-04,572.27,370.72,0.11,3,201.55
ORD-006636,West,Groceries,2025-08-18,161.85,113.64,0.19,5,48.21
ORD-006637,West,Furniture,2025-08-12,975.71,633.57,0.3,5,342.14
ORD-006638,West,Groceries,2025-08-03,71.53,47.67,0.22,2,23.86
ORD-006639,West,Electronics,2025-08-22,1106.53,740.21,0.31,5,366.32
ORD-006640,West,Electronics,2025-08-25,1018.86,653.15,0.1,5,365.71
ORD-006641,West,Furniture,2025-08-09,973.3,685.61,0.28,5,287.69
ORD-006642,West,Clothing,2025-08-09,60.01,38.98,0.13,1,21.03
ORD-006643,West,Furniture,2025-08-27,570.82,432.75,0.06,3,138.07
ORD-006644,West,Clothing,2025-08-18,195.16,103.68,0.1,3,91.48
ORD-006645,West,Clothing,2025-08-11,173.0,104.9,0.33,3,68.1
ORD-006646,West,Electronics,2025-08-19,922.51,592.13,0.34,4,330.38
ORD-006647,West,Furniture,2025-08-19,172.66,111.53,0.2,1,61.13
ORD-006648,West,Clothing,2025-08-04,363.28,230.23,0.01,5,133.05
ORD-006649,West,Furniture,2025-08-05,763.76,533.97,0.01,4,229.79
ORD-006650,West,Furniture,2025-08-01,504.17,384.23,0.07,3,119.94
ORD-006651,West,Electronics,2025-08-08,410.68,275.93,0.2,2,134.75
ORD-006652,West,Furniture,2025-08-24,776.23,529.01,0.21,4,247.22
ORD-006653,West,Furniture,2025-08-18,554.86,367.88,0.09,3,186.98
ORD-006654,West,Electronics,2025-08-12,787.47,487.75,0.34,4,299.72
ORD-006655,West,Electronics,2025-08-27,472.91,287.4,0.06,2,185.51
ORD-006656,West,Electronics,2025-08-05,1009.01,604.69,0.24,4,404.32
ORD-006657,West,Furniture,2025-08-05,547.13,400.33,0.16,3,146.8
ORD-006658,West,Furniture,2025-08-07,1096.22,806.67,0.27,5,289.55
ORD-006659,West,Furniture,2025-08-20,322.79,238.12,0.24,2,84.67
ORD-006660,North,Electronics,2025-08-10,217.2,136.25,0.16,1,80.95
ORD-006661,North,Clothing,2025-08-16,67.01,41.13,0.1,1,25.88
ORD-006662,North,Electronics,2025-08-07,429.74,246.27,0.11,2,183.47
ORD-006663,North,Electronics,2025-08-17,1149.74,798.13,0.04,5,351.61
ORD-006664,North,Furniture,2025-08-02,774.24,523.16,0.08,4,251.08
ORD-006665,North,Furniture,2025-08-13,982.06,606.56,0.33,5,375.5
ORD-006666,North,Electronics,2025-08-05,272.33,174.02,0.31,1,98.31
ORD-006667,North,Furniture,2025-08-15,277.94,214.98,0.23,2,62.96
ORD-006668,North,Clothing,2025-08-23,51.78,33.53,0.18,1,18.25
ORD-006669,North,Clothing,2025-08-20,109.87,69.61,0.25,2,40.26
ORD-006670,North,Electronics,2025-08-20,1091.19,750.87,0.28,5,340.32
ORD-006671,North,Electronics,2025-08-01,1031.68,694.19,0.3,5,337.49
ORD-006672,North,Clothing,2025-08-23,210.8,125.52,0.34,4,85.28
ORD-006673,North,Electronics,2025-08-12,620.17,357.79,0.21,3,262.38
ORD-006674,North,Electronics,2025-08-13,223.41,138.17,0.07,1,85.24
ORD-006675,North,Groceries,2025-08-15,156.79,115.31,0.01,4,41.48
ORD-006676,North,Clothing,2025-08-02,237.66,142.91,0.27,4,94.75
ORD-006677,North,Groceries,2025-08-06,110.95,81.29,0.27,3,29.66
ORD-006678,North,Groceries,2025-08-15,32.76,25.94,0.18,1,6.82
ORD-006679,North,Groceries,2025-08-16,29.99,19.53,0.26,1,10.46
ORD-006680,North,Furniture,2025-08-19,406.91,294.26,0.26,2,112.65
ORD-006681,North,Electronics,2025-08-05,968.6,605.13,0.04,4,363.47
ORD-006682,North,Clothing,2025-08-20,238.92,126.4,0.13,5,112.52
ORD-006683,North,Clothing,2025-08-26,220.95,118.03,0.29,4,102.92
ORD-006684,North,Electronics,2025-08-18,616.16,430.69,0.25,3,185.47
ORD-006685,North,Electronics,2025-08-11,710.22,427.52,0.14,3,282.7
ORD-006686,North,Furniture,2025-08-23,651.35,447.47,0.3,3,203.88
ORD-006687,North,Furniture,2025-08-15,845.85,620.17,0.18,5,225.68
ORD-006688,North,Groceries,2025-08-02,38.2,27.69,0.06,1,10.51
ORD-006689,North,Electronics,2025-08-05,243.5,151.77,0.29,1,91.73
ORD-006690,North,Electronics,2025-08-18,1294.71,725.35,0.24,5,569.36
ORD-006691,North,Electronics,2025-08-20,236.29,156.32,0.21,1,79.97
ORD-006692,North,Groceries,2025-08-03,208.65,137.68,0.17,5,70.97
ORD-006693,North,Groceries,2025-08-08,165.59,124.98,0.3,4,40.61
ORD-006694,North,Electronics,2025-08-16,982.66,551.08,0.24,5,431.58
ORD-006695,North,Clothing,2025-08-21,142.69,91.04,0.16,2,51.65
ORD-006696,North,Furniture,2025-08-22,511.12,330.18,0.15,3,180.94
ORD-006697,North,Electronics,2025-08-22,746.52,488.61,0.26,3,257.91
ORD-006698,North,Groceries,2025-08-13,30.16,23.15,0.0,1,7.01
ORD-006699,North,Furniture,2025-08-12,588.14,403.64,0.04,4,184.5
ORD-006700,North,Groceries,2025-08-11,189.3,143.17,0.3,5,46.13
ORD-006701,North,Groceries,2025-08-26,68.67,48.8,0.18,2,19.87
ORD-006702,North,Furniture,2025-08-26,321.39,226.98,0.09,2,94.41
ORD-006703,North,Groceries,2025-08-10,39.25,31.99,0.06,1,7.26
ORD-006704,North,Clothing,2025-08-10,226.98,127.51,0.22,4,99.47
ORD-006705,North,Furniture,2025-08-21,387.66,263.29,0.0,2,124.37
ORD-006706,North,Electronics,2025-08-08,923.42,571.63,0.26,5,351.79
ORD-006707,North,Groceries,2025-08-10,36.26,29.06,0.22,1,7.2
ORD-006708,North,Electronics,2025-08-22,445.41,301.61,0.26,2,143.8
ORD-006709,North,Clothing,2025-08-18,327.37,214.12,0.05,4,113.25
ORD-006710,North,Groceries,2025-08-11,116.53,92.4,0.28,3,24.13
ORD-006711,North,Electronics,2025-08-18,741.09,426.41,0.18,4,314.68
ORD-006712,North,Groceries,2025-08-28,136.35,107.31,0.09,4,29.04
ORD-006713,North,Electronics,2025-08-20,425.12,286.1,0.04,2,139.02
ORD-006714,North,Furniture,2025-08-02,830.23,552.1,0.15,5,278.13
ORD-006715,North,Furniture,2025-08-01,784.48,577.09,0.1,5,207.39
ORD-006716,North,Furniture,2025-08-28,767.17,504.49,0.24,5,262.68
ORD-006717,North,Furniture,2025-08-28,181.29,126.01,0.08,1,55.28
ORD-006718,North,Furniture,2025-08-12,648.74,421.23,0.1,4,227.51
ORD-006719,North,Furniture,2025-08-03,287.02,191.84,0.25,2,95.18
ORD-006720,North,Groceries,2025-08-01,192.77,148.72,0.32,5,44.05
ORD-006721,North,Furniture,2025-08-13,947.22,668.44,0.31,5,278.78
ORD-006722,North,Groceries,2025-08-15,115.46,84.3,0.24,3,31.16
ORD-006723,North,Clothing,2025-08-19,311.57,206.17,0.12,5,105.4
ORD-006724,North,Electronics,2025-08-06,1006.93,633.2,0.01,4,373.73
ORD-006725,North,Electronics,2025-08-01,790.56,563.09,0.19,4,227.47
ORD-006726,North,Electronics,2025-08-16,807.41,519.08,0.12,3,288.33
ORD-006727,North,Clothing,2025-08-04,256.62,170.97,0.15,4,85.65
ORD-006728,North,Electronics,2025-08-07,556.94,320.81,0.12,3,236.13
ORD-006729,North,Electronics,2025-08-07,590.8,339.75,0.16,3,251.05
ORD-006730,North,Electronics,2025-08-28,1310.5,746.51,0.07,5,563.99
ORD-006731,North,Clothing,2025-08-21,274.54,149.22,0.19,4,125.32
ORD-006732,North,Electronics,2025-08-03,792.79,534.66,0.12,3,258.13
ORD-006733,North,Electronics,2025-08-04,257.87,164.76,0.24,1,93.11
ORD-006734,North,Furniture,2025-08-14,453.57,351.73,0.3,3,101.84
ORD-006735,North,Furniture,2025-08-19,920.22,566.45,0.11,5,353.77
ORD-006736,North,Clothing,2025-08-26,226.27,141.29,0.01,4,84.98
ORD-006737,North,Groceries,2025-08-03,31.1,20.95,0.01,1,10.15
ORD-006738,North,Furniture,2025-08-04,885.99,642.81,0.26,5,243.18
ORD-006739,North,Electronics,2025-08-15,1024.96,597.48,0.15,4,427.48
ORD-006740,North,Clothing,2025-08-25,109.38,68.19,0.18,2,41.19
ORD-006741,North,Clothing,2025-08-23,62.98,33.43,0.31,1,29.55
ORD-006742,North,Clothing,2025-08-17,122.28,66.91,0.17,2,55.37
ORD-006743,North,Furniture,2025-08-11,346.55,256.99,0.16,2,89.56
ORD-006744,North,Clothing,2025-08-02,59.21,31.54,0.26,1,27.67
ORD-006745,North,Furniture,2025-08-13,957.63,639.14,0.15,5,318.49
ORD-006746,North,Clothing,2025-08-15,61.98,41.13,0.24,1,20.85
ORD-006747,North,Electronics,2025-08-06,718.56,406.3,0.18,4,312.26
ORD-006748,North,Groceries,2025-08-22,141.27,110.37,0.13,5,30.9
ORD-006749,North,Groceries,2025-08-17,30.76,19.98,0.09,1,10.78
ORD-006750,North,Furniture,2025-08-21,365.83,276.91,0.01,2,88.92
ORD-006751,North,Electronics,2025-08-17,863.49,549.07,0.14,4,314.42
ORD-006752,North,Electronics,2025-08-20,229.47,156.81,0.25,1,72.66
ORD-006753,North,Clothing,2025-08-22,123.45,64.57,0.13,2,58.88
ORD-006754,North,Groceries,2025-08-24,91.55,64.42,0.28,3,27.13
ORD-006755,North,Electronics,2025-08-07,924.81,597.94,0.12,4,326.87
ORD-006756,North,Clothing,2025-08-20,194.77,109.82,0.24,3,84.95
ORD-006757,North,Groceries,2025-08-25,103.65,77.79,0.28,3,25.86
ORD-006758,North,Electronics,2025-08-19,196.14,129.59,0.01,1,66.55
ORD-006759,North,Electronics,2025-08-09,202.84,116.79,0.15,1,86.05
ORD-006760,North,Furniture,2025-08-01,773.81,496.89,0.34,4,276.92
ORD-006761,North,Electronics,2025-08-18,616.32,371.36,0.3,3,244.96
ORD-006762,North,Clothing,2025-08-18,112.07,62.71,0.1,2,49.36
ORD-006763,North,Furniture,2025-08-26,182.03,121.55,0.02,1,60.48
ORD-006764,South,Electronics,2025-08-11,191.18,123.16,0.07,1,68.02
ORD-006765,South,Electronics,2025-08-16,214.23,149.41,0.2,1,64.82
ORD-006766,South,Furniture,2025-08-21,1094.33,673.76,0.22,5,420.57
ORD-006767,South,Electronics,2025-08-01,404.37,275.05,0.04,2,129.32
ORD-006768,South,Groceries,2025-08-02,151.58,109.53,0.18,4,42.05
ORD-006769,South,Clothing,2025-08-03,317.09,172.13,0.33,5,144.96
ORD-006770,South,Electronics,2025-08-05,206.73,128.1,0.21,1,78.63
ORD-006771,South,Clothing,2025-08-24,63.0,37.55,0.11,1,25.45
ORD-006772,South,Clothing,2025-08-26,365.83,209.87,0.12,5,155.96
ORD-006773,South,Electronics,2025-08-16,380.46,261.53,0.05,2,118.93
ORD-006774,South,Electronics,2025-08-02,1105.4,746.63,0.32,5,358.77
ORD-006775,South,Furniture,2025-08-07,425.88,310.46,0.24,2,115.42
ORD-006776,South,Furniture,2025-08-16,819.05,536.07,0.32,4,282.98
ORD-006777,South,Electronics,2025-08-09,934.88,540.54,0.32,5,394.34
ORD-006778,South,Electronics,2025-08-14,395.33,220.83,0.04,2,174.5
ORD-006779,South,Furniture,2025-08-05,380.04,270.78,0.06,2,109.26
ORD-006780,South,Clothing,2025-08-26,198.97,109.99,0.0,4,88.98
ORD-006781,South,Electronics,2025-08-12,182.44,106.97,0.11,1,75.47
ORD-006782,South,Electronics,2025-08-20,846.23,568.52,0.19,4,277.71
ORD-006783,South,Furniture,2025-08-18,716.67,522.71,0.13,4,193.96
ORD-006784,South,Furniture,2025-08-15,817.38,597.84,0.04,5,219.54
ORD-006785,South,Furniture,2025-08-03,931.64,600.14,0.21,4,331.5
ORD-006786,South,Clothing,2025-08-24,288.89,181.99,0.31,5,106.9
ORD-006787,South,Electronics,2025-08-21,884.34,531.58,0.34,3,352.76
ORD-006788,South,Electronics,2025-08-26,1368.24,949.82,0.21,5,418.42
ORD-006789,South,Furniture,2025-08-12,522.46,395.3,0.14,3,127.16
ORD-006790,South,Furniture,2025-08-28,584.42,439.39,0.1,4,145.03
ORD-006791,South,Electronics,2025-08-17,965.65,656.58,0.0,5,309.07
ORD-006792,South,Electronics,2025-08-25,506.62,322.46,0.08,2,184.16
ORD-006793,South,Groceries,2025-08-26,35.69,24.53,0.34,1,11.16
ORD-006794,South,Groceries,2025-08-15,35.08,25.51,0.07,1,9.57
ORD-006795,South,Clothing,2025-08-19,108.96,69.74,0.16,2,39.22
ORD-006796,South,Groceries,2025-08-07,150.05,102.77,0.06,5,47.28
ORD-006797,South,Clothing,2025-08-03,172.94,108.56,0.11,3,64.38
ORD-006798,South,Clothing,2025-08-05,305.25,176.44,0.17,5,128.81
ORD-006799,South,Furniture,2025-08-11,847.6,520.91,0.22,4,326.69
ORD-006800,South,Furniture,2025-08-11,164.56,125.65,0.08,1,38.91
ORD-006801,South,Groceries,2025-08-07,180.3,130.46,0.19,4,49.84
ORD-006802,South,Electronics,2025-08-27,942.34,632.48,0.01,4,309.86
ORD-006803,South,Furniture,2025-08-21,154.7,111.59,0.27,1,43.11
ORD-006804,South,Furniture,2025-08-07,352.59,259.59,0.09,2,93.0
ORD-006805,South,Clothing,2025-08-05,275.21,167.72,0.16,5,107.49
ORD-006806,South,Clothing,2025-08-23,232.36,131.64,0.16,3,100.72
ORD-006807,South,Furniture,2025-08-09,628.36,399.73,0.04,4,228.63
ORD-006808,South,Electronics,2025-08-02,1104.73,642.66,0.02,5,462.07
ORD-006809,South,Groceries,2025-08-17,68.91,56.85,0.21,2,12.06
ORD-006810,South,Clothing,2025-08-05,204.14,122.83,0.24,4,81.31
ORD-006811,South,Electronics,2025-08-27,798.08,541.3,0.35,4,256.78
ORD-006812,South,Groceries,2025-08-09,96.59,73.87,0.19,3,22.72
ORD-006813,South,Furniture,2025-08-19,768.39,510.68,0.04,4,257.71
ORD-006814,South,Clothing,2025-08-17,311.24,195.98,0.14,5,115.26
ORD-006815,South,Clothing,2025-08-25,240.41,125.98,0.22,5,114.43
ORD-006816,South,Electronics,2025-08-27,196.65,121.14,0.33,1,75.51
ORD-006817,South,Electronics,2025-08-01,999.59,710.54,0.34,5,289.05
ORD-006818,South,Furniture,2025-08-21,707.51,445.0,0.08,5,262.51
ORD-006819,South,Groceries,2025-08-05,108.55,75.11,0.2,3,33.44
ORD-006820,South,Electronics,2025-08-07,208.74,148.51,0.04,1,60.23
ORD-006821,South,Furniture,2025-08-12,166.55,124.41,0.12,1,42.14
ORD-006822,South,Clothing,2025-08-16,317.94,203.74,0.08,4,114.2
ORD-006823,South,Clothing,2025-08-23,113.37,75.01,0.26,2,38.36
ORD-006824,South,Furniture,2025-08-09,158.77,121.88,0.03,1,36.89
ORD-006825,South,Furniture,2025-08-04,179.36,121.45,0.11,1,57.91
ORD-006826,South,Clothing,2025-08-03,144.19,87.42,0.28,2,56.77
ORD-006827,South,Electronics,2025-08-10,932.33,623.09,0.16,4,309.24
ORD-006828,South,Furniture,2025-08-28,616.82,393.23,0.33,4,223.59
ORD-006829,South,Clothing,2025-08-07,265.79,148.47,0.29,5,117.32
ORD-006830,South,Clothing,2025-08-14,208.21,133.12,0.05,3,75.09
ORD-006831,South,Clothing,2025-08-23,284.61,159.96,0.08,5,124.65
ORD-006832,South,Groceries,2025-08-13,137.61,103.99,0.04,4,33.62
ORD-006833,South,Electronics,2025-08-06,1236.26,862.0,0.05,5,374.26
ORD-006834,South,Electronics,2025-08-16,905.83,512.34,0.08,4,393.49
ORD-006835,South,Clothing,2025-08-15,326.09,171.02,0.3,5,155.07
ORD-006836,South,Furniture,2025-08-24,200.39,147.58,0.01,1,52.81
ORD-006837,South,Clothing,2025-08-16,261.52,146.77,0.06,4,114.75
ORD-006838,South,Groceries,2025-08-23,66.85,52.5,0.21,2,14.35
ORD-006839,South,Groceries,2025-08-07,70.08,52.88,0.28,2,17.2
ORD-006840,East,Groceries,2025-09-22,99.02,68.28,0.16,3,30.74
ORD-006841,East,Clothing,2025-09-15,165.75,98.1,0.29,3,67.65
ORD-006842,East,Electronics,2025-09-18,858.93,553.26,0.25,4,305.67
ORD-006843,East,Electronics,2025-09-21,990.31,600.6,0.31,5,389.71
ORD-006844,East,Clothing,2025-09-15,262.08,153.55,0.12,5,108.53
ORD-006845,East,Electronics,2025-09-19,390.98,227.05,0.26,2,163.93
ORD-006846,East,Clothing,2025-09-19,319.07,183.92,0.2,5,135.15
ORD-006847,East,Electronics,2025-09-08,431.09,241.04,0.09,2,190.05
ORD-006848,East,Electronics,2025-09-04,222.42,127.71,0.05,1,94.71
ORD-006849,East,Clothing,2025-09-19,64.36,42.18,0.31,1,22.18
ORD-006850,East,Clothing,2025-09-08,319.92,211.04,0.34,5,108.88
ORD-006851,East,Furniture,2025-09-16,356.06,226.9,0.19,2,129.16
ORD-006852,East,Electronics,2025-09-14,193.48,131.98,0.3,1,61.5
ORD-006853,East,Electronics,2025-09-13,219.3,142.12,0.35,1,77.18
ORD-006854,East,Electronics,2025-09-02,652.55,416.52,0.14,3,236.03
ORD-006855,East,Electronics,2025-09-08,1161.14,771.96,0.05,5,389.18
ORD-006856,East,Groceries,2025-09-18,205.58,134.09,0.02,5,71.49
ORD-006857,East,Electronics,2025-09-19,491.83,284.6,0.1,2,207.23
ORD-006858,East,Groceries,2025-09-15,161.11,118.12,0.04,5,42.99
ORD-006859,East,Electronics,2025-09-27,904.77,545.01,0.33,4,359.76
ORD-006860,East,Furniture,2025-09-04,320.3,232.28,0.26,2,88.02
ORD-006861,East,Electronics,2025-09-08,615.39,358.22,0.31,3,257.17
ORD-006862,East,Clothing,2025-09-11,174.98,114.75,0.3,3,60.23
ORD-006863,East,Furniture,2025-09-17,161.78,102.58,0.32,1,59.2
ORD-006864,East,Groceries,2025-09-02,76.19,62.39,0.21,2,13.8
ORD-006865,East,Electronics,2025-09-01,875.3,615.94,0.1,4,259.36
ORD-006866,East,Furniture,2025-09-23,503.92,389.24,0.29,3,114.68
ORD-006867,East,Furniture,2025-09-27,1102.32,787.35,0.01,5,314.97
ORD-006868,East,Furniture,2025-09-02,684.01,419.83,0.11,4,264.18
ORD-006869,East,Groceries,2025-09-23,106.02,82.31,0.02,3,23.71
ORD-006870,East,Electronics,2025-09-23,435.26,266.49,0.09,2,168.77
ORD-006871,East,Electronics,2025-09-16,473.72,265.9,0.14,2,207.82
ORD-006872,East,Furniture,2025-09-18,341.2,227.02,0.1,2,114.18
ORD-006873,East,Clothing,2025-09-08,187.93,105.78,0.28,3,82.15
ORD-006874,East,Electronics,2025-09-18,620.29,362.89,0.13,3,257.4
ORD-006875,East,Electronics,2025-09-15,920.07,598.43,0.25,4,321.64
ORD-006876,East,Electronics,2025-09-14,1273.92,736.77,0.04,5,537.15
ORD-006877,East,Electronics,2025-09-07,360.33,209.92,0.04,2,150.41
ORD-006878,East,Electronics,2025-09-06,392.46,230.99,0.03,2,161.47
ORD-006879,East,Electronics,2025-09-23,427.39,287.89,0.06,2,139.5
ORD-006880,East,Electronics,2025-09-28,740.2,463.36,0.1,3,276.84
ORD-006881,East,Electronics,2025-09-16,694.91,422.28,0.17,3,272.63
ORD-006882,East,Furniture,2025-09-13,294.47,215.96,0.1,2,78.51
ORD-006883,East,Electronics,2025-09-21,179.05,125.1,0.29,1,53.95
ORD-006884,East,Electronics,2025-09-23,247.33,138.96,0.34,1,108.37
ORD-006885,East,Clothing,2025-09-14,79.52,42.38,0.26,1,37.14
ORD-006886,East,Groceries,2025-09-23,71.57,50.84,0.31,2,20.73
ORD-006887,East,Electronics,2025-09-27,1007.41,581.66,0.08,4,425.75
ORD-006888,East,Furniture,2025-09-04,358.06,274.27,0.03,2,83.79
ORD-006889,East,Clothing,2025-09-12,60.78,36.04,0.31,1,24.74
ORD-006890,East,Furniture,2025-09-15,910.26,632.95,0.04,5,277.31
ORD-006891,East,Furniture,2025-09-12,556.9,380.44,0.22,3,176.46
ORD-006892,East,Electronics,2025-09-20,605.88,380.13,0.0,3,225.75
ORD-006893,East,Clothing,2025-09-05,103.8,54.67,0.15,2,49.13
ORD-006894,East,Groceries,2025-09-04,59.77,41.46,0.09,2,18.31
ORD-006895,East,Clothing,2025-09-21,211.17,118.75,0.02,4,92.42
ORD-006896,East,Furniture,2025-09-17,957.28,708.9,0.3,4,248.38
ORD-006897,East,Electronics,2025-09-28,561.28,316.29,0.11,3,244.99
ORD-006898,East,Clothing,2025-09-14,120.81,69.28,0.2,2,51.53
ORD-006899,East,Groceries,2025-09-24,32.0,23.43,0.28,1,8.57
ORD-006900,East,Electronics,2025-09-15,1155.45,794.97,0.23,5,360.48
ORD-006901,East,Electronics,2025-09-06,491.67,299.16,0.12,2,192.51
ORD-006902,East,Groceries,2025-09-01,110.1,76.07,0.01,3,34.03
ORD-006903,East,Electronics,2025-09-06,219.52,137.3,0.17,1,82.22
ORD-006904,East,Groceries,2025-09-14,137.61,105.21,0.18,4,32.4
ORD-006905,East,Electronics,2025-09-26,605.99,391.79,0.2,3,214.2
ORD-006906,East,Groceries,2025-09-15,144.23,105.4,0.27,5,38.83
ORD-006907,East,Electronics,2025-09-27,1165.29,675.22,0.11,4,490.07
ORD-006908,East,Groceries,2025-09-08,75.93,52.17,0.02,2,23.76
ORD-006909,East,Furniture,2025-09-22,168.0,103.6,0.18,1,64.4
ORD-006910,East,Electronics,2025-09-18,621.0,440.9,0.29,3,180.1
ORD-006911,East,Clothing,2025-09-15,387.78,227.28,0.28,5,160.5
ORD-006912,East,Groceries,2025-09-28,113.87,87.76,0.14,4,26.11
ORD-006913,East,Electronics,2025-09-20,463.52,320.4,0.31,2,143.12
ORD-006914,East,Furniture,2025-09-20,176.52,124.26,0.05,1,52.26
ORD-006915,East,Furniture,2025-09-09,809.67,625.57,0.25,4,184.1
ORD-006916,East,Electronics,2025-09-14,734.88,492.78,0.05,4,242.1
ORD-006917,East,Furniture,2025-09-25,369.21,271.62,0.31,2,97.59
ORD-006918,East,Clothing,2025-09-27,114.88,68.6,0.17,2,46.28
ORD-006919,East,Electronics,2025-09-01,445.6,267.67,0.11,2,177.93
ORD-006920,East,Clothing,2025-09-04,125.86,78.2,0.01,2,47.66
ORD-006921,East,Furniture,2025-09-03,352.28,253.6,0.21,2,98.68
ORD-006922,East,Electronics,2025-09-21,404.36,261.41,0.03,2,142.95
ORD-006923,East,Electronics,2025-09-06,263.92,152.44,0.04,1,111.48
ORD-006924,East,Groceries,2025-09-16,49.92,34.93,0.02,1,14.99
ORD-006925,East,Groceries,2025-09-02,199.6,153.24,0.14,5,46.36
ORD-006926,East,Clothing,2025-09-22,120.47,72.4,0.07,2,48.07
ORD-006927,East,Furniture,2025-09-03,179.62,128.57,0.09,1,51.05
ORD-006928,East,Groceries,2025-09-28,183.44,125.67,0.17,5,57.77
ORD-006929,East,Electronics,2025-09-03,913.74,516.32,0.09,4,397.42
ORD-006930,East,Furniture,2025-09-01,163.97,123.49,0.14,1,40.48
ORD-006931,East,Electronics,2025-09-25,1027.43,656.73,0.14,5,370.7
ORD-006932,East,Furniture,2025-09-07,440.08,320.64,0.14,3,119.44
ORD-006933,East,Clothing,2025-09-21,59.67,36.07,0.06,1,23.6
ORD-006934,East,Clothing,2025-09-23,53.01,34.56,0.33,1,18.45
ORD-006935,East,Clothing,2025-09-04,113.98,65.38,0.11,2,48.6
ORD-006936,East,Electronics,2025-09-21,1179.95,740.86,0.14,5,439.09
ORD-006937,East,Furniture,2025-09-13,140.59,88.38,0.13,1,52.21
ORD-006938,East,Electronics,2025-09-22,429.69,293.02,0.15,2,136.67
ORD-006939,East,Electronics,2025-09-09,699.23,437.85,0.28,4,261.38
ORD-006940,East,Electronics,2025-09-12,368.07,227.72,0.2,2,140.35
ORD-006941,East,Electronics,2025-09-02,251.14,156.0,0.12,1,95.14
ORD-006942,East,Clothing,2025-09-03,381.11,241.79,0.14,5,139.32
ORD-006943,East,Furniture,2025-09-12,493.6,304.52,0.23,3,189.08
ORD-006944,East,Electronics,2025-09-22,1036.65,623.28,0.16,5,413.37
ORD-006945,East,Furniture,2025-09-16,503.06,357.75,0.25,3,145.31
ORD-006946,East,Groceries,2025-09-21,42.17,29.1,0.03,1,13.07
ORD-006947,East,Clothing,2025-09-18,54.14,31.76,0.06,1,22.38
ORD-006948,East,Electronics,2025-09-14,810.55,474.93,0.04,3,335.62
ORD-006949,East,Furniture,2025-09-10,762.62,577.75,0.06,5,184.87
ORD-006950,East,Clothing,2025-09-14,55.33,33.76,0.07,1,21.57
ORD-006951,East,Electronics,2025-09-28,801.96,507.51,0.2,4,294.45
ORD-006952,East,Furniture,2025-09-22,159.08,100.67,0.11,1,58.41
ORD-006953,East,Furniture,2025-09-10,150.87,116.64,0.08,1,34.23
ORD-006954,East,Groceries,2025-09-21,119.56,80.28,0.14,3,39.28
ORD-006955,East,Groceries,2025-09-19,39.22,25.67,0.11,1,13.55
ORD-006956,East,Furniture,2025-09-18,657.84,453.83,0.1,3,204.01
ORD-006957,East,Electronics,2025-09-04,853.99,516.94,0.27,4,337.05
ORD-006958,East,Furniture,2025-09-25,616.19,385.01,0.25,3,231.18
ORD-006959,East,Electronics,2025-09-03,213.29,122.37,0.23,1,90.92
ORD-006960,East,Clothing,2025-09-18,252.26,160.26,0.27,5,92.0
ORD-006961,East,Groceries,2025-09-20,57.44,42.65,0.17,2,14.79
ORD-006962,East,Electronics,2025-09-23,1028.03,730.5,0.09,5,297.53
ORD-006963,East,Electronics,2025-09-04,919.13,602.88,0.26,4,316.25
ORD-006964,East,Groceries,2025-09-07,42.73,33.78,0.09,1,8.95
ORD-006965,East,Furniture,2025-09-13,480.16,374.52,0.04,2,105.64
ORD-006966,East,Furniture,2025-09-27,961.97,709.84,0.33,4,252.13
ORD-006967,East,Electronics,2025-09-03,235.04,133.81,0.12,1,101.23
ORD-006968,East,Electronics,2025-09-12,1091.7,659.63,0.17,5,432.07
ORD-006969,East,Electronics,2025-09-20,1212.19,701.81,0.33,5,510.38
ORD-006970,East,Clothing,2025-09-19,145.71,85.05,0.1,2,60.66
ORD-006971,East,Furniture,2025-09-24,1067.95,763.48,0.13,5,304.47
ORD-006972,East,Clothing,2025-09-20,301.06,176.17,0.05,4,124.89
ORD-006973,East,Furniture,2025-09-22,826.55,594.8,0.11,5,231.75
ORD-006974,East,Electronics,2025-09-21,579.6,397.57,0.24,3,182.03
ORD-006975,East,Clothing,2025-09-05,264.2,151.99,0.26,4,112.21
ORD-006976,East,Furniture,2025-09-02,559.54,413.24,0.09,3,146.3
ORD-006977,East,Clothing,2025-09-24,334.95,202.92,0.31,5,132.03
ORD-006978,East,Electronics,2025-09-08,659.68,427.94,0.28,3,231.74
ORD-006979,West,Furniture,2025-09-13,644.35,459.09,0.05,3,185.26
ORD-006980,West,Groceries,2025-09-03,31.94,25.22,0.04,1,6.72
ORD-006981,West,Furniture,2025-09-26,754.68,491.74,0.09,4,262.94
ORD-006982,West,Furniture,2025-09-14,665.31,425.11,0.28,3,240.2
ORD-006983,West,Furniture,2025-09-23,766.04,546.88,0.18,5,219.16
ORD-006984,West,Electronics,2025-09-18,371.82,224.01,0.2,2,147.81
ORD-006985,West,Groceries,2025-09-12,30.4,24.07,0.0,1,6.33
ORD-006986,West,Clothing,2025-09-07,123.03,72.03,0.01,2,51.0
ORD-006987,West,Groceries,2025-09-16,32.48,25.16,0.17,1,7.32
ORD-006988,West,Electronics,2025-09-19,388.41,230.1,0.3,2,158.31
ORD-006989,West,Clothing,2025-09-03,112.95,66.19,0.28,2,46.76
ORD-006990,West,Clothing,2025-09-01,179.75,103.02,0.17,3,76.73
ORD-006991,West,Groceries,2025-09-24,37.18,27.7,0.03,1,9.48
ORD-006992,West,Clothing,2025-09-03,67.69,37.84,0.32,1,29.85
ORD-006993,West,Clothing,2025-09-03,261.09,165.95,0.21,4,95.14
ORD-006994,West,Electronics,2025-09-09,409.13,268.88,0.21,2,140.25
ORD-006995,West,Electronics,2025-09-09,222.94,153.61,0.04,1,69.33
ORD-006996,West,Clothing,2025-09-28,144.1,90.51,0.3,2,53.59
ORD-006997,West,Clothing,2025-09-01,243.23,130.74,0.01,4,112.49
ORD-006998,West,Clothing,2025-09-08,201.35,124.55,0.18,3,76.8
ORD-006999,West,Electronics,2025-09-09,855.41,597.98,0.11,4,257.43
ORD-007000,West,Electronics,2025-09-01,506.82,331.59,0.35,2,175.23
ORD-007001,West,Electronics,2025-09-02,857.27,518.83,0.12,4,338.44
ORD-007002,West,Groceries,2025-09-17,108.52,88.89,0.09,3,19.63
ORD-007003,West,Electronics,2025-09-07,929.83,577.61,0.29,4,352.22
ORD-007004,West,Groceries,2025-09-20,162.78,117.45,0.11,5,45.33
ORD-007005,West,Electronics,2025-09-15,198.08,113.83,0.33,1,84.25
ORD-007006,West,Electronics,2025-09-21,239.09,152.95,0.24,1,86.14
ORD-007007,West,Electronics,2025-09-03,540.17,351.89,0.11,3,188.28
ORD-007008,West,Furniture,2025-09-02,748.79,570.61,0.06,4,178.18
ORD-007009,West,Furniture,2025-09-19,971.29,607.83,0.21,5,363.46
ORD-007010,West,Clothing,2025-09-06,57.07,36.78,0.15,1,20.29
ORD-007011,West,Electronics,2025-09-17,220.65,125.87,0.1,1,94.78
ORD-007012,West,Electronics,2025-09-17,207.47,119.21,0.22,1,88.26
ORD-007013,West,Clothing,2025-09-15,343.69,184.55,0.33,5,159.14
ORD-007014,West,Electronics,2025-09-09,1196.97,814.82,0.32,5,382.15
ORD-007015,West,Furniture,2025-09-28,191.71,144.26,0.1,1,47.45
ORD-007016,West,Groceries,2025-09-25,71.87,54.38,0.08,2,17.49
ORD-007017,West,Furniture,2025-09-01,814.49,514.51,0.09,4,299.98
ORD-007018,West,Electronics,2025-09-23,853.27,546.82,0.07,4,306.45
ORD-007019,West,Electronics,2025-09-15,513.94,341.73,0.16,2,172.21
ORD-007020,West,Groceries,2025-09-07,142.29,115.89,0.31,4,26.4
ORD-007021,West,Furniture,2025-09-04,687.72,489.55,0.09,4,198.17
ORD-007022,West,Electronics,2025-09-15,715.4,496.17,0.03,3,219.23
ORD-007023,West,Groceries,2025-09-16,39.5,30.94,0.05,1,8.56
ORD-007024,West,Electronics,2025-09-03,547.07,319.57,0.25,3,227.5
ORD-007025,West,Groceries,2025-09-12,180.98,146.44,0.26,5,34.54
ORD-007026,West,Electronics,2025-09-09,712.16,426.56,0.18,3,285.6
ORD-007027,West,Groceries,2025-09-13,136.93,92.34,0.32,4,44.59
ORD-007028,West,Electronics,2025-09-06,607.93,382.73,0.13,3,225.2
ORD-007029,West,Furniture,2025-09-16,602.46,411.2,0.25,3,191.26
ORD-007030,West,Furniture,2025-09-28,680.68,474.01,0.24,4,206.67
ORD-007031,West,Furniture,2025-09-02,882.68,685.22,0.14,5,197.46
ORD-007032,West,Electronics,2025-09-01,409.91,240.5,0.29,2,169.41
ORD-007033,West,Groceries,2025-09-27,30.23,21.3,0.05,1,8.93
ORD-007034,West,Furniture,2025-09-06,877.82,663.99,0.28,5,213.83
ORD-007035,West,Groceries,2025-09-10,159.64,114.9,0.03,4,44.74
ORD-007036,West,Furniture,2025-09-16,366.69,273.38,0.12,2,93.31
ORD-007037,West,Groceries,2025-09-03,119.45,97.38,0.19,3,22.07
ORD-007038,West,Groceries,2025-09-20,101.98,78.4,0.23,3,23.58
ORD-007039,West,Electronics,2025-09-12,467.57,282.14,0.35,2,185.43
ORD-007040,West,Groceries,2025-09-20,215.85,155.27,0.01,5,60.58
ORD-007041,West,Electronics,2025-09-22,1072.54,677.72,0.03,5,394.82
ORD-007042,West,Groceries,2025-09-08,141.93,100.42,0.12,4,41.51
ORD-007043,West,Furniture,2025-09-18,1130.62,705.11,0.34,5,425.51
ORD-007044,West,Clothing,2025-09-25,64.33,42.27,0.25,1,22.06
ORD-007045,West,Furniture,2025-09-01,181.13,136.68,0.13,1,44.45
ORD-007046,West,Clothing,2025-09-21,325.56,187.99,0.32,5,137.57
ORD-007047,West,Electronics,2025-09-24,248.71,147.81,0.12,1,100.9
ORD-007048,West,Clothing,2025-09-18,177.71,95.96,0.24,3,81.75
ORD-007049,West,Electronics,2025-09-06,664.35,377.74,0.15,4,286.61
ORD-007050,West,Furniture,2025-09-17,171.03,117.86,0.13,1,53.17
ORD-007051,West,Furniture,2025-09-02,330.23,238.22,0.04,2,92.01
ORD-007052,West,Groceries,2025-09-28,241.24,185.89,0.22,5,55.35
ORD-007053,West,Electronics,2025-09-11,727.37,420.27,0.2,4,307.1
ORD-007054,West,Furniture,2025-09-05,839.29,644.55,0.04,5,194.74
ORD-007055,West,Electronics,2025-09-08,440.31,285.09,0.18,2,155.22
ORD-007056,West,Clothing,2025-09-28,131.3,84.0,0.13,2,47.3
ORD-007057,West,Electronics,2025-09-08,430.49,300.21,0.17,2,130.28
ORD-007058,West,Clothing,2025-09-01,175.9,115.75,0.29,3,60.15
ORD-007059,West,Furniture,2025-09-06,521.2,405.39,0.0,3,115.81
ORD-007060,West,Electronics,2025-09-20,462.18,266.28,0.27,2,195.9
ORD-007061,West,Electronics,2025-09-20,555.44,384.39,0.25,2,171.05
ORD-007062,West,Groceries,2025-09-15,141.34,105.34,0.18,4,36.0
ORD-007063,West,Electronics,2025-09-23,214.87,139.88,0.23,1,74.99
ORD-007064,West,Clothing,2025-09-17,280.92,167.85,0.21,4,113.07
ORD-007065,West,Furniture,2025-09-22,173.66,121.55,0.05,1,52.11
ORD-007066,West,Furniture,2025-09-24,783.02,514.76,0.33,4,268.26
ORD-007067,West,Electronics,2025-09-26,940.97,598.69,0.33,4,342.28
ORD-007068,West,Furniture,2025-09-11,800.2,504.49,0.08,5,295.71
ORD-007069,West,Electronics,2025-09-18,1253.02,861.83,0.31,5,391.19
ORD-007070,West,Groceries,2025-09-20,129.47,90.32,0.25,4,39.15
ORD-007071,West,Electronics,2025-09-04,898.58,635.91,0.16,4,262.67
ORD-007072,West,Groceries,2025-09-14,126.5,89.3,0.33,4,37.2
ORD-007073,West,Electronics,2025-09-20,582.26,396.03,0.29,3,186.23
ORD-007074,West,Electronics,2025-09-13,451.18,278.08,0.0,2,173.1
ORD-007075,West,Clothing,2025-09-27,53.86,34.44,0.18,1,19.42
ORD-007076,West,Electronics,2025-09-21,243.5,153.22,0.32,1,90.28
ORD-007077,West,Furniture,2025-09-09,736.07,538.25,0.08,4,197.82
ORD-007078,West,Clothing,2025-09-11,197.99,128.9,0.08,3,69.09
ORD-007079,West,Clothing,2025-09-05,59.07,34.5,0.11,1,24.57
ORD-007080,West,Groceries,2025-09-23,101.69,68.38,0.25,3,33.31
ORD-007081,West,Clothing,2025-09-03,284.49,183.72,0.32,5,100.77
ORD-007082,West,Groceries,2025-09-04,142.44,116.54,0.24,4,25.9
ORD-007083,West,Electronics,2025-09-12,1026.18,573.28,0.32,4,452.9
ORD-007084,West,Groceries,2025-09-26,175.6,133.42,0.17,5,42.18
ORD-007085,West,Furniture,2025-09-12,828.99,618.8,0.3,5,210.19
ORD-007086,West,Electronics,2025-09-12,499.14,329.48,0.31,2,169.66
ORD-007087,West,Electronics,2025-09-03,860.13,547.5,0.19,4,312.63
ORD-007088,West,Groceries,2025-09-21,62.97,42.91,0.22,2,20.06
ORD-007089,West,Furniture,2025-09-18,569.22,350.91,0.12,3,218.31
ORD-007090,West,Furniture,2025-09-15,216.92,165.89,0.12,1,51.03
ORD-007091,West,Furniture,2025-09-19,160.94,108.84,0.05,1,52.1
ORD-007092,West,Electronics,2025-09-05,1590.6,1036.38,0.19,5,554.22
ORD-007093,West,Electronics,2025-09-20,206.81,144.56,0.2,1,62.25
ORD-007094,West,Furniture,2025-09-09,176.83,121.03,0.33,1,55.8
ORD-007095,West,Electronics,2025-09-13,608.81,391.11,0.2,3,217.7
ORD-007096,West,Groceries,2025-09-11,35.11,28.6,0.01,1,6.51
ORD-007097,West,Clothing,2025-09-04,295.01,169.17,0.3,5,125.84
ORD-007098,West,Electronics,2025-09-08,1145.54,656.05,0.03,5,489.49
ORD-007099,West,Groceries,2025-09-20,32.76,22.63,0.02,1,10.13
ORD-007100,West,Furniture,2025-09-09,581.44,377.64,0.14,3,203.8
ORD-007101,West,Clothing,2025-09-09,311.16,195.19,0.01,5,115.97
ORD-007102,West,Groceries,2025-09-11,140.76,108.91,0.26,5,31.85
ORD-007103,West,Electronics,2025-09-10,687.73,455.11,0.19,3,232.62
ORD-007104,West,Furniture,2025-09-18,772.39,481.74,0.12,4,290.65
ORD-007105,West,Furniture,2025-09-21,660.69,472.35,0.21,3,188.34
ORD-007106,West,Furniture,2025-09-24,825.79,624.19,0.31,4,201.6
ORD-007107,West,Groceries,2025-09-06,68.3,50.83,0.17,2,17.47
ORD-007108,West,Groceries,2025-09-10,36.39,25.38,0.05,1,11.01
ORD-007109,West,Furniture,2025-09-04,164.78,113.48,0.21,1,51.3
ORD-007110,West,Clothing,2025-09-03,150.42,81.17,0.23,3,69.25
ORD-007111,West,Groceries,2025-09-25,106.89,74.6,0.29,3,32.29
ORD-007112,West,Clothing,2025-09-23,248.64,162.72,0.33,4,85.92
ORD-007113,West,Clothing,2025-09-27,209.93,115.5,0.23,4,94.43
ORD-007114,West,Clothing,2025-09-14,59.64,36.53,0.06,1,23.11
ORD-007115,West,Clothing,2025-09-26,194.55,124.69,0.07,3,69.86
ORD-007116,West,Furniture,2025-09-27,393.43,246.78,0.34,2,146.65
ORD-007117,West,Electronics,2025-09-10,240.04,134.19,0.07,1,105.85
ORD-007118,West,Groceries,2025-09-15,135.21,104.21,0.11,4,31.0
ORD-007119,West,Furniture,2025-09-28,376.26,265.71,0.18,2,110.55
ORD-007120,West,Groceries,2025-09-17,196.65,142.22,0.06,5,54.43
ORD-007121,West,Groceries,2025-09-19,67.33,47.99,0.32,2,19.34
ORD-007122,West,Furniture,2025-09-22,202.92,155.57,0.13,1,47.35
ORD-007123,West,Clothing,2025-09-10,110.04,57.62,0.2,2,52.42
ORD-007124,West,Furniture,2025-09-25,167.75,105.15,0.3,1,62.6
ORD-007125,West,Furniture,2025-09-10,724.54,556.74,0.22,5,167.8
ORD-007126,West,Clothing,2025-09-26,103.53,60.83,0.06,2,42.7
ORD-007127,West,Clothing,2025-09-19,171.53,111.91,0.12,3,59.62
ORD-007128,West,Furniture,2025-09-15,176.0,112.81,0.13,1,63.19
ORD-007129,North,Groceries,2025-09-13,136.67,111.56,0.23,4,25.11
ORD-007130,North,Electronics,2025-09-05,1137.26,716.92,0.0,5,420.34
ORD-007131,North,Furniture,2025-09-27,138.62,98.0,0.07,1,40.62
ORD-007132,North,Electronics,2025-09-28,1081.83,649.99,0.26,5,431.84
ORD-007133,North,Electronics,2025-09-11,523.86,365.07,0.26,3,158.79
ORD-007134,North,Furniture,2025-09-12,331.8,214.09,0.03,2,117.71
ORD-007135,North,Groceries,2025-09-24,53.26,36.38,0.25,2,16.88
ORD-007136,North,Electronics,2025-09-18,1215.8,795.63,0.15,5,420.17
ORD-007137,North,Clothing,2025-09-27,104.75,61.04,0.35,2,43.71
ORD-007138,North,Furniture,2025-09-04,1046.76,702.53,0.06,5,344.23
ORD-007139,North,Clothing,2025-09-01,63.88,41.48,0.04,1,22.4
ORD-007140,North,Furniture,2025-09-27,286.54,192.4,0.01,2,94.14
ORD-007141,North,Clothing,2025-09-12,111.74,69.53,0.21,2,42.21
ORD-007142,North,Groceries,2025-09-04,143.19,111.6,0.24,4,31.59
ORD-007143,North,Clothing,2025-09-04,128.19,78.72,0.27,2,49.47
ORD-007144,North,Groceries,2025-09-16,130.62,87.21,0.0,4,43.41
ORD-007145,North,Electronics,2025-09-07,244.65,147.14,0.24,1,97.51
ORD-007146,North,Groceries,2025-09-22,96.81,79.91,0.27,3,16.9
ORD-007147,North,Clothing,2025-09-06,214.29,114.05,0.08,3,100.24
ORD-007148,North,Electronics,2025-09-20,1149.5,721.45,0.23,5,428.05
ORD-007149,North,Electronics,2025-09-11,527.38,367.96,0.3,2,159.42
ORD-007150,North,Clothing,2025-09-08,335.07,198.65,0.32,5,136.42
ORD-007151,North,Electronics,2025-09-06,1173.07,762.21,0.14,5,410.86
ORD-007152,North,Groceries,2025-09-17,115.48,82.48,0.16,3,33.0
ORD-007153,North,Electronics,2025-09-11,413.8,233.01,0.09,2,180.79
ORD-007154,North,Furniture,2025-09-07,312.62,215.32,0.05,2,97.3
ORD-007155,North,Electronics,2025-09-27,733.55,500.55,0.06,4,233.0
ORD-007156,North,Furniture,2025-09-03,336.89,253.51,0.31,2,83.38
ORD-007157,North,Furniture,2025-09-09,778.36,560.9,0.16,5,217.46
ORD-007158,North,Furniture,2025-09-14,187.29,131.15,0.02,1,56.14
ORD-007159,North,Furniture,2025-09-14,394.18,262.95,0.22,2,131.23
ORD-007160,North,Furniture,2025-09-03,921.33,623.24,0.19,4,298.09
ORD-007161,North,Furniture,2025-09-10,753.22,509.86,0.02,4,243.36
ORD-007162,North,Groceries,2025-09-16,35.81,24.39,0.32,1,11.42
ORD-007163,North,Furniture,2025-09-12,496.7,329.68,0.33,3,167.02
ORD-007164,North,Electronics,2025-09-24,378.57,240.1,0.31,2,138.47
ORD-007165,North,Electronics,2025-09-18,857.44,526.87,0.16,5,330.57
ORD-007166,North,Furniture,2025-09-18,364.01,246.53,0.09,2,117.48
ORD-007167,North,Clothing,2025-09-03,193.79,128.65,0.35,3,65.14
ORD-007168,North,Furniture,2025-09-07,198.24,137.78,0.01,1,60.46
ORD-007169,North,Groceries,2025-09-10,35.77,26.49,0.31,1,9.28
ORD-007170,North,Clothing,2025-09-06,203.2,131.84,0.25,3,71.36
ORD-007171,North,Electronics,2025-09-16,704.75,414.62,0.19,3,290.13
ORD-007172,North,Clothing,2025-09-18,53.55,30.11,0.19,1,23.44
ORD-007173,North,Electronics,2025-09-10,416.37,233.21,0.18,2,183.16
ORD-007174,North,Groceries,2025-09-12,73.4,50.91,0.18,2,22.49
ORD-007175,North,Furniture,2025-09-25,551.71,375.04,0.14,3,176.67
ORD-007176,North,Furniture,2025-09-08,863.16,570.08,0.18,5,293.08
ORD-007177,North,Furniture,2025-09-24,359.51,275.31,0.19,2,84.2
ORD-007178,North,Clothing,2025-09-18,152.84,94.48,0.0,3,58.36
ORD-007179,North,Furniture,2025-09-27,550.63,414.53,0.3,4,136.1
ORD-007180,North,Electronics,2025-09-25,438.37,246.33,0.24,2,192.04
ORD-007181,North,Groceries,2025-09-13,182.17,138.22,0.26,5,43.95
ORD-007182,North,Clothing,2025-09-10,251.21,151.13,0.07,3,100.08
ORD-007183,North,Groceries,2025-09-03,59.56,47.81,0.19,2,11.75
ORD-007184,North,Clothing,2025-09-07,201.02,125.72,0.31,3,75.3
ORD-007185,North,Clothing,2025-09-07,233.45,150.35,0.19,4,83.1
ORD-007186,North,Electronics,2025-09-14,219.52,126.07,0.32,1,93.45
ORD-007187,North,Furniture,2025-09-07,726.36,567.88,0.31,4,158.48
ORD-007188,North,Clothing,2025-09-27,130.02,84.42,0.13,2,45.6
ORD-007189,North,Electronics,2025-09-01,204.24,138.64,0.31,1,65.6
ORD-007190,North,Electronics,2025-09-24,220.59,124.87,0.26,1,95.72
ORD-007191,North,Electronics,2025-09-08,1134.83,793.17,0.04,5,341.66
ORD-007192,North,Furniture,2025-09-17,462.21,354.8,0.16,2,107.41
ORD-007193,North,Groceries,2025-09-18,150.48,113.21,0.11,5,37.27
ORD-007194,North,Clothing,2025-09-08,176.43,116.28,0.32,3,60.15
ORD-007195,North,Furniture,2025-09-22,420.37,263.6,0.21,2,156.77
ORD-007196,North,Electronics,2025-09-23,462.43,314.58,0.07,3,147.85
ORD-007197,North,Furniture,2025-09-23,754.02,580.44,0.08,5,173.58
ORD-007198,North,Furniture,2025-09-21,318.43,227.83,0.18,2,90.6
ORD-007199,North,Furniture,2025-09-19,164.65,109.13,0.06,1,55.52
ORD-007200,North,Groceries,2025-09-12,109.33,71.88,0.26,3,37.45
ORD-007201,North,Furniture,2025-09-06,181.81,140.13,0.31,1,41.68
ORD-007202,North,Furniture,2025-09-11,190.06,128.51,0.21,1,61.55
ORD-007203,North,Electronics,2025-09-13,187.74,126.04,0.03,1,61.7
ORD-007204,North,Groceries,2025-09-13,76.95,62.89,0.06,2,14.06
ORD-007205,North,Groceries,2025-09-23,90.49,65.04,0.04,2,25.45
ORD-007206,North,Electronics,2025-09-23,226.6,137.19,0.35,1,89.41
ORD-007207,North,Furniture,2025-09-07,897.46,590.68,0.19,5,306.78
ORD-007208,North,Electronics,2025-09-13,181.02,122.7,0.13,1,58.32
ORD-007209,North,Electronics,2025-09-28,730.18,470.13,0.33,3,260.05
ORD-007210,North,Electronics,2025-09-17,492.93,318.58,0.11,2,174.35
ORD-007211,North,Clothing,2025-09-04,128.48,80.69,0.02,2,47.79
ORD-007212,North,Electronics,2025-09-11,678.12,427.76,0.26,3,250.36
ORD-007213,North,Furniture,2025-09-20,470.1,312.93,0.34,3,157.17
ORD-007214,North,Furniture,2025-09-07,431.81,294.46,0.17,3,137.35
ORD-007215,North,Electronics,2025-09-19,922.06,601.68,0.27,5,320.38
ORD-007216,North,Clothing,2025-09-03,106.74,68.76,0.32,2,37.98
ORD-007217,North,Electronics,2025-09-11,402.14,276.47,0.32,2,125.67
ORD-007218,North,Clothing,2025-09-05,60.83,39.33,0.12,1,21.5
ORD-007219,North,Furniture,2025-09-05,655.29,497.93,0.03,4,157.36
ORD-007220,North,Clothing,2025-09-03,310.03,188.02,0.0,5,122.01
ORD-007221,North,Clothing,2025-09-09,89.46,59.35,0.15,2,30.11
ORD-007222,North,Electronics,2025-09-24,424.14,246.44,0.31,2,177.7
ORD-007223,North,Electronics,2025-09-17,1094.4,731.53,0.23,5,362.87
ORD-007224,North,Furniture,2025-09-16,788.5,485.5,0.28,5,303.0
ORD-007225,North,Groceries,2025-09-22,80.02,58.65,0.2,2,21.37
ORD-007226,North,Clothing,2025-09-01,283.49,157.22,0.13,5,126.27
ORD-007227,North,Clothing,2025-09-11,110.14,73.01,0.32,2,37.13
ORD-007228,South,Groceries,2025-09-12,51.61,39.64,0.34,2,11.97
ORD-007229,South,Furniture,2025-09-13,212.32,157.0,0.04,1,55.32
ORD-007230,South,Furniture,2025-09-17,177.65,137.16,0.21,1,40.49
ORD-007231,South,Groceries,2025-09-11,77.26,55.28,0.19,2,21.98
ORD-007232,South,Groceries,2025-09-18,32.4,23.69,0.35,1,8.71
ORD-007233,South,Electronics,2025-09-06,219.83,146.56,0.14,1,73.27
ORD-007234,South,Electronics,2025-09-15,672.92,381.34,0.12,3,291.58
ORD-007235,South,Electronics,2025-09-13,444.65,251.36,0.17,2,193.29
ORD-007236,South,Furniture,2025-09-01,597.87,375.02,0.33,3,222.85
ORD-007237,South,Clothing,2025-09-09,127.52,73.97,0.09,2,53.55
ORD-007238,South,Furniture,2025-09-18,595.14,431.18,0.32,3,163.96
ORD-007239,South,Groceries,2025-09-06,181.75,121.26,0.33,5,60.49
ORD-007240,South,Electronics,2025-09-08,466.46,273.42,0.29,2,193.04
ORD-007241,South,Electronics,2025-09-13,417.47,274.06,0.21,2,143.41
ORD-007242,South,Groceries,2025-09-01,97.0,65.04,0.06,3,31.96
ORD-007243,South,Electronics,2025-09-18,226.38,149.63,0.26,1,76.75
ORD-007244,South,Furniture,2025-09-16,535.85,396.5,0.15,3,139.35
ORD-007245,South,Groceries,2025-09-15,124.25,88.53,0.13,4,35.72
ORD-007246,South,Furniture,2025-09-18,540.97,405.04,0.02,3,135.93
ORD-007247,South,Groceries,2025-09-26,87.34,58.18,0.2,3,29.16
ORD-007248,South,Electronics,2025-09-07,655.32,428.02,0.07,3,227.3
ORD-007249,South,Groceries,2025-09-06,135.79,91.96,0.33,4,43.83
ORD-007250,South,Groceries,2025-09-01,93.11,61.57,0.03,3,31.54
ORD-007251,South,Electronics,2025-09-24,1191.66,767.83,0.01,5,423.83
ORD-007252,South,Groceries,2025-09-28,173.28,132.76,0.24,4,40.52
ORD-007253,South,Groceries,2025-09-14,88.43,63.04,0.22,2,25.39
ORD-007254,South,Furniture,2025-09-03,378.12,286.96,0.17,2,91.16
ORD-007255,South,Furniture,2025-09-14,517.14,325.51,0.15,3,191.63
ORD-007256,South,Furniture,2025-09-28,663.37,441.18,0.17,4,222.19
ORD-007257,South,Groceries,2025-09-13,132.52,98.64,0.1,4,33.88
ORD-007258,South,Furniture,2025-09-20,532.65,381.18,0.01,3,151.47
ORD-007259,South,Clothing,2025-09-28,324.94,207.44,0.19,5,117.5
ORD-007260,South,Clothing,2025-09-09,150.3,83.15,0.06,3,67.15
ORD-007261,South,Electronics,2025-09-16,832.58,548.4,0.06,3,284.18
ORD-007262,South,Clothing,2025-09-05,182.15,102.35,0.15,3,79.8
ORD-007263,South,Furniture,2025-09-11,826.29,645.85,0.18,5,180.44
ORD-007264,South,Furniture,2025-09-09,438.6,326.05,0.21,2,112.55
ORD-007265,South,Furniture,2025-09-27,528.03,385.05,0.14,3,142.98
ORD-007266,South,Electronics,2025-09-03,471.2,273.72,0.3,2,197.48
ORD-007267,South,Electronics,2025-09-10,1182.94,700.45,0.0,5,482.49
ORD-007268,South,Furniture,2025-09-15,374.61,258.43,0.23,2,116.18
ORD-007269,South,Groceries,2025-09-11,130.07,85.75,0.17,4,44.32
ORD-007270,South,Furniture,2025-09-14,902.22,573.45,0.1,4,328.77
ORD-007271,South,Electronics,2025-09-11,1028.25,609.01,0.22,5,419.24
ORD-007272,South,Furniture,2025-09-02,1112.73,786.95,0.21,5,325.78
ORD-007273,South,Clothing,2025-09-07,230.91,136.48,0.3,4,94.43
ORD-007274,South,Clothing,2025-09-04,231.86,132.97,0.33,3,98.89
ORD-007275,South,Electronics,2025-09-14,405.45,230.24,0.25,2,175.21
ORD-007276,South,Electronics,2025-09-05,1146.58,810.54,0.34,5,336.04
ORD-007277,South,Furniture,2025-09-15,742.87,507.43,0.34,4,235.44
ORD-007278,South,Clothing,2025-09-20,177.74,112.45,0.34,3,65.29
ORD-007279,South,Groceries,2025-09-17,108.55,89.18,0.19,3,19.37
ORD-007280,South,Electronics,2025-09-03,575.55,395.67,0.33,3,179.88
ORD-007281,South,Groceries,2025-09-17,63.5,42.86,0.03,2,20.64
ORD-007282,South,Electronics,2025-09-22,924.63,636.31,0.33,4,288.32
ORD-007283,South,Furniture,2025-09-22,315.55,234.24,0.26,2,81.31
ORD-007284,South,Furniture,2025-09-02,706.67,538.82,0.21,4,167.85
ORD-007285,South,Furniture,2025-09-27,428.05,285.84,0.27,2,142.21
ORD-007286,South,Furniture,2025-09-13,743.96,509.7,0.11,5,234.26
ORD-007287,South,Electronics,2025-09-25,842.26,581.12,0.22,4,261.14
ORD-007288,South,Electronics,2025-09-11,915.34,615.71,0.19,4,299.63
ORD-007289,South,Clothing,2025-09-22,293.87,190.98,0.16,5,102.89
ORD-007290,South,Clothing,2025-09-07,369.32,232.14,0.12,5,137.18
ORD-007291,South,Groceries,2025-09-19,37.58,26.92,0.32,1,10.66
ORD-007292,South,Groceries,2025-09-08,106.58,86.46,0.04,3,20.12
ORD-007293,South,Electronics,2025-09-27,565.64,399.05,0.13,3,166.59
ORD-007294,South,Furniture,2025-09-13,1051.51,807.57,0.24,5,243.94
ORD-007295,South,Groceries,2025-09-10,62.9,48.77,0.05,2,14.13
ORD-007296,South,Furniture,2025-09-07,660.15,508.33,0.34,3,151.82
ORD-007297,South,Electronics,2025-09-04,631.12,435.09,0.21,3,196.03
ORD-007298,South,Furniture,2025-09-17,773.46,509.62,0.04,4,263.84
ORD-007299,South,Clothing,2025-09-28,109.21,71.13,0.31,2,38.08
ORD-007300,South,Electronics,2025-09-20,797.27,457.4,0.23,3,339.87
ORD-007301,South,Electronics,2025-09-24,554.57,341.55,0.24,3,213.02
ORD-007302,South,Furniture,2025-09-04,726.56,554.07,0.35,5,172.49
ORD-007303,South,Clothing,2025-09-01,191.31,106.19,0.06,3,85.12
ORD-007304,South,Electronics,2025-09-18,200.08,127.71,0.18,1,72.37
ORD-007305,South,Clothing,2025-09-17,307.57,167.47,0.01,5,140.1
ORD-007306,South,Furniture,2025-09-12,339.24,232.42,0.04,2,106.82
ORD-007307,South,Electronics,2025-09-19,433.45,282.83,0.05,2,150.62
ORD-007308,South,Clothing,2025-09-11,202.25,119.23,0.16,3,83.02
ORD-007309,South,Clothing,2025-09-04,266.68,143.11,0.35,4,123.57
ORD-007310,South,Groceries,2025-09-20,45.14,29.94,0.29,1,15.2
ORD-007311,South,Electronics,2025-09-08,239.24,143.04,0.3,1,96.2
ORD-007312,South,Clothing,2025-09-24,128.19,73.46,0.23,2,54.73
ORD-007313,South,Groceries,2025-09-21,126.8,104.61,0.24,3,22.19
ORD-007314,South,Groceries,2025-09-08,151.06,122.64,0.01,4,28.42
ORD-007315,South,Furniture,2025-09-15,386.27,244.69,0.18,2,141.58
ORD-007316,South,Furniture,2025-09-12,1083.89,762.76,0.14,5,321.13
ORD-007317,East,Electronics,2025-10-09,408.75,287.24,0.31,2,121.51
ORD-007318,East,Clothing,2025-10-09,198.5,120.06,0.19,4,78.44
ORD-007319,East,Electronics,2025-10-04,1080.62,710.33,0.05,5,370.29
ORD-007320,East,Groceries,2025-10-12,108.16,88.25,0.03,3,19.91
ORD-007321,East,Groceries,2025-10-21,117.16,79.73,0.29,4,37.43
ORD-007322,East,Electronics,2025-10-04,716.62,408.47,0.19,3,308.15
ORD-007323,East,Furniture,2025-10-01,903.34,557.23,0.34,5,346.11
ORD-007324,East,Electronics,2025-10-20,210.48,142.64,0.12,1,67.84
ORD-007325,East,Electronics,2025-10-15,1058.02,714.24,0.02,5,343.78
ORD-007326,East,Clothing,2025-10-04,126.22,76.05,0.04,2,50.17
ORD-007327,East,Groceries,2025-10-18,161.98,106.45,0.27,5,55.53
ORD-007328,East,Groceries,2025-10-03,35.59,27.18,0.15,1,8.41
ORD-007329,East,Furniture,2025-10-12,894.5,575.51,0.14,5,318.99
ORD-007330,East,Electronics,2025-10-01,778.53,441.03,0.02,3,337.5
ORD-007331,East,Groceries,2025-10-28,167.79,112.94,0.22,5,54.85
ORD-007332,East,Clothing,2025-10-22,208.61,120.71,0.1,3,87.9
ORD-007333,East,Clothing,2025-10-10,60.7,37.2,0.3,1,23.5
ORD-007334,East,Groceries,2025-10-20,68.78,55.57,0.07,2,13.21
ORD-007335,East,Electronics,2025-10-13,690.25,401.14,0.1,3,289.11
ORD-007336,East,Electronics,2025-10-18,581.57,371.36,0.16,3,210.21
ORD-007337,East,Groceries,2025-10-12,127.92,96.19,0.25,4,31.73
ORD-007338,East,Clothing,2025-10-02,287.57,168.93,0.32,4,118.64
ORD-007339,East,Furniture,2025-10-14,635.55,439.69,0.17,3,195.86
ORD-007340,East,Groceries,2025-10-25,155.89,125.36,0.3,5,30.53
ORD-007341,East,Groceries,2025-10-11,93.69,76.63,0.2,3,17.06
ORD-007342,East,Furniture,2025-10-12,764.39,494.33,0.1,5,270.06
ORD-007343,East,Furniture,2025-10-15,170.53,106.58,0.0,1,63.95
ORD-007344,East,Furniture,2025-10-06,924.98,633.85,0.12,5,291.13
ORD-007345,East,Furniture,2025-10-18,398.36,294.0,0.05,2,104.36
ORD-007346,East,Furniture,2025-10-10,817.51,596.14,0.28,5,221.37
ORD-007347,East,Furniture,2025-10-05,417.25,289.32,0.21,2,127.93
ORD-007348,East,Furniture,2025-10-12,610.82,428.24,0.3,3,182.58
ORD-007349,East,Clothing,2025-10-14,248.72,130.47,0.07,5,118.25
ORD-007350,East,Electronics,2025-10-04,1163.57,708.08,0.01,5,455.49
ORD-007351,East,Furniture,2025-10-22,661.3,506.16,0.3,4,155.14
ORD-007352,East,Groceries,2025-10-19,129.97,93.32,0.24,4,36.65
ORD-007353,East,Electronics,2025-10-06,599.96,385.81,0.03,3,214.15
ORD-007354,East,Electronics,2025-10-13,881.85,614.54,0.04,3,267.31
ORD-007355,East,Electronics,2025-10-04,1161.69,744.17,0.26,5,417.52
ORD-007356,East,Furniture,2025-10-03,547.55,365.96,0.25,3,181.59
ORD-007357,East,Furniture,2025-10-27,348.71,269.05,0.08,2,79.66
ORD-007358,East,Furniture,2025-10-01,190.82,123.26,0.08,1,67.56
ORD-007359,East,Furniture,2025-10-22,456.36,343.62,0.26,3,112.74
ORD-007360,East,Groceries,2025-10-01,112.74,81.37,0.17,4,31.37
ORD-007361,East,Furniture,2025-10-01,763.02,524.82,0.27,4,238.2
ORD-007362,East,Groceries,2025-10-05,143.39,108.59,0.13,4,34.8
ORD-007363,East,Electronics,2025-10-11,918.03,540.52,0.02,5,377.51
ORD-007364,East,Electronics,2025-10-15,440.01,283.83,0.31,2,156.18
ORD-007365,East,Electronics,2025-10-06,659.04,467.99,0.18,3,191.05
ORD-007366,East,Clothing,2025-10-25,264.05,170.75,0.1,3,93.3
ORD-007367,East,Furniture,2025-10-27,713.51,529.95,0.32,4,183.56
ORD-007368,East,Clothing,2025-10-20,72.37,41.33,0.09,1,31.04
ORD-007369,East,Clothing,2025-10-28,227.02,125.41,0.29,4,101.61
ORD-007370,East,Electronics,2025-10-17,842.74,595.56,0.21,4,247.18
ORD-007371,East,Clothing,2025-10-11,142.61,79.52,0.01,3,63.09
ORD-007372,East,Groceries,2025-10-02,142.63,103.64,0.02,4,38.99
ORD-007373,East,Electronics,2025-10-03,954.35,626.5,0.2,4,327.85
ORD-007374,East,Furniture,2025-10-24,361.13,262.92,0.21,2,98.21
ORD-007375,East,Clothing,2025-10-07,118.87,67.19,0.26,2,51.68
ORD-007376,East,Furniture,2025-10-27,647.93,438.74,0.05,4,209.19
ORD-007377,East,Clothing,2025-10-14,66.9,40.72,0.03,1,26.18
ORD-007378,East,Clothing,2025-10-24,71.57,40.28,0.25,1,31.29
ORD-007379,East,Clothing,2025-10-26,64.43,42.13,0.31,1,22.3
ORD-007380,East,Electronics,2025-10-21,641.35,381.24,0.22,3,260.11
ORD-007381,East,Electronics,2025-10-03,729.77,514.88,0.01,3,214.89
ORD-007382,East,Electronics,2025-10-03,1101.41,773.07,0.17,5,328.34
ORD-007383,East,Clothing,2025-10-12,410.9,243.08,0.33,5,167.82
ORD-007384,East,Clothing,2025-10-27,69.71,45.27,0.12,1,24.44
ORD-007385,East,Clothing,2025-10-18,49.38,29.37,0.06,1,20.01
ORD-007386,East,Groceries,2025-10-13,72.94,56.51,0.25,2,16.43
ORD-007387,East,Electronics,2025-10-10,374.06,256.36,0.11,2,117.7
ORD-007388,East,Electronics,2025-10-21,259.79,181.04,0.28,1,78.75
ORD-007389,East,Groceries,2025-10-10,133.31,100.42,0.07,4,32.89
ORD-007390,East,Electronics,2025-10-12,196.73,119.61,0.1,1,77.12
ORD-007391,East,Electronics,2025-10-20,199.59,132.85,0.26,1,66.74
ORD-007392,East,Clothing,2025-10-26,112.35,61.04,0.11,2,51.31
ORD-007393,East,Clothing,2025-10-22,230.86,152.71,0.3,3,78.15
ORD-007394,East,Groceries,2025-10-06,104.69,76.14,0.13,3,28.55
ORD-007395,East,Electronics,2025-10-04,509.02,325.88,0.21,2,183.14
ORD-007396,East,Electronics,2025-10-27,254.06,168.21,0.11,1,85.85
ORD-007397,East,Electronics,2025-10-17,734.69,520.07,0.02,3,214.62
ORD-007398,East,Electronics,2025-10-11,638.31,444.37,0.08,3,193.94
ORD-007399,East,Furniture,2025-10-16,733.33,551.43,0.3,4,181.9
ORD-007400,East,Furniture,2025-10-07,896.86,694.43,0.1,4,202.43
ORD-007401,East,Electronics,2025-10-01,237.88,152.83,0.05,1,85.05
ORD-007402,East,Electronics,2025-10-19,468.77,278.52,0.21,2,190.25
ORD-007403,East,Electronics,2025-10-01,217.43,131.08,0.04,1,86.35
ORD-007404,East,Electronics,2025-10-05,989.14,675.54,0.06,5,313.6
ORD-007405,East,Clothing,2025-10-07,298.65,167.54,0.05,5,131.11
ORD-007406,East,Furniture,2025-10-05,419.03,280.6,0.23,2,138.43
ORD-007407,East,Electronics,2025-10-08,188.97,113.46,0.06,1,75.51
ORD-007408,East,Furniture,2025-10-01,166.76,108.36,0.05,1,58.4
ORD-007409,East,Clothing,2025-10-24,161.67,89.89,0.18,3,71.78
ORD-007410,East,Groceries,2025-10-14,163.15,125.58,0.3,5,37.57
ORD-007411,East,Electronics,2025-10-26,1117.8,759.75,0.33,4,358.05
ORD-007412,East,Clothing,2025-10-17,121.61,77.96,0.26,2,43.65
ORD-007413,East,Furniture,2025-10-17,356.79,218.96,0.25,2,137.83
ORD-007414,East,Furniture,2025-10-24,146.62,102.83,0.04,1,43.79
ORD-007415,East,Clothing,2025-10-22,148.81,89.65,0.12,2,59.16
ORD-007416,East,Clothing,2025-10-26,116.86,69.62,0.26,2,47.24
ORD-007417,East,Furniture,2025-10-17,195.7,148.84,0.03,1,46.86
ORD-007418,East,Furniture,2025-10-18,210.05,138.03,0.05,1,72.02
ORD-007419,East,Furniture,2025-10-14,729.73,563.57,0.11,4,166.16
ORD-007420,East,Electronics,2025-10-02,756.59,435.87,0.14,3,320.72
ORD-007421,East,Electronics,2025-10-16,427.47,278.15,0.35,2,149.32
ORD-007422,East,Groceries,2025-10-12,91.18,70.27,0.13,2,20.91
ORD-007423,East,Clothing,2025-10-17,129.85,75.59,0.3,2,54.26
ORD-007424,East,Furniture,2025-10-20,715.12,496.27,0.1,5,218.85
ORD-007425,East,Furniture,2025-10-04,648.2,408.02,0.32,3,240.18
ORD-007426,East,Clothing,2025-10-06,111.22,69.76,0.25,2,41.46
ORD-007427,East,Electronics,2025-10-15,371.53,229.02,0.2,2,142.51
ORD-007428,East,Electronics,2025-10-25,539.57,328.41,0.12,3,211.16
ORD-007429,East,Electronics,2025-10-25,205.05,139.81,0.29,1,65.24
ORD-007430,East,Electronics,2025-10-22,243.96,149.31,0.31,1,94.65
ORD-007431,East,Furniture,2025-10-02,704.78,510.16,0.22,4,194.62
ORD-007432,East,Furniture,2025-10-20,397.79,274.85,0.08,2,122.94
ORD-007433,East,Clothing,2025-10-23,208.53,109.67,0.27,3,98.86
ORD-007434,East,Electronics,2025-10-10,247.24,156.61,0.04,1,90.63
ORD-007435,East,Clothing,2025-10-05,52.5,33.22,0.06,1,19.28
ORD-007436,East,Clothing,2025-10-19,51.61,32.27,0.14,1,19.34
ORD-007437,East,Clothing,2025-10-19,216.05,127.46,0.29,3,88.59
ORD-007438,East,Electronics,2025-10-27,402.5,226.94,0.07,2,175.56
ORD-007439,East,Groceries,2025-10-23,33.3,27.0,0.09,1,6.3
ORD-007440,East,Electronics,2025-10-04,244.51,155.92,0.05,1,88.59
ORD-007441,East,Electronics,2025-10-11,250.57,162.12,0.18,1,88.45
ORD-007442,East,Electronics,2025-10-01,454.1,307.79,0.17,2,146.31
ORD-007443,East,Furniture,2025-10-27,556.27,372.0,0.3,3,184.27
ORD-007444,East,Furniture,2025-10-15,398.86,273.22,0.31,2,125.64
ORD-007445,East,Electronics,2025-10-12,968.69,646.44,0.09,4,322.25
ORD-007446,East,Furniture,2025-10-25,989.46,605.93,0.2,5,383.53
ORD-007447,East,Furniture,2025-10-02,568.22,370.85,0.09,3,197.37
ORD-007448,East,Clothing,2025-10-09,189.54,106.24,0.33,4,83.3
ORD-007449,East,Clothing,2025-10-12,200.93,114.06,0.03,4,86.87
ORD-007450,East,Furniture,2025-10-16,468.46,318.68,0.25,2,149.78
ORD-007451,East,Groceries,2025-10-26,130.55,99.39,0.19,4,31.16
ORD-007452,East,Furniture,2025-10-21,608.45,464.85,0.1,4,143.6
ORD-007453,East,Electronics,2025-10-08,1114.12,726.94,0.12,5,387.18
ORD-007454,East,Clothing,2025-10-17,208.8,118.41,0.12,3,90.39
ORD-007455,East,Electronics,2025-10-13,789.98,466.64,0.34,4,323.34
ORD-007456,East,Electronics,2025-10-23,404.01,282.13,0.18,2,121.88
ORD-007457,East,Clothing,2025-10-02,62.06,39.33,0.04,1,22.73
ORD-007458,East,Clothing,2025-10-09,150.89,92.93,0.03,3,57.96
ORD-007459,East,Clothing,2025-10-26,217.45,121.49,0.0,4,95.96
ORD-007460,West,Clothing,2025-10-26,51.78,28.15,0.01,1,23.63
ORD-007461,West,Electronics,2025-10-15,864.88,511.62,0.27,4,353.26
ORD-007462,West,Furniture,2025-10-25,673.48,510.37,0.14,3,163.11
ORD-007463,West,Furniture,2025-10-06,632.36,453.25,0.34,4,179.11
ORD-007464,West,Clothing,2025-10-12,257.28,158.62,0.07,4,98.66
ORD-007465,West,Electronics,2025-10-03,707.69,436.82,0.33,4,270.87
ORD-007466,West,Furniture,2025-10-20,160.05,121.74,0.06,1,38.31
ORD-007467,West,Electronics,2025-10-05,958.36,557.79,0.23,4,400.57
ORD-007468,West,Furniture,2025-10-27,846.39,622.2,0.24,4,224.19
ORD-007469,West,Electronics,2025-10-03,194.1,135.83,0.03,1,58.27
ORD-007470,West,Furniture,2025-10-23,385.65,296.95,0.33,2,88.7
ORD-007471,West,Electronics,2025-10-18,226.08,141.61,0.31,1,84.47
ORD-007472,West,Electronics,2025-10-27,1320.03,873.71,0.12,5,446.32
ORD-007473,West,Electronics,2025-10-13,748.7,420.1,0.02,3,328.6
ORD-007474,West,Clothing,2025-10-01,274.33,170.11,0.06,4,104.22
ORD-007475,West,Electronics,2025-10-01,202.91,120.33,0.04,1,82.58
ORD-007476,West,Furniture,2025-10-04,684.53,503.13,0.23,4,181.4
ORD-007477,West,Furniture,2025-10-27,946.88,677.23,0.15,5,269.65
ORD-007478,West,Electronics,2025-10-12,706.58,502.81,0.33,3,203.77
ORD-007479,West,Electronics,2025-10-28,218.79,145.21,0.32,1,73.58
ORD-007480,West,Electronics,2025-10-12,190.22,109.21,0.25,1,81.01
ORD-007481,West,Clothing,2025-10-25,104.83,65.05,0.03,2,39.78
ORD-007482,West,Groceries,2025-10-14,28.22,22.61,0.18,1,5.61
ORD-007483,West,Furniture,2025-10-14,195.85,143.74,0.28,1,52.11
ORD-007484,West,Electronics,2025-10-10,247.96,142.15,0.26,1,105.81
ORD-007485,West,Furniture,2025-10-01,728.62,487.91,0.25,4,240.71
ORD-007486,West,Electronics,2025-10-01,1009.74,632.36,0.26,5,377.38
ORD-007487,West,Clothing,2025-10-01,291.83,172.74,0.28,4,119.09
ORD-007488,West,Electronics,2025-10-21,435.78,285.25,0.14,2,150.53
ORD-007489,West,Electronics,2025-10-06,737.37,481.95,0.2,3,255.42
ORD-007490,West,Furniture,2025-10-03,954.95,684.94,0.04,5,270.01
ORD-007491,West,Groceries,2025-10-03,30.9,21.7,0.3,1,9.2
ORD-007492,West,Groceries,2025-10-10,84.98,69.74,0.21,3,15.24
ORD-007493,West,Electronics,2025-10-22,333.64,200.44,0.29,2,133.2
ORD-007494,West,Groceries,2025-10-02,178.02,124.32,0.31,5,53.7
ORD-007495,West,Groceries,2025-10-26,94.43,62.04,0.19,3,32.39
ORD-007496,West,Electronics,2025-10-04,646.96,432.14,0.24,3,214.82
ORD-007497,West,Clothing,2025-10-02,233.12,138.27,0.11,4,94.85
ORD-007498,West,Clothing,2025-10-23,188.71,120.6,0.2,4,68.11
ORD-007499,West,Clothing,2025-10-25,50.14,30.42,0.12,1,19.72
ORD-007500,West,Furniture,2025-10-24,822.3,608.95,0.28,4,213.35
ORD-007501,West,Clothing,2025-10-22,76.82,44.82,0.19,1,32.0
ORD-007502,West,Furniture,2025-10-17,402.36,304.75,0.29,2,97.61
ORD-007503,West,Groceries,2025-10-23,118.67,82.38,0.3,3,36.29
ORD-007504,West,Electronics,2025-10-21,902.24,579.99,0.11,3,322.25
ORD-007505,West,Clothing,2025-10-24,305.62,164.6,0.32,5,141.02
ORD-007506,West,Electronics,2025-10-21,453.67,305.22,0.01,2,148.45
ORD-007507,West,Clothing,2025-10-27,157.16,98.22,0.1,3,58.94
ORD-007508,West,Groceries,2025-10-06,66.65,45.2,0.33,2,21.45
ORD-007509,West,Furniture,2025-10-07,365.24,277.84,0.02,2,87.4
ORD-007510,West,Clothing,2025-10-18,256.75,159.41,0.29,4,97.34
ORD-007511,West,Electronics,2025-10-13,181.24,112.52,0.2,1,68.72
ORD-007512,West,Furniture,2025-10-26,566.64,376.63,0.24,3,190.01
ORD-007513,West,Clothing,2025-10-27,113.53,69.42,0.14,2,44.11
ORD-007514,West,Furniture,2025-10-18,836.77,517.21,0.27,5,319.56
ORD-007515,West,Electronics,2025-10-10,772.83,505.96,0.23,3,266.87
ORD-007516,West,Groceries,2025-10-12,141.34,95.1,0.18,4,46.24
ORD-007517,West,Furniture,2025-10-26,726.48,500.42,0.3,4,226.06
ORD-007518,West,Clothing,2025-10-20,62.48,34.74,0.2,1,27.74
ORD-007519,West,Electronics,2025-10-16,350.41,223.5,0.02,2,126.91
ORD-007520,West,Electronics,2025-10-25,584.96,374.07,0.27,3,210.89
ORD-007521,West,Electronics,2025-10-21,736.38,496.35,0.02,3,240.03
ORD-007522,West,Electronics,2025-10-08,206.85,132.56,0.3,1,74.29
ORD-007523,West,Furniture,2025-10-23,376.18,258.99,0.23,2,117.19
ORD-007524,West,Electronics,2025-10-26,719.94,409.84,0.32,3,310.1
ORD-007525,West,Electronics,2025-10-20,384.77,229.09,0.04,2,155.68
ORD-007526,West,Clothing,2025-10-13,108.64,68.71,0.09,2,39.93
ORD-007527,West,Electronics,2025-10-27,1006.54,663.39,0.12,5,343.15
ORD-007528,West,Groceries,2025-10-07,100.38,70.8,0.26,3,29.58
ORD-007529,West,Electronics,2025-10-09,680.32,448.16,0.05,3,232.16
ORD-007530,West,Clothing,2025-10-11,54.23,28.93,0.34,1,25.3
ORD-007531,West,Clothing,2025-10-03,79.92,42.65,0.19,1,37.27
ORD-007532,West,Clothing,2025-10-02,310.02,178.65,0.08,5,131.37
ORD-007533,West,Electronics,2025-10-05,912.98,577.38,0.28,5,335.6
ORD-007534,West,Electronics,2025-10-09,208.08,130.77,0.03,1,77.31
ORD-007535,West,Electronics,2025-10-28,1034.11,585.81,0.27,5,448.3
ORD-007536,West,Furniture,2025-10-23,651.36,401.57,0.34,3,249.79
ORD-007537,West,Electronics,2025-10-09,219.4,146.77,0.06,1,72.63
ORD-007538,West,Electronics,2025-10-09,593.88,360.68,0.06,3,233.2
ORD-007539,West,Groceries,2025-10-23,76.07,50.71,0.03,2,25.36
ORD-007540,West,Furniture,2025-10-18,910.32,571.55,0.3,5,338.77
ORD-007541,West,Furniture,2025-10-11,538.06,332.99,0.08,3,205.07
ORD-007542,West,Groceries,2025-10-16,44.63,31.27,0.06,1,13.36
ORD-007543,West,Groceries,2025-10-23,66.2,54.24,0.13,2,11.96
ORD-007544,West,Groceries,2025-10-14,51.58,41.79,0.16,2,9.79
ORD-007545,West,Electronics,2025-10-06,216.44,128.25,0.14,1,88.19
ORD-007546,West,Furniture,2025-10-03,518.56,317.57,0.05,3,200.99
ORD-007547,West,Electronics,2025-10-28,812.33,477.96,0.04,4,334.37
ORD-007548,West,Furniture,2025-10-28,323.12,217.21,0.13,2,105.91
ORD-007549,West,Electronics,2025-10-15,702.02,471.04,0.07,3,230.98
ORD-007550,West,Electronics,2025-10-17,389.36,247.29,0.28,2,142.07
ORD-007551,West,Groceries,2025-10-26,140.76,114.13,0.25,4,26.63
ORD-007552,West,Clothing,2025-10-16,61.71,37.23,0.27,1,24.48
ORD-007553,West,Groceries,2025-10-13,123.5,83.83,0.34,3,39.67
ORD-007554,West,Furniture,2025-10-19,1034.66,806.09,0.02,5,228.57
ORD-007555,West,Furniture,2025-10-25,838.92,594.65,0.18,5,244.27
ORD-007556,West,Clothing,2025-10-26,180.57,112.41,0.19,3,68.16
ORD-007557,West,Clothing,2025-10-06,231.45,139.27,0.0,4,92.18
ORD-007558,West,Clothing,2025-10-05,165.36,106.95,0.22,3,58.41
ORD-007559,West,Groceries,2025-10-28,68.66,52.24,0.16,2,16.42
ORD-007560,West,Clothing,2025-10-20,64.0,38.05,0.08,1,25.95
ORD-007561,West,Clothing,2025-10-25,174.82,94.09,0.35,3,80.73
ORD-007562,West,Electronics,2025-10-21,744.3,475.47,0.04,3,268.83
ORD-007563,West,Electronics,2025-10-17,882.79,601.72,0.34,4,281.07
ORD-007564,West,Clothing,2025-10-12,215.44,117.35,0.24,3,98.09
ORD-007565,West,Furniture,2025-10-25,346.85,222.33,0.14,2,124.52
ORD-007566,West,Clothing,2025-10-25,134.28,83.13,0.06,2,51.15
ORD-007567,West,Groceries,2025-10-17,170.12,122.39,0.33,5,47.73
ORD-007568,West,Clothing,2025-10-05,54.4,30.54,0.29,1,23.86
ORD-007569,West,Clothing,2025-10-14,57.1,36.87,0.3,1,20.23
ORD-007570,West,Furniture,2025-10-21,168.3,112.98,0.33,1,55.32
ORD-007571,West,Clothing,2025-10-03,204.01,118.2,0.08,3,85.81
ORD-007572,West,Groceries,2025-10-04,99.98,80.06,0.05,3,19.92
ORD-007573,West,Furniture,2025-10-18,1085.58,739.82,0.19,5,345.76
ORD-007574,West,Groceries,2025-10-25,123.95,93.02,0.23,4,30.93
ORD-007575,West,Electronics,2025-10-08,579.46,360.61,0.32,2,218.85
ORD-007576,West,Electronics,2025-10-02,447.48,311.85,0.15,2,135.63
ORD-007577,West,Clothing,2025-10-24,60.33,37.22,0.26,1,23.11
ORD-007578,West,Furniture,2025-10-27,639.47,444.27,0.03,4,195.2
ORD-007579,West,Groceries,2025-10-15,103.63,80.81,0.24,3,22.82
ORD-007580,West,Electronics,2025-10-08,574.83,407.14,0.14,3,167.69
ORD-007581,West,Electronics,2025-10-10,1110.51,671.38,0.21,5,439.13
ORD-007582,West,Electronics,2025-10-23,179.56,122.0,0.11,1,57.56
ORD-007583,West,Clothing,2025-10-11,176.71,110.41,0.3,3,66.3
ORD-007584,West,Groceries,2025-10-07,101.76,70.83,0.22,3,30.93
ORD-007585,West,Furniture,2025-10-23,803.74,531.51,0.3,5,272.23
ORD-007586,West,Clothing,2025-10-16,243.48,138.37,0.07,4,105.11
ORD-007587,West,Electronics,2025-10-20,982.82,623.88,0.31,5,358.94
ORD-007588,West,Clothing,2025-10-05,206.13,114.02,0.27,4,92.11
ORD-007589,West,Electronics,2025-10-04,712.25,428.38,0.05,3,283.87
ORD-007590,West,Electronics,2025-10-11,756.9,440.24,0.01,4,316.66
ORD-007591,West,Groceries,2025-10-09,196.7,128.44,0.31,5,68.26
ORD-007592,West,Furniture,2025-10-18,227.54,159.45,0.27,1,68.09
ORD-007593,West,Groceries,2025-10-18,71.37,52.42,0.21,2,18.95
ORD-007594,West,Electronics,2025-10-05,1081.44,651.19,0.29,5,430.25
ORD-007595,West,Electronics,2025-10-17,386.31,251.08,0.09,2,135.23
ORD-007596,West,Electronics,2025-10-14,743.45,458.43,0.22,3,285.02
ORD-007597,West,Groceries,2025-10-18,104.29,78.04,0.17,3,26.25
ORD-007598,West,Furniture,2025-10-16,1210.32,902.93,0.14,5,307.39
ORD-007599,West,Electronics,2025-10-19,228.76,155.31,0.09,1,73.45
ORD-007600,West,Clothing,2025-10-28,327.07,195.52,0.11,4,131.55
ORD-007601,West,Clothing,2025-10-10,48.81,26.61,0.02,1,22.2
ORD-007602,West,Electronics,2025-10-08,398.87,231.87,0.01,2,167.0
ORD-007603,West,Groceries,2025-10-11,90.88,60.26,0.32,3,30.62
ORD-007604,West,Furniture,2025-10-03,535.19,360.8,0.12,3,174.39
ORD-007605,West,Furniture,2025-10-15,968.64,616.92,0.26,4,351.72
ORD-007606,West,Electronics,2025-10-20,227.53,142.72,0.2,1,84.81
ORD-007607,West,Clothing,2025-10-23,58.36,37.91,0.33,1,20.45
ORD-007608,West,Groceries,2025-10-09,68.1,52.9,0.09,2,15.2
ORD-007609,North,Electronics,2025-10-22,581.91,404.02,0.23,3,177.89
ORD-007610,North,Electronics,2025-10-15,436.35,302.94,0.19,2,133.41
ORD-007611,North,Furniture,2025-10-09,315.94,196.06,0.34,2,119.88
ORD-007612,North,Clothing,2025-10-24,191.21,105.86,0.1,3,85.35
ORD-007613,North,Electronics,2025-10-07,900.5,617.9,0.19,4,282.6
ORD-007614,North,Furniture,2025-10-14,644.99,442.55,0.1,3,202.44
ORD-007615,North,Groceries,2025-10-20,148.03,114.63,0.19,4,33.4
ORD-007616,North,Electronics,2025-10-02,226.32,154.72,0.29,1,71.6
ORD-007617,North,Clothing,2025-10-01,57.13,33.14,0.1,1,23.99
ORD-007618,North,Furniture,2025-10-02,931.31,663.03,0.09,5,268.28
ORD-007619,North,Clothing,2025-10-22,77.34,51.47,0.23,1,25.87
ORD-007620,North,Clothing,2025-10-18,111.65,64.6,0.15,2,47.05
ORD-007621,North,Electronics,2025-10-17,738.24,450.35,0.18,3,287.89
ORD-007622,North,Clothing,2025-10-23,297.91,155.61,0.3,5,142.3
ORD-007623,North,Groceries,2025-10-25,38.87,25.38,0.33,1,13.49
ORD-007624,North,Electronics,2025-10-05,655.26,412.54,0.26,3,242.72
ORD-007625,North,Clothing,2025-10-01,254.58,164.57,0.3,4,90.01
ORD-007626,North,Electronics,2025-10-10,876.88,591.44,0.22,3,285.44
ORD-007627,North,Furniture,2025-10-09,379.96,283.66,0.17,2,96.3
ORD-007628,North,Electronics,2025-10-14,683.73,443.42,0.26,3,240.31
ORD-007629,North,Electronics,2025-10-10,502.4,307.03,0.06,3,195.37
ORD-007630,North,Furniture,2025-10-12,872.63,590.83,0.07,5,281.8
ORD-007631,North,Electronics,2025-10-08,412.29,270.08,0.22,2,142.21
ORD-007632,North,Groceries,2025-10-08,130.52,88.53,0.08,3,41.99
ORD-007633,North,Furniture,2025-10-20,163.49,108.59,0.14,1,54.9
ORD-007634,North,Groceries,2025-10-22,80.3,57.92,0.12,2,22.38
ORD-007635,North,Clothing,2025-10-03,56.16,29.81,0.22,1,26.35
ORD-007636,North,Furniture,2025-10-02,409.28,263.87,0.28,2,145.41
ORD-007637,North,Groceries,2025-10-09,179.89,145.63,0.3,5,34.26
ORD-007638,North,Clothing,2025-10-10,213.18,141.41,0.17,4,71.77
ORD-007639,North,Furniture,2025-10-22,580.25,359.24,0.34,3,221.01
ORD-007640,North,Furniture,2025-10-06,173.51,122.48,0.21,1,51.03
ORD-007641,North,Electronics,2025-10-16,408.27,255.51,0.34,2,152.76
ORD-007642,North,Electronics,2025-10-25,630.19,369.18,0.05,3,261.01
ORD-007643,North,Groceries,2025-10-01,229.07,162.48,0.23,5,66.59
ORD-007644,North,Furniture,2025-10-01,931.36,710.03,0.31,5,221.33
ORD-007645,North,Groceries,2025-10-10,100.46,66.36,0.3,4,34.1
ORD-007646,North,Clothing,2025-10-18,353.66,208.06,0.17,5,145.6
ORD-007647,North,Furniture,2025-10-14,421.01,266.09,0.07,2,154.92
ORD-007648,North,Groceries,2025-10-28,140.28,112.04,0.04,4,28.24
ORD-007649,North,Electronics,2025-10-03,209.53,141.19,0.02,1,68.34
ORD-007650,North,Groceries,2025-10-19,185.26,147.31,0.29,5,37.95
ORD-007651,North,Furniture,2025-10-03,173.55,122.4,0.26,1,51.15
ORD-007652,North,Electronics,2025-10-25,1101.26,784.89,0.04,5,316.37
ORD-007653,North,Groceries,2025-10-04,107.27,86.16,0.11,3,21.11
ORD-007654,North,Electronics,2025-10-28,1247.85,842.68,0.14,5,405.17
ORD-007655,North,Electronics,2025-10-12,595.79,346.52,0.01,3,249.27
ORD-007656,North,Groceries,2025-10-20,62.87,51.46,0.18,2,11.41
ORD-007657,North,Electronics,2025-10-26,1020.71,572.79,0.12,4,447.92
ORD-007658,North,Furniture,2025-10-04,1031.85,635.78,0.24,5,396.07
ORD-007659,North,Electronics,2025-10-25,568.74,348.75,0.28,3,219.99
ORD-007660,North,Clothing,2025-10-22,120.79,77.2,0.27,2,43.59
ORD-007661,North,Clothing,2025-10-11,64.04,38.68,0.34,1,25.36
ORD-007662,North,Furniture,2025-10-07,304.61,207.89,0.16,2,96.72
ORD-007663,North,Furniture,2025-10-27,350.26,272.07,0.27,2,78.19
ORD-007664,North,Electronics,2025-10-08,641.48,437.62,0.05,3,203.86
ORD-007665,North,Furniture,2025-10-08,726.81,466.26,0.12,4,260.55
ORD-007666,North,Furniture,2025-10-16,459.31,337.92,0.28,3,121.39
ORD-007667,North,Clothing,2025-10-26,128.07,67.67,0.03,2,60.4
ORD-007668,North,Clothing,2025-10-21,287.85,150.4,0.08,5,137.45
ORD-007669,North,Groceries,2025-10-25,60.96,44.81,0.3,2,16.15
ORD-007670,North,Furniture,2025-10-23,152.98,100.43,0.1,1,52.55
ORD-007671,North,Groceries,2025-10-12,34.49,25.47,0.22,1,9.02
ORD-007672,North,Electronics,2025-10-21,771.65,444.89,0.09,3,326.76
ORD-007673,North,Furniture,2025-10-24,838.55,634.22,0.02,5,204.33
ORD-007674,North,Furniture,2025-10-13,600.69,429.98,0.27,3,170.71
ORD-007675,North,Electronics,2025-10-27,688.87,482.14,0.09,3,206.73
ORD-007676,North,Electronics,2025-10-18,1088.81,739.02,0.03,4,349.79
ORD-007677,North,Furniture,2025-10-06,182.79,116.79,0.32,1,66.0
ORD-007678,North,Electronics,2025-10-17,442.91,257.88,0.17,2,185.03
ORD-007679,North,Electronics,2025-10-16,240.57,161.33,0.3,1,79.24
ORD-007680,North,Clothing,2025-10-02,188.5,101.44,0.14,4,87.06
ORD-007681,North,Groceries,2025-10-02,105.08,83.73,0.14,3,21.35
ORD-007682,North,Electronics,2025-10-27,639.71,435.15,0.06,3,204.56
ORD-007683,North,Groceries,2025-10-23,168.11,138.7,0.04,5,29.41
ORD-007684,North,Groceries,2025-10-20,39.74,29.66,0.0,1,10.08
ORD-007685,North,Furniture,2025-10-17,755.16,567.99,0.33,4,187.17
ORD-007686,North,Furniture,2025-10-19,738.89,577.57,0.3,4,161.32
ORD-007687,North,Groceries,2025-10-22,118.51,81.52,0.18,4,36.99
ORD-007688,North,Electronics,2025-10-16,962.3,645.54,0.22,5,316.76
ORD-007689,North,Electronics,2025-10-21,966.14,576.33,0.15,5,389.81
ORD-007690,North,Electronics,2025-10-10,862.42,484.14,0.11,4,378.28
ORD-007691,North,Furniture,2025-10-24,407.74,272.23,0.01,2,135.51
ORD-007692,North,Electronics,2025-10-10,223.07,156.07,0.32,1,67.0
ORD-007693,North,Electronics,2025-10-04,364.36,230.78,0.34,2,133.58
ORD-007694,North,Furniture,2025-10-27,740.17,508.85,0.05,5,231.32
ORD-007695,North,Electronics,2025-10-11,672.63,475.59,0.06,3,197.04
ORD-007696,North,Electronics,2025-10-24,643.0,433.66,0.12,3,209.34
ORD-007697,North,Electronics,2025-10-08,970.97,599.87,0.03,4,371.1
ORD-007698,North,Furniture,2025-10-23,331.57,253.47,0.04,2,78.1
ORD-007699,North,Clothing,2025-10-07,142.72,74.71,0.15,2,68.01
ORD-007700,North,Groceries,2025-10-04,69.33,53.99,0.11,2,15.34
ORD-007701,North,Electronics,2025-10-24,210.64,121.71,0.3,1,88.93
ORD-007702,North,Groceries,2025-10-17,96.79,63.41,0.17,3,33.38
ORD-007703,North,Groceries,2025-10-22,69.2,52.61,0.07,2,16.59
ORD-007704,North,Electronics,2025-10-06,240.09,152.55,0.11,1,87.54
ORD-007705,North,Clothing,2025-10-26,131.08,72.06,0.35,3,59.02
ORD-007706,North,Electronics,2025-10-16,182.06,128.05,0.11,1,54.01
ORD-007707,North,Groceries,2025-10-28,99.0,78.28,0.26,3,20.72
ORD-007708,North,Groceries,2025-10-07,39.57,26.45,0.13,1,13.12
ORD-007709,North,Furniture,2025-10-28,487.71,344.47,0.22,3,143.24
ORD-007710,North,Clothing,2025-10-04,264.24,162.25,0.32,4,101.99
ORD-007711,North,Groceries,2025-10-07,209.84,161.8,0.17,5,48.04
ORD-007712,North,Clothing,2025-10-24,117.81,76.51,0.09,2,41.3
ORD-007713,North,Groceries,2025-10-13,78.53,53.71,0.18,2,24.82
ORD-007714,North,Electronics,2025-10-21,194.52,133.96,0.24,1,60.56
ORD-007715,North,Electronics,2025-10-28,657.9,431.63,0.1,4,226.27
ORD-007716,North,Groceries,2025-10-11,101.93,66.13,0.2,3,35.8
ORD-007717,North,Electronics,2025-10-26,401.76,283.47,0.14,2,118.29
ORD-007718,North,Clothing,2025-10-13,172.52,98.17,0.11,3,74.35
ORD-007719,South,Furniture,2025-10-25,626.65,452.89,0.11,4,173.76
ORD-007720,South,Electronics,2025-10-27,453.69,320.11,0.14,2,133.58
ORD-007721,South,Clothing,2025-10-19,153.14,80.83,0.03,2,72.31
ORD-007722,South,Electronics,2025-10-21,203.76,134.14,0.07,1,69.62
ORD-007723,South,Clothing,2025-10-04,117.0,67.6,0.25,2,49.4
ORD-007724,South,Electronics,2025-10-09,253.83,161.17,0.03,1,92.66
ORD-007725,South,Furniture,2025-10-03,173.72,118.77,0.15,1,54.95
ORD-007726,South,Furniture,2025-10-22,322.7,236.06,0.32,2,86.64
ORD-007727,South,Furniture,2025-10-01,228.61,176.48,0.04,1,52.13
ORD-007728,South,Electronics,2025-10-27,1068.83,672.68,0.0,4,396.15
ORD-007729,South,Furniture,2025-10-23,195.57,125.43,0.32,1,70.14
ORD-007730,South,Clothing,2025-10-13,124.9,76.21,0.33,2,48.69
ORD-007731,South,Electronics,2025-10-13,201.04,124.89,0.12,1,76.15
ORD-007732,South,Clothing,2025-10-17,56.64,33.21,0.25,1,23.43
ORD-007733,South,Clothing,2025-10-13,235.11,126.63,0.29,4,108.48
ORD-007734,South,Groceries,2025-10-18,150.52,101.23,0.16,4,49.29
ORD-007735,South,Furniture,2025-10-13,822.24,520.52,0.33,5,301.72
ORD-007736,South,Furniture,2025-10-25,526.36,395.53,0.08,3,130.83
ORD-007737,South,Electronics,2025-10-18,1007.13,577.04,0.21,5,430.09
ORD-007738,South,Electronics,2025-10-04,1000.94,644.74,0.12,5,356.2
ORD-007739,South,Electronics,2025-10-26,812.77,485.9,0.15,4,326.87
ORD-007740,South,Clothing,2025-10-04,308.33,170.72,0.08,5,137.61
ORD-007741,South,Clothing,2025-10-09,63.75,35.7,0.17,1,28.05
ORD-007742,South,Groceries,2025-10-14,139.53,102.79,0.3,4,36.74
ORD-007743,South,Clothing,2025-10-01,54.13,32.79,0.27,1,21.34
ORD-007744,South,Electronics,2025-10-15,1111.74,689.42,0.24,5,422.32
ORD-007745,South,Furniture,2025-10-18,918.85,711.64,0.22,5,207.21
ORD-007746,South,Furniture,2025-10-21,818.51,558.62,0.13,5,259.89
ORD-007747,South,Electronics,2025-10-19,951.77,550.69,0.2,4,401.08
ORD-007748,South,Groceries,2025-10-02,73.69,60.16,0.34,2,13.53
ORD-007749,South,Furniture,2025-10-05,383.29,255.33,0.17,2,127.96
ORD-007750,South,Furniture,2025-10-22,548.11,418.56,0.26,3,129.55
ORD-007751,South,Furniture,2025-10-04,466.8,342.35,0.12,3,124.45
ORD-007752,South,Electronics,2025-10-19,1025.0,697.02,0.08,4,327.98
ORD-007753,South,Furniture,2025-10-09,212.14,158.7,0.1,1,53.44
ORD-007754,South,Electronics,2025-10-03,769.99,484.44,0.03,3,285.55
ORD-007755,South,Furniture,2025-10-20,537.35,349.09,0.31,3,188.26
ORD-007756,South,Groceries,2025-10-18,129.56,95.22,0.03,5,34.34
ORD-007757,South,Groceries,2025-10-27,121.12,82.75,0.02,4,38.37
ORD-007758,South,Furniture,2025-10-26,395.31,283.03,0.29,2,112.28
ORD-007759,South,Furniture,2025-10-18,649.39,404.65,0.18,4,244.74
ORD-007760,South,Electronics,2025-10-20,227.08,154.96,0.21,1,72.12
ORD-007761,South,Groceries,2025-10-21,42.04,29.55,0.15,1,12.49
ORD-007762,South,Clothing,2025-10-21,197.65,103.4,0.01,3,94.25
ORD-007763,South,Electronics,2025-10-01,1146.88,737.18,0.18,5,409.7
ORD-007764,South,Electronics,2025-10-22,1234.43,731.25,0.29,5,503.18
ORD-007765,South,Clothing,2025-10-03,111.08,64.53,0.21,2,46.55
ORD-007766,South,Electronics,2025-10-17,932.17,605.2,0.25,5,326.97
ORD-007767,South,Groceries,2025-10-06,131.44,87.97,0.06,4,43.47
ORD-007768,South,Electronics,2025-10-01,860.27,593.25,0.25,4,267.02
ORD-007769,South,Furniture,2025-10-20,442.16,320.39,0.03,3,121.77
ORD-007770,South,Groceries,2025-10-10,137.43,98.72,0.09,4,38.71
ORD-007771,South,Groceries,2025-10-19,133.99,109.76,0.2,4,24.23
ORD-007772,South,Clothing,2025-10-26,126.1,70.75,0.14,2,55.35
ORD-007773,South,Clothing,2025-10-22,251.88,162.26,0.23,4,89.62
ORD-007774,South,Furniture,2025-10-20,155.79,104.24,0.14,1,51.55
ORD-007775,South,Clothing,2025-10-13,322.68,208.4,0.07,5,114.28
ORD-007776,South,Electronics,2025-10-25,1058.92,661.72,0.13,5,397.2
ORD-007777,South,Electronics,2025-10-02,923.95,521.97,0.02,4,401.98
ORD-007778,South,Clothing,2025-10-26,135.14,75.29,0.09,2,59.85
ORD-007779,South,Groceries,2025-10-20,121.74,88.67,0.27,3,33.07
ORD-007780,South,Groceries,2025-10-10,165.95,108.82,0.26,4,57.13
ORD-007781,South,Electronics,2025-10-08,663.89,446.48,0.14,3,217.41
ORD-007782,South,Groceries,2025-10-05,111.35,84.53,0.22,3,26.82
ORD-007783,South,Clothing,2025-10-18,133.46,85.42,0.34,2,48.04
ORD-007784,South,Groceries,2025-10-15,62.32,44.9,0.23,2,17.42
ORD-007785,South,Electronics,2025-10-11,417.64,276.74,0.01,2,140.9
ORD-007786,South,Furniture,2025-10-11,342.51,216.3,0.21,2,126.21
ORD-007787,South,Clothing,2025-10-17,124.32,79.19,0.28,2,45.13
ORD-007788,South,Furniture,2025-10-08,568.72,383.62,0.12,3,185.1
ORD-007789,South,Furniture,2025-10-13,468.65,362.73,0.25,3,105.92
ORD-007790,South,Electronics,2025-10-10,958.29,633.24,0.21,5,325.05
ORD-007791,South,Groceries,2025-10-13,40.31,30.46,0.13,1,9.85
ORD-007792,South,Electronics,2025-10-11,1184.23,697.0,0.17,4,487.23
ORD-007793,South,Clothing,2025-10-25,117.55,69.0,0.3,2,48.55
ORD-007794,South,Groceries,2025-10-24,140.26,112.86,0.25,5,27.4
ORD-007795,South,Electronics,2025-10-03,236.53,165.88,0.16,1,70.65
ORD-007796,South,Clothing,2025-10-09,188.94,110.85,0.12,3,78.09
ORD-007797,South,Furniture,2025-10-13,380.57,290.16,0.07,2,90.41
ORD-007798,South,Electronics,2025-10-09,432.56,276.93,0.17,2,155.63
ORD-007799,East,Groceries,2025-11-22,89.87,69.65,0.12,3,20.22
ORD-007800,East,Clothing,2025-11-14,122.26,71.98,0.34,2,50.28
ORD-007801,East,Clothing,2025-11-18,218.86,140.54,0.31,4,78.32
ORD-007802,East,Electronics,2025-11-04,200.8,143.03,0.2,1,57.77
ORD-007803,East,Groceries,2025-11-19,40.56,33.05,0.29,1,7.51
ORD-007804,East,Furniture,2025-11-21,140.65,100.8,0.14,1,39.85
ORD-007805,East,Furniture,2025-11-18,330.75,207.82,0.03,2,122.93
ORD-007806,East,Furniture,2025-11-12,179.99,125.46,0.01,1,54.53
ORD-007807,East,Clothing,2025-11-20,294.86,155.38,0.23,5,139.48
ORD-007808,East,Furniture,2025-11-22,728.58,538.38,0.34,5,190.2
ORD-007809,East,Groceries,2025-11-26,130.14,96.74,0.09,4,33.4
ORD-007810,East,Furniture,2025-11-20,404.23,315.53,0.34,3,88.7
ORD-007811,East,Electronics,2025-11-26,1089.83,730.33,0.09,5,359.5
ORD-007812,East,Electronics,2025-11-13,233.7,140.69,0.03,1,93.01
ORD-007813,East,Furniture,2025-11-18,434.46,330.44,0.03,3,104.02
ORD-007814,East,Furniture,2025-11-15,426.69,284.28,0.25,2,142.41
ORD-007815,East,Furniture,2025-11-08,756.61,477.64,0.34,4,278.97
ORD-007816,East,Furniture,2025-11-05,371.74,273.03,0.15,2,98.71
ORD-007817,East,Groceries,2025-11-15,149.4,118.09,0.33,4,31.31
ORD-007818,East,Electronics,2025-11-01,1271.49,853.91,0.09,5,417.58
ORD-007819,East,Groceries,2025-11-05,72.7,58.58,0.06,2,14.12
ORD-007820,East,Furniture,2025-11-01,528.56,372.58,0.27,3,155.98
ORD-007821,East,Furniture,2025-11-10,876.73,544.17,0.19,5,332.56
ORD-007822,East,Groceries,2025-11-22,35.99,29.69,0.06,1,6.3
ORD-007823,East,Groceries,2025-11-07,73.82,59.24,0.16,2,14.58
ORD-007824,East,Groceries,2025-11-21,33.89,22.7,0.16,1,11.19
ORD-007825,East,Furniture,2025-11-12,771.93,500.97,0.18,5,270.96
ORD-007826,East,Electronics,2025-11-13,831.12,576.25,0.22,4,254.87
ORD-007827,East,Electronics,2025-11-22,903.88,575.92,0.09,5,327.96
ORD-007828,East,Furniture,2025-11-25,886.19,636.31,0.08,5,249.88
ORD-007829,East,Furniture,2025-11-15,437.16,273.38,0.17,3,163.78
ORD-007830,East,Furniture,2025-11-26,642.52,491.18,0.32,4,151.34
ORD-007831,East,Electronics,2025-11-25,984.76,618.59,0.22,5,366.17
ORD-007832,East,Furniture,2025-11-03,353.4,221.12,0.17,2,132.28
ORD-007833,East,Clothing,2025-11-01,239.77,127.72,0.34,5,112.05
ORD-007834,East,Clothing,2025-11-01,63.85,40.99,0.28,1,22.86
ORD-007835,East,Groceries,2025-11-14,208.55,167.82,0.29,5,40.73
ORD-007836,East,Electronics,2025-11-17,771.56,488.83,0.21,3,282.73
ORD-007837,East,Electronics,2025-11-13,205.89,114.96,0.18,1,90.93
ORD-007838,East,Furniture,2025-11-13,1181.92,824.93,0.09,5,356.99
ORD-007839,East,Electronics,2025-11-22,662.87,424.12,0.22,3,238.75
ORD-007840,East,Electronics,2025-11-04,765.26,520.59,0.21,4,244.67
ORD-007841,East,Clothing,2025-11-26,201.69,121.68,0.18,2,80.01
ORD-007842,East,Furniture,2025-11-03,831.24,555.49,0.07,5,275.75
ORD-007843,East,Electronics,2025-11-01,1072.07,633.46,0.34,4,438.61
ORD-007844,East,Furniture,2025-11-06,881.37,569.49,0.13,5,311.88
ORD-007845,East,Electronics,2025-11-24,870.44,556.8,0.18,5,313.64
ORD-007846,East,Clothing,2025-11-28,70.39,40.04,0.34,1,30.35
ORD-007847,East,Groceries,2025-11-22,101.69,73.35,0.19,3,28.34
ORD-007848,East,Furniture,2025-11-18,191.53,129.4,0.19,1,62.13
ORD-007849,East,Clothing,2025-11-06,110.2,69.92,0.02,2,40.28
ORD-007850,East,Electronics,2025-11-01,1111.84,702.72,0.25,5,409.12
ORD-007851,East,Furniture,2025-11-18,494.65,373.06,0.13,3,121.59
ORD-007852,East,Clothing,2025-11-04,203.41,121.46,0.34,4,81.95
ORD-007853,East,Furniture,2025-11-25,349.84,220.52,0.24,2,129.32
ORD-007854,East,Electronics,2025-11-23,1003.61,677.68,0.17,5,325.93
ORD-007855,East,Furniture,2025-11-21,169.55,122.91,0.23,1,46.64
ORD-007856,East,Furniture,2025-11-23,791.49,508.82,0.26,4,282.67
ORD-007857,East,Furniture,2025-11-26,315.98,239.96,0.19,2,76.02
ORD-007858,East,Clothing,2025-11-10,123.86,78.67,0.27,2,45.19
ORD-007859,East,Electronics,2025-11-25,446.44,271.3,0.01,2,175.14
ORD-007860,East,Groceries,2025-11-02,41.99,31.31,0.29,1,10.68
ORD-007861,East,Clothing,2025-11-20,269.51,167.47,0.22,4,102.04
ORD-007862,East,Electronics,2025-11-13,183.7,103.03,0.14,1,80.67
ORD-007863,East,Electronics,2025-11-03,189.8,112.88,0.07,1,76.92
ORD-007864,East,Clothing,2025-11-23,63.78,35.05,0.22,1,28.73
ORD-007865,East,Clothing,2025-11-07,297.57,174.04,0.15,5,123.53
ORD-007866,East,Electronics,2025-11-06,929.5,596.15,0.34,5,333.35
ORD-007867,East,Electronics,2025-11-23,963.52,650.09,0.26,4,313.43
ORD-007868,East,Clothing,2025-11-18,126.9,80.0,0.05,2,46.9
ORD-007869,East,Furniture,2025-11-24,831.97,528.53,0.34,5,303.44
ORD-007870,East,Groceries,2025-11-15,67.12,47.02,0.18,2,20.1
ORD-007871,East,Groceries,2025-11-08,101.92,82.51,0.13,3,19.41
ORD-007872,East,Groceries,2025-11-10,34.94,28.64,0.08,1,6.3
ORD-007873,East,Clothing,2025-11-02,79.52,44.05,0.28,1,35.47
ORD-007874,East,Groceries,2025-11-02,45.02,34.97,0.35,1,10.05
ORD-007875,East,Furniture,2025-11-28,186.8,137.16,0.13,1,49.64
ORD-007876,East,Furniture,2025-11-21,625.15,413.24,0.2,3,211.91
ORD-007877,East,Groceries,2025-11-14,75.12,53.11,0.06,2,22.01
ORD-007878,East,Electronics,2025-11-12,445.94,301.37,0.03,2,144.57
ORD-007879,East,Electronics,2025-11-23,882.18,620.79,0.26,4,261.39
ORD-007880,East,Groceries,2025-11-19,176.73,139.98,0.08,5,36.75
ORD-007881,East,Furniture,2025-11-11,397.15,294.33,0.3,2,102.82
ORD-007882,East,Electronics,2025-11-28,412.26,254.75,0.04,2,157.51
ORD-007883,East,Furniture,2025-11-03,901.1,568.77,0.15,4,332.33
ORD-007884,East,Clothing,2025-11-13,303.03,168.77,0.18,5,134.26
ORD-007885,East,Groceries,2025-11-10,213.79,174.43,0.17,5,39.36
ORD-007886,East,Groceries,2025-11-27,70.7,55.81,0.23,2,14.89
ORD-007887,East,Groceries,2025-11-17,38.02,27.0,0.21,1,11.02
ORD-007888,East,Clothing,2025-11-28,179.67,95.84,0.34,3,83.83
ORD-007889,East,Clothing,2025-11-01,58.33,38.37,0.34,1,19.96
ORD-007890,East,Electronics,2025-11-22,539.19,334.13,0.27,2,205.06
ORD-007891,East,Electronics,2025-11-12,859.59,498.66,0.13,5,360.93
ORD-007892,East,Groceries,2025-11-12,76.93,53.8,0.3,2,23.13
ORD-007893,East,Clothing,2025-11-27,227.84,136.71,0.07,4,91.13
ORD-007894,East,Electronics,2025-11-17,455.49,268.27,0.25,2,187.22
ORD-007895,East,Clothing,2025-11-14,232.94,141.65,0.33,4,91.29
ORD-007896,East,Clothing,2025-11-25,46.93,30.02,0.35,1,16.91
ORD-007897,East,Electronics,2025-11-15,197.27,122.2,0.18,1,75.07
ORD-007898,East,Clothing,2025-11-24,67.74,39.2,0.14,1,28.54
ORD-007899,East,Electronics,2025-11-03,855.67,590.46,0.33,3,265.21
ORD-007900,East,Groceries,2025-11-28,89.08,64.09,0.03,3,24.99
ORD-007901,East,Clothing,2025-11-28,248.91,148.93,0.19,4,99.98
ORD-007902,East,Electronics,2025-11-24,674.03,420.04,0.34,3,253.99
ORD-007903,East,Electronics,2025-11-11,647.21,409.29,0.21,3,237.92
ORD-007904,East,Furniture,2025-11-08,493.05,373.0,0.1,3,120.05
ORD-007905,East,Groceries,2025-11-01,104.33,85.4,0.02,3,18.93
ORD-007906,East,Clothing,2025-11-22,125.96,81.83,0.05,2,44.13
ORD-007907,East,Groceries,2025-11-16,78.61,58.37,0.12,2,20.24
ORD-007908,East,Furniture,2025-11-05,205.56,139.42,0.16,1,66.14
ORD-007909,East,Groceries,2025-11-26,183.06,119.61,0.32,5,63.45
ORD-007910,East,Electronics,2025-11-13,1139.32,652.52,0.05,5,486.8
ORD-007911,East,Furniture,2025-11-14,527.47,395.41,0.31,3,132.06
ORD-007912,East,Groceries,2025-11-04,125.84,101.28,0.08,4,24.56
ORD-007913,East,Furniture,2025-11-01,875.2,554.3,0.25,5,320.9
ORD-007914,East,Clothing,2025-11-02,56.07,29.82,0.07,1,26.25
ORD-007915,East,Groceries,2025-11-13,171.35,120.73,0.04,5,50.62
ORD-007916,East,Groceries,2025-11-05,77.63,60.1,0.21,2,17.53
ORD-007917,West,Groceries,2025-11-05,159.03,121.35,0.05,4,37.68
ORD-007918,West,Furniture,2025-11-11,732.77,562.82,0.09,4,169.95
ORD-007919,West,Electronics,2025-11-28,621.27,363.37,0.09,3,257.9
ORD-007920,West,Furniture,2025-11-05,318.11,195.87,0.28,2,122.24
ORD-007921,West,Electronics,2025-11-23,905.06,572.44,0.34,4,332.62
ORD-007922,West,Furniture,2025-11-05,684.11,434.97,0.1,4,249.14
ORD-007923,West,Groceries,2025-11-25,108.01,79.29,0.2,4,28.72
ORD-007924,West,Electronics,2025-11-08,1273.06,773.74,0.07,5,499.32
ORD-007925,West,Clothing,2025-11-16,355.25,233.73,0.27,5,121.52
ORD-007926,West,Furniture,2025-11-06,573.39,417.95,0.2,3,155.44
ORD-007927,West,Clothing,2025-11-05,111.58,72.66,0.05,2,38.92
ORD-007928,West,Furniture,2025-11-26,903.51,701.49,0.31,5,202.02
ORD-007929,West,Clothing,2025-11-20,216.11,118.17,0.24,3,97.94
ORD-007930,West,Furniture,2025-11-25,512.19,380.14,0.06,3,132.05
ORD-007931,West,Electronics,2025-11-24,1131.82,724.15,0.25,5,407.67
ORD-007932,West,Electronics,2025-11-09,184.45,129.13,0.05,1,55.32
ORD-007933,West,Furniture,2025-11-27,459.88,333.86,0.19,3,126.02
ORD-007934,West,Groceries,2025-11-27,132.46,101.07,0.25,4,31.39
ORD-007935,West,Clothing,2025-11-23,86.57,47.45,0.27,2,39.12
ORD-007936,West,Furniture,2025-11-06,581.08,379.36,0.18,4,201.72
ORD-007937,West,Electronics,2025-11-19,1217.55,687.71,0.05,5,529.84
ORD-007938,West,Electronics,2025-11-23,855.76,502.92,0.05,4,352.84
ORD-007939,West,Electronics,2025-11-21,524.45,317.93,0.16,2,206.52
ORD-007940,West,Clothing,2025-11-28,210.2,134.2,0.34,3,76.0
ORD-007941,West,Furniture,2025-11-02,701.93,444.03,0.15,5,257.9
ORD-007942,West,Clothing,2025-11-16,256.27,152.89,0.09,5,103.38
ORD-007943,West,Electronics,2025-11-12,1210.01,858.92,0.16,5,351.09
ORD-007944,West,Groceries,2025-11-27,129.53,93.74,0.31,4,35.79
ORD-007945,West,Electronics,2025-11-14,685.28,462.34,0.29,3,222.94
ORD-007946,West,Clothing,2025-11-12,206.15,124.77,0.22,3,81.38
ORD-007947,West,Groceries,2025-11-07,73.77,50.33,0.24,2,23.44
ORD-007948,West,Groceries,2025-11-10,179.8,147.84,0.05,5,31.96
ORD-007949,West,Groceries,2025-11-27,157.71,111.75,0.23,5,45.96
ORD-007950,West,Electronics,2025-11-04,244.37,136.71,0.34,1,107.66
ORD-007951,West,Clothing,2025-11-09,103.59,63.37,0.06,2,40.22
ORD-007952,West,Electronics,2025-11-16,243.47,140.75,0.3,1,102.72
ORD-007953,West,Clothing,2025-11-14,191.2,115.05,0.12,3,76.15
ORD-007954,West,Electronics,2025-11-25,522.13,297.8,0.11,2,224.33
ORD-007955,West,Electronics,2025-11-27,1080.95,688.02,0.26,4,392.93
ORD-007956,West,Electronics,2025-11-13,646.12,448.86,0.23,3,197.26
ORD-007957,West,Electronics,2025-11-10,711.82,440.03,0.33,4,271.79
ORD-007958,West,Electronics,2025-11-09,809.15,462.34,0.17,3,346.81
ORD-007959,West,Electronics,2025-11-24,463.34,296.11,0.22,2,167.23
ORD-007960,West,Electronics,2025-11-10,214.57,146.52,0.16,1,68.05
ORD-007961,West,Furniture,2025-11-17,169.96,124.99,0.0,1,44.97
ORD-007962,West,Furniture,2025-11-26,166.99,116.01,0.27,1,50.98
ORD-007963,West,Furniture,2025-11-14,485.16,307.16,0.01,3,178.0
ORD-007964,West,Clothing,2025-11-14,255.35,139.84,0.09,4,115.51
ORD-007965,West,Clothing,2025-11-02,119.21,64.36,0.06,2,54.85
ORD-007966,West,Furniture,2025-11-16,199.52,131.31,0.1,1,68.21
ORD-007967,West,Electronics,2025-11-28,224.82,129.31,0.13,1,95.51
ORD-007968,West,Electronics,2025-11-07,460.21,266.55,0.31,2,193.66
ORD-007969,West,Groceries,2025-11-21,40.16,27.89,0.29,1,12.27
ORD-007970,West,Groceries,2025-11-15,31.51,21.51,0.02,1,10.0
ORD-007971,West,Electronics,2025-11-15,575.25,379.23,0.21,3,196.02
ORD-007972,West,Clothing,2025-11-18,159.44,102.08,0.11,3,57.36
ORD-007973,West,Groceries,2025-11-04,36.04,26.6,0.15,1,9.44
ORD-007974,West,Furniture,2025-11-02,360.45,242.19,0.17,2,118.26
ORD-007975,West,Groceries,2025-11-17,80.6,54.22,0.1,2,26.38
ORD-007976,West,Electronics,2025-11-25,201.76,138.67,0.2,1,63.09
ORD-007977,West,Electronics,2025-11-11,607.27,340.64,0.22,3,266.63
ORD-007978,West,Groceries,2025-11-10,38.59,28.37,0.0,1,10.22
ORD-007979,West,Electronics,2025-11-15,275.67,171.0,0.07,1,104.67
ORD-007980,West,Electronics,2025-11-21,1077.13,709.08,0.08,4,368.05
ORD-007981,West,Clothing,2025-11-10,273.73,163.14,0.26,5,110.59
ORD-007982,West,Groceries,2025-11-28,31.86,24.15,0.2,1,7.71
ORD-007983,West,Furniture,2025-11-04,941.96,731.05,0.04,5,210.91
ORD-007984,West,Electronics,2025-11-03,695.14,439.79,0.13,3,255.35
ORD-007985,West,Furniture,2025-11-23,198.89,147.35,0.28,1,51.54
ORD-007986,West,Furniture,2025-11-09,347.79,234.36,0.02,2,113.43
ORD-007987,West,Electronics,2025-11-25,910.21,571.02,0.24,4,339.19
ORD-007988,West,Furniture,2025-11-19,619.11,448.59,0.0,3,170.52
ORD-007989,West,Electronics,2025-11-04,797.35,462.94,0.19,4,334.41
ORD-007990,West,Electronics,2025-11-12,772.02,483.44,0.28,3,288.58
ORD-007991,West,Electronics,2025-11-20,201.6,119.81,0.11,1,81.79
ORD-007992,West,Electronics,2025-11-21,205.48,145.8,0.24,1,59.68
ORD-007993,West,Furniture,2025-11-28,340.36,239.75,0.02,2,100.61
ORD-007994,West,Groceries,2025-11-11,198.21,161.52,0.01,5,36.69
ORD-007995,West,Groceries,2025-11-15,33.07,24.25,0.29,1,8.82
ORD-007996,West,Groceries,2025-11-11,128.66,106.5,0.26,4,22.16
ORD-007997,West,Groceries,2025-11-21,121.52,96.84,0.23,4,24.68
ORD-007998,West,Electronics,2025-11-05,679.43,457.43,0.28,3,222.0
ORD-007999,West,Groceries,2025-11-02,97.58,68.49,0.24,3,29.09
ORD-008000,West,Groceries,2025-11-25,39.46,31.02,0.22,1,8.44
ORD-008001,West,Groceries,2025-11-22,132.14,104.26,0.11,4,27.88
ORD-008002,West,Clothing,2025-11-22,189.52,105.59,0.3,4,83.93
ORD-008003,West,Electronics,2025-11-22,979.52,552.01,0.22,5,427.51
ORD-008004,West,Clothing,2025-11-23,51.25,33.51,0.35,1,17.74
ORD-008005,West,Clothing,2025-11-13,58.82,31.17,0.26,1,27.65
ORD-008006,West,Electronics,2025-11-10,684.91,459.26,0.21,3,225.65
ORD-008007,West,Clothing,2025-11-02,72.22,41.95,0.21,1,30.27
ORD-008008,West,Electronics,2025-11-19,852.92,595.69,0.16,4,257.23
ORD-008009,West,Electronics,2025-11-03,442.46,263.34,0.28,2,179.12
ORD-008010,West,Clothing,2025-11-03,177.75,95.26,0.27,4,82.49
ORD-008011,West,Electronics,2025-11-11,220.44,131.67,0.04,1,88.77
ORD-008012,West,Clothing,2025-11-20,291.18,179.08,0.03,5,112.1
ORD-008013,West,Clothing,2025-11-24,140.59,76.15,0.24,2,64.44
ORD-008014,West,Clothing,2025-11-10,149.26,81.54,0.16,3,67.72
ORD-008015,West,Clothing,2025-11-06,276.24,169.39,0.12,4,106.85
ORD-008016,West,Groceries,2025-11-27,177.44,139.97,0.32,5,37.47
ORD-008017,West,Clothing,2025-11-22,272.13,174.56,0.1,4,97.57
ORD-008018,West,Electronics,2025-11-17,159.05,90.72,0.21,1,68.33
ORD-008019,West,Electronics,2025-11-25,979.07,658.35,0.1,5,320.72
ORD-008020,West,Furniture,2025-11-01,732.97,481.45,0.16,5,251.52
ORD-008021,West,Electronics,2025-11-28,725.58,451.76,0.09,3,273.82
ORD-008022,West,Furniture,2025-11-26,192.39,122.35,0.03,1,70.04
ORD-008023,West,Furniture,2025-11-17,337.22,254.3,0.04,2,82.92
ORD-008024,West,Groceries,2025-11-24,34.79,24.72,0.26,1,10.07
ORD-008025,West,Clothing,2025-11-10,302.36,183.81,0.2,5,118.55
ORD-008026,West,Electronics,2025-11-26,414.28,249.6,0.13,2,164.68
ORD-008027,West,Clothing,2025-11-03,263.13,153.17,0.06,4,109.96
ORD-008028,West,Electronics,2025-11-12,1187.69,688.01,0.17,5,499.68
ORD-008029,West,Furniture,2025-11-28,806.99,495.55,0.17,5,311.44
ORD-008030,West,Electronics,2025-11-15,748.35,522.38,0.17,4,225.97
ORD-008031,West,Groceries,2025-11-17,71.77,49.47,0.06,2,22.3
ORD-008032,West,Clothing,2025-11-25,161.3,95.77,0.1,3,65.53
ORD-008033,West,Furniture,2025-11-25,710.78,470.22,0.24,4,240.56
ORD-008034,West,Electronics,2025-11-03,522.1,346.07,0.34,3,176.03
ORD-008035,West,Groceries,2025-11-16,73.67,55.32,0.17,2,18.35
ORD-008036,West,Electronics,2025-11-09,392.34,278.86,0.21,2,113.48
ORD-008037,West,Groceries,2025-11-08,149.85,123.49,0.12,4,26.36
ORD-008038,West,Furniture,2025-11-02,621.09,380.18,0.32,4,240.91
ORD-008039,West,Electronics,2025-11-06,473.6,292.62,0.09,2,180.98
ORD-008040,West,Furniture,2025-11-08,858.04,531.76,0.19,5,326.28
ORD-008041,West,Electronics,2025-11-24,220.32,132.69,0.19,1,87.63
ORD-008042,West,Furniture,2025-11-19,787.46,569.28,0.06,4,218.18
ORD-008043,West,Furniture,2025-11-03,168.9,114.89,0.22,1,54.01
ORD-008044,West,Furniture,2025-11-01,983.96,646.44,0.24,5,337.52
ORD-008045,West,Clothing,2025-11-06,340.53,195.88,0.2,5,144.65
ORD-008046,West,Electronics,2025-11-26,844.77,527.24,0.25,5,317.53
ORD-008047,West,Clothing,2025-11-13,161.01,86.03,0.11,3,74.98
ORD-008048,West,Clothing,2025-11-19,318.35,166.38,0.22,5,151.97
ORD-008049,West,Furniture,2025-11-22,857.98,561.1,0.26,5,296.88
ORD-008050,West,Furniture,2025-11-17,628.99,406.81,0.08,3,222.18
ORD-008051,West,Clothing,2025-11-21,186.04,100.99,0.01,3,85.05
ORD-008052,West,Clothing,2025-11-16,107.67,67.26,0.3,2,40.41
ORD-008053,West,Furniture,2025-11-24,159.58,116.87,0.19,1,42.71
ORD-008054,West,Groceries,2025-11-11,113.51,85.77,0.35,3,27.74
ORD-008055,West,Electronics,2025-11-17,246.52,171.34,0.28,1,75.18
ORD-008056,West,Clothing,2025-11-14,171.53,103.33,0.1,3,68.2
ORD-008057,West,Clothing,2025-11-15,242.65,150.04,0.01,4,92.61
ORD-008058,West,Clothing,2025-11-14,302.14,164.6,0.25,5,137.54
ORD-008059,West,Clothing,2025-11-21,225.18,138.46,0.19,3,86.72
ORD-008060,West,Electronics,2025-11-01,234.76,160.65,0.11,1,74.11
ORD-008061,West,Clothing,2025-11-18,72.05,37.62,0.15,1,34.43
ORD-008062,West,Furniture,2025-11-04,163.82,126.87,0.04,1,36.95
ORD-008063,West,Electronics,2025-11-18,997.23,700.82,0.33,4,296.41
ORD-008064,West,Furniture,2025-11-28,703.14,514.53,0.19,4,188.61
ORD-008065,West,Clothing,2025-11-18,54.94,31.42,0.1,1,23.52
ORD-008066,West,Clothing,2025-11-14,261.06,150.47,0.28,4,110.59
ORD-008067,West,Groceries,2025-11-22,82.24,65.31,0.07,3,16.93
ORD-008068,West,Furniture,2025-11-17,578.18,355.35,0.34,3,222.83
ORD-008069,West,Clothing,2025-11-01,58.98,31.38,0.21,1,27.6
ORD-008070,West,Furniture,2025-11-22,624.72,465.84,0.13,3,158.88
ORD-008071,West,Groceries,2025-11-25,167.12,116.23,0.35,5,50.89
ORD-008072,West,Clothing,2025-11-24,118.19,75.85,0.08,2,42.34
ORD-008073,West,Furniture,2025-11-20,170.44,111.37,0.18,1,59.07
ORD-008074,West,Electronics,2025-11-18,176.66,109.76,0.21,1,66.9
ORD-008075,West,Groceries,2025-11-14,37.69,31.13,0.32,1,6.56
ORD-008076,West,Clothing,2025-11-16,252.22,154.47,0.29,4,97.75
ORD-008077,West,Groceries,2025-11-05,101.63,82.04,0.3,3,19.59
ORD-008078,West,Clothing,2025-11-03,71.23,42.03,0.13,1,29.2
ORD-008079,West,Electronics,2025-11-09,432.69,252.3,0.18,2,180.39
ORD-008080,West,Electronics,2025-11-12,243.55,163.8,0.02,1,79.75
ORD-008081,West,Clothing,2025-11-06,199.43,112.61,0.33,4,86.82
ORD-008082,West,Electronics,2025-11-25,493.66,303.22,0.31,2,190.44
ORD-008083,West,Furniture,2025-11-20,980.84,648.03,0.03,5,332.81
ORD-008084,West,Groceries,2025-11-07,126.54,89.17,0.15,4,37.37
ORD-008085,West,Furniture,2025-11-14,163.51,106.88,0.21,1,56.63
ORD-008086,West,Electronics,2025-11-04,829.86,534.12,0.21,4,295.74
ORD-008087,West,Electronics,2025-11-28,1048.38,720.2,0.01,4,328.18
ORD-008088,North,Electronics,2025-11-16,1102.01,738.73,0.13,4,363.28
ORD-008089,North,Clothing,2025-11-12,192.26,118.91,0.33,3,73.35
ORD-008090,North,Electronics,2025-11-20,784.92,510.57,0.17,4,274.35
ORD-008091,North,Electronics,2025-11-06,1050.86,690.83,0.11,5,360.03
ORD-008092,North,Furniture,2025-11-17,146.43,108.07,0.22,1,38.36
ORD-008093,North,Furniture,2025-11-14,535.83,377.92,0.27,4,157.91
ORD-008094,North,Clothing,2025-11-21,216.17,137.28,0.12,3,78.89
ORD-008095,North,Electronics,2025-11-04,1068.64,699.53,0.29,5,369.11
ORD-008096,North,Furniture,2025-11-25,583.75,421.35,0.02,3,162.4
ORD-008097,North,Clothing,2025-11-17,255.33,137.46,0.12,5,117.87
ORD-008098,North,Electronics,2025-11-17,410.33,287.34,0.18,2,122.99
ORD-008099,North,Clothing,2025-11-19,201.93,114.59,0.15,3,87.34
ORD-008100,North,Electronics,2025-11-19,473.75,304.65,0.32,2,169.1
ORD-008101,North,Clothing,2025-11-08,121.98,74.32,0.3,2,47.66
ORD-008102,North,Clothing,2025-11-09,113.01,61.41,0.1,2,51.6
ORD-008103,North,Electronics,2025-11-09,398.98,237.55,0.0,2,161.43
ORD-008104,North,Electronics,2025-11-26,276.77,184.4,0.28,1,92.37
ORD-008105,North,Clothing,2025-11-02,167.96,98.12,0.16,3,69.84
ORD-008106,North,Groceries,2025-11-06,188.18,150.9,0.18,5,37.28
ORD-008107,North,Furniture,2025-11-27,919.89,701.74,0.07,5,218.15
ORD-008108,North,Groceries,2025-11-19,31.73,20.83,0.19,1,10.9
ORD-008109,North,Electronics,2025-11-26,468.22,306.07,0.09,2,162.15
ORD-008110,North,Furniture,2025-11-15,163.94,117.38,0.04,1,46.56
ORD-008111,North,Furniture,2025-11-09,554.84,383.88,0.01,3,170.96
ORD-008112,North,Electronics,2025-11-19,415.48,235.27,0.21,2,180.21
ORD-008113,North,Furniture,2025-11-05,902.84,604.02,0.27,5,298.82
ORD-008114,North,Electronics,2025-11-27,701.46,473.87,0.34,3,227.59
ORD-008115,North,Electronics,2025-11-17,937.38,535.34,0.28,5,402.04
ORD-008116,North,Electronics,2025-11-25,235.69,154.84,0.21,1,80.85
ORD-008117,North,Groceries,2025-11-02,84.88,57.76,0.01,3,27.12
ORD-008118,North,Electronics,2025-11-10,231.13,154.44,0.2,1,76.69
ORD-008119,North,Groceries,2025-11-22,38.57,31.26,0.28,1,7.31
ORD-008120,North,Electronics,2025-11-06,222.32,135.5,0.31,1,86.82
ORD-008121,North,Furniture,2025-11-25,531.65,407.3,0.03,3,124.35
ORD-008122,North,Furniture,2025-11-26,623.51,459.25,0.13,3,164.26
ORD-008123,North,Groceries,2025-11-18,155.42,115.72,0.22,5,39.7
ORD-008124,North,Furniture,2025-11-16,805.54,509.54,0.27,4,296.0
ORD-008125,North,Furniture,2025-11-01,177.79,127.35,0.25,1,50.44
ORD-008126,North,Groceries,2025-11-13,123.91,93.18,0.13,4,30.73
ORD-008127,North,Clothing,2025-11-06,215.44,126.24,0.0,4,89.2
ORD-008128,North,Clothing,2025-11-04,205.29,107.86,0.31,4,97.43
ORD-008129,North,Electronics,2025-11-16,740.08,517.47,0.32,4,222.61
ORD-008130,North,Groceries,2025-11-12,30.5,24.3,0.04,1,6.2
ORD-008131,North,Electronics,2025-11-26,928.83,573.41,0.07,4,355.42
ORD-008132,North,Electronics,2025-11-28,687.83,429.86,0.09,3,257.97
ORD-008133,North,Furniture,2025-11-22,587.51,416.66,0.18,3,170.85
ORD-008134,North,Electronics,2025-11-12,1061.32,727.2,0.02,5,334.12
ORD-008135,North,Groceries,2025-11-24,113.47,90.17,0.34,3,23.3
ORD-008136,North,Electronics,2025-11-11,799.76,514.78,0.24,4,284.98
ORD-008137,North,Furniture,2025-11-06,646.72,435.55,0.2,4,211.17
ORD-008138,North,Electronics,2025-11-28,434.19,303.79,0.1,2,130.4
ORD-008139,North,Groceries,2025-11-11,87.92,66.46,0.04,2,21.46
ORD-008140,North,Electronics,2025-11-22,826.52,506.82,0.07,4,319.7
ORD-008141,North,Groceries,2025-11-18,100.43,73.74,0.12,3,26.69
ORD-008142,North,Furniture,2025-11-01,1120.55,755.6,0.17,5,364.95
ORD-008143,North,Furniture,2025-11-10,479.69,348.24,0.28,3,131.45
ORD-008144,North,Electronics,2025-11-25,520.17,370.0,0.05,2,150.17
ORD-008145,North,Furniture,2025-11-27,355.08,220.94,0.3,2,134.14
ORD-008146,North,Groceries,2025-11-22,179.47,136.72,0.25,5,42.75
ORD-008147,North,Furniture,2025-11-22,764.9,492.0,0.3,4,272.9
ORD-008148,North,Electronics,2025-11-02,180.74,123.24,0.28,1,57.5
ORD-008149,North,Furniture,2025-11-17,183.92,112.63,0.09,1,71.29
ORD-008150,North,Furniture,2025-11-17,533.06,404.86,0.34,3,128.2
ORD-008151,North,Electronics,2025-11-24,243.09,154.57,0.17,1,88.52
ORD-008152,North,Clothing,2025-11-06,273.02,152.86,0.03,5,120.16
ORD-008153,North,Furniture,2025-11-08,420.14,303.58,0.08,2,116.56
ORD-008154,North,Groceries,2025-11-10,82.62,57.51,0.07,2,25.11
ORD-008155,North,Groceries,2025-11-26,29.16,20.55,0.25,1,8.61
ORD-008156,North,Electronics,2025-11-25,670.77,389.07,0.04,3,281.7
ORD-008157,North,Electronics,2025-11-25,1074.01,617.19,0.03,5,456.82
ORD-008158,North,Electronics,2025-11-18,574.81,330.92,0.27,3,243.89
ORD-008159,North,Clothing,2025-11-28,277.91,158.26,0.04,5,119.65
ORD-008160,North,Groceries,2025-11-02,150.93,112.22,0.2,4,38.71
ORD-008161,North,Furniture,2025-11-21,537.87,394.95,0.31,3,142.92
ORD-008162,North,Electronics,2025-11-02,1196.02,725.21,0.16,5,470.81
ORD-008163,North,Electronics,2025-11-16,190.88,129.0,0.12,1,61.88
ORD-008164,North,Electronics,2025-11-16,444.03,290.59,0.21,2,153.44
ORD-008165,North,Groceries,2025-11-01,183.12,144.59,0.2,5,38.53
ORD-008166,North,Electronics,2025-11-27,234.72,148.66,0.27,1,86.06
ORD-008167,North,Furniture,2025-11-11,770.3,530.8,0.17,4,239.5
ORD-008168,North,Clothing,2025-11-14,116.57,72.42,0.02,2,44.15
ORD-008169,North,Groceries,2025-11-20,165.42,120.72,0.06,4,44.7
ORD-008170,North,Clothing,2025-11-04,345.06,189.29,0.21,5,155.77
ORD-008171,North,Electronics,2025-11-03,996.81,665.88,0.08,4,330.93
ORD-008172,North,Furniture,2025-11-23,571.95,408.09,0.08,3,163.86
ORD-008173,North,Electronics,2025-11-05,527.32,301.32,0.05,2,226.0
ORD-008174,North,Electronics,2025-11-23,227.67,154.95,0.15,1,72.72
ORD-008175,North,Clothing,2025-11-26,277.72,184.69,0.33,4,93.03
ORD-008176,North,Electronics,2025-11-16,227.41,156.62,0.24,1,70.79
ORD-008177,North,Clothing,2025-11-09,213.01,113.15,0.23,4,99.86
ORD-008178,North,Electronics,2025-11-22,622.97,364.49,0.28,3,258.48
ORD-008179,North,Groceries,2025-11-02,65.4,44.65,0.04,2,20.75
ORD-008180,North,Clothing,2025-11-09,114.81,59.99,0.03,2,54.82
ORD-008181,North,Clothing,2025-11-11,60.22,32.15,0.22,1,28.07
ORD-008182,North,Clothing,2025-11-18,279.34,155.91,0.27,5,123.43
ORD-008183,North,Furniture,2025-11-23,610.75,386.97,0.14,4,223.78
ORD-008184,North,Furniture,2025-11-04,215.31,134.73,0.02,1,80.58
ORD-008185,North,Electronics,2025-11-23,486.76,303.73,0.07,2,183.03
ORD-008186,North,Electronics,2025-11-23,982.05,584.32,0.01,5,397.73
ORD-008187,North,Electronics,2025-11-11,661.82,439.2,0.04,3,222.62
ORD-008188,North,Electronics,2025-11-21,446.41,261.83,0.27,2,184.58
ORD-008189,North,Electronics,2025-11-09,936.66,555.54,0.01,5,381.12
ORD-008190,North,Clothing,2025-11-24,209.01,116.84,0.12,4,92.17
ORD-008191,North,Furniture,2025-11-24,565.61,405.2,0.19,3,160.41
ORD-008192,North,Groceries,2025-11-09,128.66,86.4,0.22,4,42.26
ORD-008193,North,Furniture,2025-11-17,549.67,340.37,0.2,3,209.3
ORD-008194,North,Electronics,2025-11-27,413.55,242.3,0.21,2,171.25
ORD-008195,North,Electronics,2025-11-27,904.03,548.97,0.24,5,355.06
ORD-008196,North,Electronics,2025-11-09,924.38,565.4,0.03,5,358.98
ORD-008197,North,Groceries,2025-11-14,124.49,82.0,0.3,3,42.49
ORD-008198,South,Clothing,2025-11-23,293.87,180.42,0.31,5,113.45
ORD-008199,South,Electronics,2025-11-02,1293.77,898.69,0.18,5,395.08
ORD-008200,South,Clothing,2025-11-25,254.75,136.6,0.17,5,118.15
ORD-008201,South,Furniture,2025-11-01,750.21,550.42,0.28,4,199.79
ORD-008202,South,Furniture,2025-11-08,1058.0,769.85,0.21,5,288.15
ORD-008203,South,Electronics,2025-11-23,210.47,130.38,0.19,1,80.09
ORD-008204,South,Groceries,2025-11-09,77.89,64.11,0.34,2,13.78
ORD-008205,South,Electronics,2025-11-24,1021.04,571.8,0.26,5,449.24
ORD-008206,South,Electronics,2025-11-24,840.91,559.32,0.29,4,281.59
ORD-008207,South,Electronics,2025-11-22,1056.56,602.51,0.32,4,454.05
ORD-008208,South,Groceries,2025-11-21,71.8,46.74,0.18,2,25.06
ORD-008209,South,Groceries,2025-11-25,167.25,118.15,0.24,4,49.1
ORD-008210,South,Electronics,2025-11-22,1372.01,806.53,0.26,5,565.48
ORD-008211,South,Groceries,2025-11-16,76.94,55.43,0.1,2,21.51
ORD-008212,South,Groceries,2025-11-02,35.93,27.75,0.07,1,8.18
ORD-008213,South,Groceries,2025-11-14,65.68,45.92,0.25,2,19.76
ORD-008214,South,Electronics,2025-11-24,226.14,136.09,0.22,1,90.05
ORD-008215,South,Furniture,2025-11-15,1029.45,675.35,0.19,5,354.1
ORD-008216,South,Groceries,2025-11-01,60.36,42.59,0.3,2,17.77
ORD-008217,South,Electronics,2025-11-02,911.31,603.68,0.0,4,307.63
ORD-008218,South,Clothing,2025-11-10,262.74,171.66,0.27,4,91.08
ORD-008219,South,Clothing,2025-11-17,64.41,35.29,0.29,1,29.12
ORD-008220,South,Furniture,2025-11-22,165.71,119.19,0.12,1,46.52
ORD-008221,South,Furniture,2025-11-11,425.91,275.18,0.33,2,150.73
ORD-008222,South,Groceries,2025-11-25,150.19,109.11,0.31,4,41.08
ORD-008223,South,Furniture,2025-11-03,957.78,596.51,0.07,5,361.27
ORD-008224,South,Furniture,2025-11-28,466.38,357.81,0.28,3,108.57
ORD-008225,South,Groceries,2025-11-22,43.2,28.93,0.17,1,14.27
ORD-008226,South,Furniture,2025-11-08,821.67,570.04,0.35,5,251.63
ORD-008227,South,Electronics,2025-11-26,834.17,551.45,0.11,4,282.72
ORD-008228,South,Groceries,2025-11-18,32.57,26.52,0.1,1,6.05
ORD-008229,South,Groceries,2025-11-01,119.97,83.75,0.24,3,36.22
ORD-008230,South,Clothing,2025-11-18,279.24,163.32,0.17,5,115.92
ORD-008231,South,Furniture,2025-11-12,146.7,103.6,0.22,1,43.1
ORD-008232,South,Electronics,2025-11-26,200.02,136.0,0.28,1,64.02
ORD-008233,South,Furniture,2025-11-27,403.25,275.58,0.29,2,127.67
ORD-008234,South,Groceries,2025-11-13,26.92,20.51,0.14,1,6.41
ORD-008235,South,Groceries,2025-11-15,184.05,146.18,0.03,5,37.87
ORD-008236,South,Groceries,2025-11-05,31.7,24.85,0.26,1,6.85
ORD-008237,South,Groceries,2025-11-17,28.35,21.4,0.24,1,6.95
ORD-008238,South,Furniture,2025-11-08,421.29,322.17,0.22,2,99.12
ORD-008239,South,Groceries,2025-11-14,152.99,120.94,0.12,5,32.05
ORD-008240,South,Furniture,2025-11-28,671.98,458.12,0.29,3,213.86
ORD-008241,South,Groceries,2025-11-08,177.57,139.26,0.03,5,38.31
ORD-008242,South,Clothing,2025-11-06,264.85,152.66,0.26,4,112.19
ORD-008243,South,Electronics,2025-11-14,431.61,244.5,0.3,2,187.11
ORD-008244,South,Electronics,2025-11-07,926.51,589.18,0.09,4,337.33
ORD-008245,South,Furniture,2025-11-21,661.57,427.43,0.14,4,234.14
ORD-008246,South,Groceries,2025-11-04,117.4,96.23,0.03,3,21.17
ORD-008247,South,Electronics,2025-11-22,1033.39,616.15,0.22,5,417.24
ORD-008248,South,Clothing,2025-11-12,309.76,186.36,0.33,5,123.4
ORD-008249,South,Furniture,2025-11-15,166.07,105.93,0.19,1,60.14
ORD-008250,South,Electronics,2025-11-18,1182.67,813.8,0.28,5,368.87
ORD-008251,South,Furniture,2025-11-19,557.32,377.83,0.03,3,179.49
ORD-008252,South,Electronics,2025-11-23,721.82,457.51,0.04,3,264.31
ORD-008253,South,Electronics,2025-11-02,218.42,136.85,0.31,1,81.57
ORD-008254,South,Furniture,2025-11-17,578.11,358.72,0.24,3,219.39
ORD-008255,South,Clothing,2025-11-01,168.91,100.96,0.34,3,67.95
ORD-008256,South,Groceries,2025-11-04,35.75,28.27,0.31,1,7.48
ORD-008257,South,Electronics,2025-11-28,593.8,387.27,0.02,3,206.53
ORD-008258,South,Electronics,2025-11-10,754.32,509.9,0.33,4,244.42
ORD-008259,South,Furniture,2025-11-26,695.33,427.73,0.08,4,267.6
ORD-008260,South,Clothing,2025-11-19,78.75,50.03,0.11,1,28.72
ORD-008261,South,Clothing,2025-11-27,267.25,141.65,0.23,5,125.6
ORD-008262,South,Clothing,2025-11-09,352.05,209.35,0.29,5,142.7
ORD-008263,South,Clothing,2025-11-08,288.65,164.28,0.05,5,124.37
ORD-008264,South,Electronics,2025-11-23,510.16,305.24,0.3,2,204.92
ORD-008265,South,Furniture,2025-11-20,177.85,118.17,0.23,1,59.68
ORD-008266,South,Electronics,2025-11-26,416.05,272.48,0.07,2,143.57
ORD-008267,South,Furniture,2025-11-10,180.13,119.02,0.11,1,61.11
ORD-008268,South,Electronics,2025-11-09,628.36,403.67,0.14,3,224.69
ORD-008269,South,Groceries,2025-11-16,128.15,101.71,0.02,4,26.44
ORD-008270,South,Groceries,2025-11-12,153.95,126.84,0.17,4,27.11
ORD-008271,South,Groceries,2025-11-12,159.88,114.03,0.13,4,45.85
ORD-008272,South,Clothing,2025-11-01,206.4,115.69,0.19,4,90.71
ORD-008273,South,Electronics,2025-11-10,236.95,159.46,0.33,1,77.49
ORD-008274,South,Electronics,2025-11-14,1142.97,745.14,0.13,4,397.83
ORD-008275,South,Electronics,2025-11-18,1148.6,648.58,0.31,5,500.02
ORD-008276,South,Groceries,2025-11-16,103.41,73.4,0.12,3,30.01
ORD-008277,South,Clothing,2025-11-23,269.65,157.25,0.08,5,112.4
ORD-008278,South,Clothing,2025-11-10,66.58,41.58,0.05,1,25.0
ORD-008279,South,Groceries,2025-11-24,157.54,104.53,0.06,4,53.01
ORD-008280,South,Electronics,2025-11-13,1069.92,734.79,0.15,5,335.13
ORD-008281,South,Furniture,2025-11-26,321.5,217.93,0.34,2,103.57
ORD-008282,South,Furniture,2025-11-17,903.54,655.76,0.27,5,247.78
ORD-008283,South,Clothing,2025-11-07,126.4,75.36,0.29,2,51.04
ORD-008284,South,Electronics,2025-11-15,1274.37,847.04,0.04,5,427.33
ORD-008285,South,Clothing,2025-11-01,68.93,38.35,0.09,1,30.58
ORD-008286,South,Electronics,2025-11-18,489.23,295.12,0.21,2,194.11
ORD-008287,East,Groceries,2025-12-23,81.4,64.83,0.23,2,16.57
ORD-008288,East,Electronics,2025-12-25,891.41,536.39,0.09,4,355.02
ORD-008289,East,Furniture,2025-12-08,1017.26,656.04,0.05,5,361.22
ORD-008290,East,Electronics,2025-12-16,179.49,116.47,0.07,1,63.02
ORD-008291,East,Groceries,2025-12-11,35.85,24.46,0.15,1,11.39
ORD-008292,East,Furniture,2025-12-17,565.68,429.62,0.12,3,136.06
ORD-008293,East,Electronics,2025-12-20,587.78,418.43,0.14,2,169.35
ORD-008294,East,Electronics,2025-12-28,376.06,248.4,0.01,2,127.66
ORD-008295,East,Electronics,2025-12-28,167.93,119.32,0.29,1,48.61
ORD-008296,East,Furniture,2025-12-17,878.55,656.15,0.26,5,222.4
ORD-008297,East,Clothing,2025-12-11,237.7,151.99,0.34,4,85.71
ORD-008298,East,Furniture,2025-12-02,557.06,406.21,0.23,3,150.85
ORD-008299,East,Groceries,2025-12-19,120.75,93.68,0.17,3,27.07
ORD-008300,East,Electronics,2025-12-08,708.97,422.27,0.33,4,286.7
ORD-008301,East,Furniture,2025-12-18,634.32,436.61,0.14,4,197.71
ORD-008302,East,Clothing,2025-12-02,183.74,118.77,0.23,3,64.97
ORD-008303,East,Clothing,2025-12-22,126.38,73.14,0.14,2,53.24
ORD-008304,East,Electronics,2025-12-06,788.39,549.3,0.21,4,239.09
ORD-008305,East,Furniture,2025-12-24,202.76,133.05,0.03,1,69.71
ORD-008306,East,Groceries,2025-12-18,115.53,89.85,0.21,3,25.68
ORD-008307,East,Furniture,2025-12-18,698.86,462.89,0.19,4,235.97
ORD-008308,East,Electronics,2025-12-24,230.8,142.11,0.16,1,88.69
ORD-008309,East,Clothing,2025-12-05,139.42,81.39,0.09,2,58.03
ORD-008310,East,Electronics,2025-12-26,211.37,130.44,0.06,1,80.93
ORD-008311,East,Furniture,2025-12-09,871.66,645.02,0.31,5,226.64
ORD-008312,East,Furniture,2025-12-09,445.1,342.38,0.2,3,102.72
ORD-008313,East,Electronics,2025-12-18,427.15,239.5,0.34,2,187.65
ORD-008314,East,Electronics,2025-12-12,202.98,131.7,0.0,1,71.28
ORD-008315,East,Clothing,2025-12-21,225.65,123.81,0.01,4,101.84
ORD-008316,East,Groceries,2025-12-20,114.79,89.37,0.05,3,25.42
ORD-008317,East,Groceries,2025-12-19,174.41,130.49,0.28,5,43.92
ORD-008318,East,Electronics,2025-12-04,547.89,381.89,0.24,2,166.0
ORD-008319,East,Furniture,2025-12-07,779.89,555.9,0.19,5,223.99
ORD-008320,East,Clothing,2025-12-07,302.98,171.7,0.07,5,131.28
ORD-008321,East,Electronics,2025-12-23,1008.41,605.75,0.19,4,402.66
ORD-008322,East,Furniture,2025-12-24,338.33,246.05,0.1,2,92.28
ORD-008323,East,Electronics,2025-12-09,184.79,106.02,0.29,1,78.77
ORD-008324,East,Groceries,2025-12-21,33.73,26.7,0.1,1,7.03
ORD-008325,East,Groceries,2025-12-11,91.0,59.28,0.22,3,31.72
ORD-008326,East,Electronics,2025-12-03,825.38,474.1,0.06,4,351.28
ORD-008327,East,Groceries,2025-12-02,159.9,131.76,0.15,4,28.14
ORD-008328,East,Groceries,2025-12-18,183.0,124.22,0.33,5,58.78
ORD-008329,East,Groceries,2025-12-04,152.66,108.79,0.06,4,43.87
ORD-008330,East,Electronics,2025-12-27,1349.49,845.08,0.1,5,504.41
ORD-008331,East,Furniture,2025-12-27,928.3,705.06,0.27,5,223.24
ORD-008332,East,Furniture,2025-12-04,810.88,585.99,0.27,5,224.89
ORD-008333,East,Clothing,2025-12-07,259.09,167.42,0.14,4,91.67
ORD-008334,East,Electronics,2025-12-18,646.74,425.31,0.21,3,221.43
ORD-008335,East,Clothing,2025-12-28,176.84,117.33,0.27,3,59.51
ORD-008336,East,Groceries,2025-12-23,36.09,26.66,0.04,1,9.43
ORD-008337,East,Clothing,2025-12-02,166.69,108.93,0.32,3,57.76
ORD-008338,East,Clothing,2025-12-13,109.3,72.34,0.02,2,36.96
ORD-008339,East,Electronics,2025-12-26,481.92,322.26,0.19,2,159.66
ORD-008340,East,Furniture,2025-12-03,154.17,110.13,0.33,1,44.04
ORD-008341,East,Furniture,2025-12-26,195.21,126.23,0.33,1,68.98
ORD-008342,East,Electronics,2025-12-07,226.04,151.0,0.27,1,75.04
ORD-008343,East,Groceries,2025-12-05,77.84,54.88,0.34,2,22.96
ORD-008344,East,Furniture,2025-12-10,415.87,277.07,0.25,2,138.8
ORD-008345,East,Furniture,2025-12-18,616.34,379.95,0.24,4,236.39
ORD-008346,East,Clothing,2025-12-06,234.43,152.2,0.21,4,82.23
ORD-008347,East,Clothing,2025-12-20,131.92,71.81,0.17,2,60.11
ORD-008348,East,Electronics,2025-12-20,866.09,484.38,0.33,3,381.71
ORD-008349,East,Groceries,2025-12-04,93.89,64.37,0.34,3,29.52
ORD-008350,East,Furniture,2025-12-20,170.82,124.09,0.3,1,46.73
ORD-008351,East,Electronics,2025-12-07,199.72,138.73,0.01,1,60.99
ORD-008352,East,Furniture,2025-12-24,774.72,555.22,0.02,4,219.5
ORD-008353,East,Electronics,2025-12-09,615.71,347.51,0.13,3,268.2
ORD-008354,East,Clothing,2025-12-11,229.09,136.21,0.32,5,92.88
ORD-008355,East,Groceries,2025-12-02,161.72,120.6,0.12,4,41.12
ORD-008356,East,Furniture,2025-12-25,378.46,268.17,0.06,2,110.29
ORD-008357,East,Clothing,2025-12-14,54.02,35.59,0.35,1,18.43
ORD-008358,East,Groceries,2025-12-21,153.39,108.22,0.33,4,45.17
ORD-008359,East,Furniture,2025-12-06,326.19,245.97,0.11,2,80.22
ORD-008360,East,Clothing,2025-12-18,284.72,183.74,0.3,5,100.98
ORD-008361,East,Electronics,2025-12-04,548.41,325.85,0.12,3,222.56
ORD-008362,East,Groceries,2025-12-05,67.43,47.27,0.12,2,20.16
ORD-008363,East,Furniture,2025-12-08,522.04,391.54,0.19,3,130.5
ORD-008364,East,Groceries,2025-12-04,69.28,55.22,0.22,2,14.06
ORD-008365,East,Groceries,2025-12-17,124.36,82.79,0.01,3,41.57
ORD-008366,East,Furniture,2025-12-24,474.18,310.54,0.34,3,163.64
ORD-008367,East,Clothing,2025-12-12,68.96,43.55,0.32,1,25.41
ORD-008368,East,Clothing,2025-12-04,125.28,72.71,0.32,2,52.57
ORD-008369,East,Clothing,2025-12-23,61.67,32.41,0.27,1,29.26
ORD-008370,East,Clothing,2025-12-04,118.6,64.48,0.26,2,54.12
ORD-008371,East,Clothing,2025-12-01,171.49,99.65,0.18,3,71.84
ORD-008372,East,Groceries,2025-12-26,35.39,27.45,0.18,1,7.94
ORD-008373,East,Groceries,2025-12-09,83.59,55.86,0.32,3,27.73
ORD-008374,East,Groceries,2025-12-08,206.75,148.05,0.05,5,58.7
ORD-008375,East,Electronics,2025-12-24,855.21,545.53,0.32,4,309.68
ORD-008376,East,Electronics,2025-12-16,192.33,131.45,0.08,1,60.88
ORD-008377,East,Electronics,2025-12-22,735.81,478.94,0.08,4,256.87
ORD-008378,East,Groceries,2025-12-11,94.34,74.62,0.03,3,19.72
ORD-008379,East,Clothing,2025-12-27,295.76,157.89,0.32,5,137.87
ORD-008380,East,Electronics,2025-12-11,776.02,519.85,0.09,4,256.17
ORD-008381,East,Electronics,2025-12-12,862.87,586.41,0.18,4,276.46
ORD-008382,East,Furniture,2025-12-05,191.09,128.28,0.13,1,62.81
ORD-008383,East,Electronics,2025-12-27,854.5,502.32,0.17,4,352.18
ORD-008384,East,Electronics,2025-12-17,1192.18,729.84,0.28,5,462.34
ORD-008385,East,Furniture,2025-12-04,1151.18,879.94,0.3,5,271.24
ORD-008386,East,Clothing,2025-12-24,69.59,37.56,0.01,1,32.03
ORD-008387,East,Electronics,2025-12-24,944.88,595.37,0.09,4,349.51
ORD-008388,East,Groceries,2025-12-23,179.72,128.7,0.32,5,51.02
ORD-008389,East,Groceries,2025-12-19,242.76,172.03,0.26,5,70.73
ORD-008390,East,Groceries,2025-12-09,136.48,94.91,0.34,4,41.57
ORD-008391,East,Furniture,2025-12-28,137.64,91.1,0.21,1,46.54
ORD-008392,East,Electronics,2025-12-13,480.59,311.12,0.14,2,169.47
ORD-008393,East,Furniture,2025-12-25,406.79,312.76,0.19,2,94.03
ORD-008394,East,Clothing,2025-12-03,283.79,178.28,0.32,5,105.51
ORD-008395,East,Furniture,2025-12-05,510.69,392.2,0.23,3,118.49
ORD-008396,East,Electronics,2025-12-12,786.39,462.16,0.06,4,324.23
ORD-008397,East,Clothing,2025-12-16,217.83,133.18,0.33,4,84.65
ORD-008398,East,Groceries,2025-12-01,175.56,133.57,0.09,5,41.99
ORD-008399,East,Electronics,2025-12-28,233.56,137.01,0.23,1,96.55
ORD-008400,East,Clothing,2025-12-08,57.42,36.34,0.28,1,21.08
ORD-008401,East,Clothing,2025-12-01,243.66,147.07,0.15,4,96.59
ORD-008402,East,Electronics,2025-12-17,930.14,597.98,0.07,4,332.16
ORD-008403,East,Clothing,2025-12-03,228.14,140.39,0.14,3,87.75
ORD-008404,East,Groceries,2025-12-15,139.92,101.86,0.28,4,38.06
ORD-008405,East,Groceries,2025-12-12,56.11,37.91,0.3,2,18.2
ORD-008406,East,Furniture,2025-12-04,539.46,342.19,0.31,3,197.27
ORD-008407,East,Clothing,2025-12-19,410.62,271.67,0.3,5,138.95
ORD-008408,East,Clothing,2025-12-11,49.57,28.31,0.3,1,21.26
ORD-008409,East,Electronics,2025-12-07,196.44,121.83,0.22,1,74.61
ORD-008410,East,Groceries,2025-12-26,101.14,66.4,0.13,3,34.74
ORD-008411,East,Clothing,2025-12-26,126.51,71.28,0.32,2,55.23
ORD-008412,East,Furniture,2025-12-12,475.36,300.04,0.04,2,175.32
ORD-008413,East,Clothing,2025-12-21,223.19,136.12,0.05,3,87.07
ORD-008414,East,Electronics,2025-12-03,248.99,176.94,0.08,1,72.05
ORD-008415,East,Electronics,2025-12-23,368.23,217.24,0.08,2,150.99
ORD-008416,East,Electronics,2025-12-03,407.68,255.29,0.05,2,152.39
ORD-008417,East,Clothing,2025-12-01,196.17,106.02,0.01,3,90.15
ORD-008418,East,Furniture,2025-12-05,346.04,239.94,0.3,2,106.1
ORD-008419,East,Furniture,2025-12-03,199.88,137.48,0.1,1,62.4
ORD-008420,East,Electronics,2025-12-15,1201.37,820.24,0.07,5,381.13
ORD-008421,East,Clothing,2025-12-12,346.51,211.88,0.24,5,134.63
ORD-008422,West,Clothing,2025-12-16,216.22,130.02,0.02,3,86.2
ORD-008423,West,Furniture,2025-12-02,587.9,407.33,0.14,3,180.57
ORD-008424,West,Electronics,2025-12-04,543.74,384.96,0.17,3,158.78
ORD-008425,West,Clothing,2025-12-13,194.08,101.91,0.13,3,92.17
ORD-008426,West,Groceries,2025-12-10,86.84,67.1,0.26,2,19.74
ORD-008427,West,Clothing,2025-12-10,207.82,119.1,0.1,4,88.72
ORD-008428,West,Groceries,2025-12-27,162.41,120.83,0.3,5,41.58
ORD-008429,West,Electronics,2025-12-25,892.92,553.5,0.09,4,339.42
ORD-008430,West,Clothing,2025-12-13,147.69,95.4,0.28,3,52.29
ORD-008431,West,Electronics,2025-12-20,1106.4,687.59,0.03,5,418.81
ORD-008432,West,Clothing,2025-12-09,182.24,96.26,0.11,3,85.98
ORD-008433,West,Furniture,2025-12-02,317.69,242.78,0.21,2,74.91
ORD-008434,West,Furniture,2025-12-07,214.69,153.31,0.3,1,61.38
ORD-008435,West,Groceries,2025-12-13,31.44,24.38,0.33,1,7.06
ORD-008436,West,Groceries,2025-12-28,139.7,111.57,0.02,4,28.13
ORD-008437,West,Electronics,2025-12-19,600.96,371.51,0.0,3,229.45
ORD-008438,West,Electronics,2025-12-06,208.41,127.02,0.2,1,81.39
ORD-008439,West,Clothing,2025-12-01,129.65,68.76,0.31,2,60.89
ORD-008440,West,Groceries,2025-12-26,113.26,89.08,0.06,3,24.18
ORD-008441,West,Groceries,2025-12-01,156.7,114.55,0.28,5,42.15
ORD-008442,West,Clothing,2025-12-10,66.03,42.07,0.34,1,23.96
ORD-008443,West,Electronics,2025-12-21,682.12,413.61,0.01,3,268.51
ORD-008444,West,Clothing,2025-12-04,109.7,61.47,0.21,2,48.23
ORD-008445,West,Electronics,2025-12-20,961.44,587.6,0.18,5,373.84
ORD-008446,West,Furniture,2025-12-17,395.23,244.15,0.08,2,151.08
ORD-008447,West,Electronics,2025-12-07,230.43,147.41,0.04,1,83.02
ORD-008448,West,Furniture,2025-12-22,571.45,404.34,0.01,3,167.11
ORD-008449,West,Furniture,2025-12-08,313.97,240.64,0.21,2,73.33
ORD-008450,West,Groceries,2025-12-06,108.72,73.36,0.03,3,35.36
ORD-008451,West,Electronics,2025-12-26,1165.28,819.8,0.3,5,345.48
ORD-008452,West,Clothing,2025-12-26,121.58,78.56,0.24,2,43.02
ORD-008453,West,Furniture,2025-12-18,558.25,429.81,0.06,3,128.44
ORD-008454,West,Electronics,2025-12-08,982.73,563.15,0.23,4,419.58
ORD-008455,West,Furniture,2025-12-26,443.33,309.59,0.13,3,133.74
ORD-008456,West,Groceries,2025-12-07,74.83,61.04,0.21,2,13.79
ORD-008457,West,Groceries,2025-12-13,106.11,86.72,0.26,3,19.39
ORD-008458,West,Groceries,2025-12-24,155.52,108.01,0.26,4,47.51
ORD-008459,West,Groceries,2025-12-23,74.67,56.73,0.23,2,17.94
ORD-008460,West,Furniture,2025-12-17,291.24,205.21,0.07,2,86.03
ORD-008461,West,Furniture,2025-12-05,190.82,146.04,0.24,1,44.78
ORD-008462,West,Groceries,2025-12-21,29.19,21.74,0.19,1,7.45
ORD-008463,West,Furniture,2025-12-03,729.02,452.01,0.07,5,277.01
ORD-008464,West,Furniture,2025-12-28,961.52,718.35,0.15,5,243.17
ORD-008465,West,Electronics,2025-12-01,958.9,597.01,0.14,4,361.89
ORD-008466,West,Clothing,2025-12-02,125.58,65.98,0.31,2,59.6
ORD-008467,West,Furniture,2025-12-17,776.36,510.5,0.05,5,265.86
ORD-008468,West,Furniture,2025-12-26,355.09,235.92,0.09,2,119.17
ORD-008469,West,Furniture,2025-12-07,1051.88,649.95,0.07,5,401.93
ORD-008470,West,Electronics,2025-12-24,388.36,230.43,0.14,2,157.93
ORD-008471,West,Electronics,2025-12-04,937.61,624.35,0.22,4,313.26
ORD-008472,West,Furniture,2025-12-14,745.08,462.63,0.23,4,282.45
ORD-008473,West,Furniture,2025-12-09,524.45,397.79,0.33,3,126.66
ORD-008474,West,Electronics,2025-12-05,749.57,508.19,0.17,3,241.38
ORD-008475,West,Groceries,2025-12-25,35.11,23.65,0.03,1,11.46
ORD-008476,West,Groceries,2025-12-16,80.15,62.46,0.26,2,17.69
ORD-008477,West,Electronics,2025-12-04,613.69,388.34,0.35,3,225.35
ORD-008478,West,Electronics,2025-12-18,200.22,113.84,0.18,1,86.38
ORD-008479,West,Groceries,2025-12-13,208.52,161.43,0.27,5,47.09
ORD-008480,West,Groceries,2025-12-13,63.82,46.79,0.34,2,17.03
ORD-008481,West,Groceries,2025-12-18,34.08,27.61,0.06,1,6.47
ORD-008482,West,Electronics,2025-12-12,421.33,238.54,0.11,2,182.79
ORD-008483,West,Clothing,2025-12-19,201.77,111.23,0.25,3,90.54
ORD-008484,West,Electronics,2025-12-01,959.33,626.6,0.15,5,332.73
ORD-008485,West,Furniture,2025-12-19,483.48,349.98,0.25,2,133.5
ORD-008486,West,Electronics,2025-12-12,216.16,147.33,0.27,1,68.83
ORD-008487,West,Clothing,2025-12-13,66.43,41.47,0.11,1,24.96
ORD-008488,West,Groceries,2025-12-11,38.11,30.37,0.26,1,7.74
ORD-008489,West,Furniture,2025-12-12,528.95,362.9,0.21,3,166.05
ORD-008490,West,Clothing,2025-12-04,108.82,57.65,0.26,2,51.17
ORD-008491,West,Electronics,2025-12-14,1120.91,681.4,0.22,5,439.51
ORD-008492,West,Furniture,2025-12-14,198.55,134.48,0.19,1,64.07
ORD-008493,West,Clothing,2025-12-08,58.24,37.34,0.19,1,20.9
ORD-008494,West,Groceries,2025-12-02,37.12,27.78,0.04,1,9.34
ORD-008495,West,Furniture,2025-12-01,545.86,419.47,0.33,3,126.39
ORD-008496,West,Electronics,2025-12-01,945.0,610.39,0.2,4,334.61
ORD-008497,West,Clothing,2025-12-12,135.61,87.53,0.17,2,48.08
ORD-008498,West,Clothing,2025-12-26,310.41,202.04,0.11,5,108.37
ORD-008499,West,Groceries,2025-12-09,209.21,162.71,0.32,5,46.5
ORD-008500,West,Clothing,2025-12-21,226.87,136.76,0.31,3,90.11
ORD-008501,West,Electronics,2025-12-04,230.44,162.38,0.07,1,68.06
ORD-008502,West,Furniture,2025-12-01,966.78,687.43,0.03,5,279.35
ORD-008503,West,Groceries,2025-12-25,66.61,49.01,0.07,3,17.6
ORD-008504,West,Furniture,2025-12-11,1004.04,682.95,0.29,5,321.09
ORD-008505,West,Clothing,2025-12-08,323.44,202.76,0.08,5,120.68
ORD-008506,West,Electronics,2025-12-20,621.95,359.03,0.17,3,262.92
ORD-008507,West,Furniture,2025-12-01,174.68,121.5,0.01,1,53.18
ORD-008508,West,Groceries,2025-12-17,37.97,26.53,0.14,1,11.44
ORD-008509,West,Clothing,2025-12-26,261.77,161.05,0.28,5,100.72
ORD-008510,West,Electronics,2025-12-21,255.64,153.51,0.08,1,102.13
ORD-008511,West,Electronics,2025-12-04,849.05,483.15,0.24,4,365.9
ORD-008512,West,Furniture,2025-12-04,666.3,427.94,0.17,4,238.36
ORD-008513,West,Groceries,2025-12-22,126.53,95.31,0.02,4,31.22
ORD-008514,West,Furniture,2025-12-09,607.94,470.39,0.28,3,137.55
ORD-008515,West,Clothing,2025-12-20,101.78,59.86,0.3,2,41.92
ORD-008516,West,Clothing,2025-12-21,238.4,143.04,0.13,4,95.36
ORD-008517,West,Electronics,2025-12-19,600.99,403.61,0.03,3,197.38
ORD-008518,West,Electronics,2025-12-10,726.27,408.36,0.01,4,317.91
ORD-008519,West,Furniture,2025-12-04,986.2,749.33,0.35,5,236.87
ORD-008520,West,Clothing,2025-12-07,166.45,100.85,0.27,3,65.6
ORD-008521,West,Clothing,2025-12-23,72.93,48.51,0.28,1,24.42
ORD-008522,West,Electronics,2025-12-11,1004.44,595.38,0.14,4,409.06
ORD-008523,West,Clothing,2025-12-16,146.18,81.87,0.32,3,64.31
ORD-008524,West,Electronics,2025-12-26,1111.24,707.49,0.33,4,403.75
ORD-008525,West,Electronics,2025-12-24,1101.36,686.22,0.23,5,415.14
ORD-008526,West,Electronics,2025-12-19,469.45,313.68,0.21,2,155.77
ORD-008527,West,Electronics,2025-12-03,246.87,142.4,0.22,1,104.47
ORD-008528,West,Groceries,2025-12-04,191.26,155.76,0.33,5,35.5
ORD-008529,West,Electronics,2025-12-23,879.42,592.48,0.12,3,286.94
ORD-008530,West,Electronics,2025-12-14,403.25,251.53,0.14,2,151.72
ORD-008531,West,Groceries,2025-12-16,112.09,76.16,0.35,3,35.93
ORD-008532,West,Furniture,2025-12-03,607.17,404.43,0.1,4,202.74
ORD-008533,West,Electronics,2025-12-13,1011.55,686.53,0.06,5,325.02
ORD-008534,West,Electronics,2025-12-03,1081.14,622.19,0.01,5,458.95
ORD-008535,West,Electronics,2025-12-28,433.53,246.2,0.2,2,187.33
ORD-008536,West,Furniture,2025-12-03,704.72,512.09,0.17,4,192.63
ORD-008537,West,Furniture,2025-12-23,463.35,357.08,0.04,2,106.27
ORD-008538,West,Furniture,2025-12-07,670.47,506.05,0.22,4,164.42
ORD-008539,West,Electronics,2025-12-22,198.41,115.66,0.09,1,82.75
ORD-008540,West,Furniture,2025-12-21,722.85,448.61,0.2,4,274.24
ORD-008541,West,Clothing,2025-12-09,100.61,64.24,0.01,2,36.37
ORD-008542,West,Electronics,2025-12-09,971.41,642.36,0.29,5,329.05
ORD-008543,West,Furniture,2025-12-07,380.38,258.4,0.23,2,121.98
ORD-008544,West,Groceries,2025-12-13,179.44,122.02,0.2,5,57.42
ORD-008545,West,Clothing,2025-12-22,106.93,71.13,0.18,2,35.8
ORD-008546,West,Groceries,2025-12-21,66.79,43.64,0.34,2,23.15
ORD-008547,West,Groceries,2025-12-15,44.35,29.63,0.02,1,14.72
ORD-008548,West,Clothing,2025-12-12,334.24,189.08,0.21,5,145.16
ORD-008549,West,Clothing,2025-12-26,141.01,79.74,0.03,2,61.27
ORD-008550,West,Groceries,2025-12-24,192.8,132.13,0.24,4,60.67
ORD-008551,West,Clothing,2025-12-21,131.17,87.19,0.19,2,43.98
ORD-008552,West,Clothing,2025-12-02,236.44,127.75,0.14,4,108.69
ORD-008553,West,Groceries,2025-12-21,62.63,48.41,0.22,2,14.22
ORD-008554,West,Groceries,2025-12-16,42.14,32.86,0.26,1,9.28
ORD-008555,West,Furniture,2025-12-03,337.89,255.03,0.11,2,82.86
ORD-008556,West,Clothing,2025-12-08,133.87,76.42,0.05,2,57.45
ORD-008557,West,Furniture,2025-12-21,184.84,122.54,0.25,1,62.3
ORD-008558,West,Furniture,2025-12-13,841.82,569.85,0.19,5,271.97
ORD-008559,West,Electronics,2025-12-10,556.37,386.84,0.01,3,169.53
ORD-008560,West,Clothing,2025-12-22,67.4,37.7,0.06,1,29.7
ORD-008561,West,Electronics,2025-12-26,469.55,295.25,0.09,2,174.3
ORD-008562,West,Clothing,2025-12-10,212.64,112.8,0.32,4,99.84
ORD-008563,West,Furniture,2025-12-02,898.56,669.07,0.16,5,229.49
ORD-008564,West,Groceries,2025-12-07,37.33,29.88,0.18,1,7.45
ORD-008565,West,Furniture,2025-12-04,177.74,121.55,0.32,1,56.19
ORD-008566,West,Electronics,2025-12-14,565.29,341.65,0.13,3,223.64
ORD-008567,West,Groceries,2025-12-06,155.31,102.14,0.18,4,53.17
ORD-008568,West,Furniture,2025-12-06,708.42,471.95,0.0,5,236.47
ORD-008569,West,Clothing,2025-12-22,126.69,76.68,0.11,2,50.01
ORD-008570,North,Furniture,2025-12-21,470.29,307.11,0.09,3,163.18
ORD-008571,North,Furniture,2025-12-14,178.19,115.08,0.25,1,63.11
ORD-008572,North,Groceries,2025-12-06,35.25,25.13,0.21,1,10.12
ORD-008573,North,Groceries,2025-12-25,33.23,26.06,0.18,1,7.17
ORD-008574,North,Clothing,2025-12-25,52.0,27.6,0.09,1,24.4
ORD-008575,North,Clothing,2025-12-01,59.12,36.09,0.29,1,23.03
ORD-008576,North,Clothing,2025-12-03,339.18,215.92,0.04,5,123.26
ORD-008577,North,Furniture,2025-12-19,826.38,557.8,0.04,5,268.58
ORD-008578,North,Clothing,2025-12-07,105.45,62.94,0.03,2,42.51
ORD-008579,North,Furniture,2025-12-05,450.23,302.81,0.17,2,147.42
ORD-008580,North,Furniture,2025-12-03,808.58,500.24,0.09,4,308.34
ORD-008581,North,Electronics,2025-12-05,662.32,464.77,0.07,3,197.55
ORD-008582,North,Clothing,2025-12-02,206.51,119.82,0.04,3,86.69
ORD-008583,North,Clothing,2025-12-05,217.07,131.93,0.26,4,85.14
ORD-008584,North,Electronics,2025-12-09,1275.02,801.05,0.22,5,473.97
ORD-008585,North,Furniture,2025-12-19,350.12,232.1,0.31,2,118.02
ORD-008586,North,Clothing,2025-12-02,279.16,174.71,0.22,5,104.45
ORD-008587,North,Groceries,2025-12-19,35.95,23.57,0.19,1,12.38
ORD-008588,North,Furniture,2025-12-27,846.1,647.27,0.26,4,198.83
ORD-008589,North,Clothing,2025-12-16,133.09,79.27,0.29,2,53.82
ORD-008590,North,Electronics,2025-12-26,768.76,481.09,0.07,4,287.67
ORD-008591,North,Electronics,2025-12-17,680.83,380.25,0.09,3,300.58
ORD-008592,North,Electronics,2025-12-27,361.22,224.28,0.34,2,136.94
ORD-008593,North,Furniture,2025-12-27,490.24,357.52,0.18,3,132.72
ORD-008594,North,Groceries,2025-12-10,126.43,86.63,0.09,4,39.8
ORD-008595,North,Electronics,2025-12-24,219.26,136.77,0.13,1,82.49
ORD-008596,North,Furniture,2025-12-24,576.96,418.17,0.24,3,158.79
ORD-008597,North,Clothing,2025-12-11,130.14,72.55,0.08,2,57.59
ORD-008598,North,Groceries,2025-12-22,211.5,138.54,0.26,5,72.96
ORD-008599,North,Groceries,2025-12-26,38.52,29.45,0.04,1,9.07
ORD-008600,North,Electronics,2025-12-08,832.8,582.58,0.3,4,250.22
ORD-008601,North,Electronics,2025-12-11,549.98,352.08,0.28,3,197.9
ORD-008602,North,Clothing,2025-12-25,292.65,180.69,0.33,5,111.96
ORD-008603,North,Clothing,2025-12-05,262.1,139.69,0.04,5,122.41
ORD-008604,North,Furniture,2025-12-21,796.11,530.53,0.12,5,265.58
ORD-008605,North,Groceries,2025-12-06,170.18,129.39,0.18,5,40.79
ORD-008606,North,Electronics,2025-12-22,405.25,260.54,0.23,2,144.71
ORD-008607,North,Electronics,2025-12-05,513.7,300.33,0.04,2,213.37
ORD-008608,North,Electronics,2025-12-12,595.02,386.89,0.33,3,208.13
ORD-008609,North,Furniture,2025-12-14,968.24,605.99,0.06,5,362.25
ORD-008610,North,Electronics,2025-12-20,202.85,114.18,0.26,1,88.67
ORD-008611,North,Electronics,2025-12-26,954.73,577.69,0.08,4,377.04
ORD-008612,North,Groceries,2025-12-23,64.67,42.1,0.21,2,22.57
ORD-008613,North,Electronics,2025-12-11,1248.45,841.45,0.18,5,407.0
ORD-008614,North,Clothing,2025-12-04,254.02,145.44,0.33,3,108.58
ORD-008615,North,Clothing,2025-12-04,172.56,104.1,0.07,3,68.46
ORD-008616,North,Electronics,2025-12-27,179.46,116.16,0.07,1,63.3
ORD-008617,North,Furniture,2025-12-06,470.88,320.22,0.13,3,150.66
ORD-008618,North,Clothing,2025-12-27,56.41,32.84,0.19,1,23.57
ORD-008619,North,Electronics,2025-12-12,945.87,533.84,0.28,4,412.03
ORD-008620,North,Electronics,2025-12-20,823.44,545.08,0.23,4,278.36
ORD-008621,North,Groceries,2025-12-06,93.62,75.85,0.08,3,17.77
ORD-008622,North,Electronics,2025-12-10,496.57,289.2,0.04,2,207.37
ORD-008623,North,Groceries,2025-12-12,181.11,135.57,0.0,5,45.54
ORD-008624,North,Furniture,2025-12-02,859.47,617.28,0.0,4,242.19
ORD-008625,North,Furniture,2025-12-27,754.71,584.35,0.34,4,170.36
ORD-008626,North,Electronics,2025-12-17,1389.24,927.9,0.27,5,461.34
ORD-008627,North,Electronics,2025-12-26,499.66,328.75,0.31,2,170.91
ORD-008628,North,Furniture,2025-12-16,883.95,680.5,0.16,5,203.45
ORD-008629,North,Clothing,2025-12-04,284.55,149.42,0.17,5,135.13
ORD-008630,North,Furniture,2025-12-03,397.46,261.24,0.31,2,136.22
ORD-008631,North,Electronics,2025-12-14,628.42,435.42,0.24,3,193.0
ORD-008632,North,Electronics,2025-12-04,235.5,159.53,0.1,1,75.97
ORD-008633,North,Electronics,2025-12-05,1051.15,641.05,0.12,5,410.1
ORD-008634,North,Electronics,2025-12-13,496.55,318.3,0.23,2,178.25
ORD-008635,North,Furniture,2025-12-05,223.1,152.19,0.13,1,70.91
ORD-008636,North,Electronics,2025-12-28,668.17,420.1,0.03,3,248.07
ORD-008637,North,Clothing,2025-12-08,66.15,35.17,0.1,1,30.98
ORD-008638,North,Clothing,2025-12-12,128.87,82.02,0.34,2,46.85
ORD-008639,North,Furniture,2025-12-18,659.22,465.64,0.26,4,193.58
ORD-008640,North,Clothing,2025-12-09,269.31,161.84,0.23,4,107.47
ORD-008641,North,Furniture,2025-12-04,1142.55,843.88,0.05,5,298.67
ORD-008642,North,Groceries,2025-12-14,65.81,46.68,0.13,2,19.13
ORD-008643,North,Groceries,2025-12-16,117.47,96.37,0.13,3,21.1
ORD-008644,North,Clothing,2025-12-04,193.7,128.05,0.13,3,65.65
ORD-008645,North,Electronics,2025-12-16,208.14,130.41,0.22,1,77.73
ORD-008646,North,Electronics,2025-12-27,581.42,356.99,0.15,3,224.43
ORD-008647,North,Groceries,2025-12-14,37.74,24.88,0.09,1,12.86
ORD-008648,North,Furniture,2025-12-04,1147.32,803.58,0.09,5,343.74
ORD-008649,North,Electronics,2025-12-08,768.01,451.87,0.02,4,316.14
ORD-008650,North,Groceries,2025-12-05,105.33,86.41,0.27,3,18.92
ORD-008651,North,Electronics,2025-12-25,367.21,247.08,0.21,2,120.13
ORD-008652,North,Furniture,2025-12-28,635.94,476.61,0.04,4,159.33
ORD-008653,North,Clothing,2025-12-28,123.07,68.84,0.27,2,54.23
ORD-008654,North,Clothing,2025-12-21,201.19,107.82,0.24,4,93.37
ORD-008655,North,Clothing,2025-12-06,144.49,89.05,0.23,2,55.44
ORD-008656,North,Clothing,2025-12-13,127.59,72.56,0.08,2,55.03
ORD-008657,North,Furniture,2025-12-18,635.7,434.01,0.27,4,201.69
ORD-008658,North,Groceries,2025-12-12,74.0,60.08,0.11,2,13.92
ORD-008659,North,Clothing,2025-12-17,285.31,184.68,0.05,5,100.63
ORD-008660,North,Electronics,2025-12-06,219.51,134.18,0.24,1,85.33
ORD-008661,South,Furniture,2025-12-15,625.96,424.31,0.09,4,201.65
ORD-008662,South,Electronics,2025-12-13,956.67,547.18,0.13,4,409.49
ORD-008663,South,Furniture,2025-12-27,171.37,132.33,0.18,1,39.04
ORD-008664,South,Clothing,2025-12-03,128.18,73.47,0.25,2,54.71
ORD-008665,South,Groceries,2025-12-20,108.03,82.08,0.26,3,25.95
ORD-008666,South,Electronics,2025-12-05,999.4,606.45,0.02,5,392.95
ORD-008667,South,Groceries,2025-12-27,127.66,95.5,0.26,2,32.16
ORD-008668,South,Groceries,2025-12-21,117.05,79.92,0.15,3,37.13
ORD-008669,South,Electronics,2025-12-01,804.49,489.96,0.03,4,314.53
ORD-008670,South,Groceries,2025-12-04,175.96,132.05,0.34,5,43.91
ORD-008671,South,Electronics,2025-12-07,877.0,565.25,0.28,4,311.75
ORD-008672,South,Electronics,2025-12-09,1112.65,745.3,0.11,5,367.35
ORD-008673,South,Electronics,2025-12-17,875.05,495.98,0.08,4,379.07
ORD-008674,South,Groceries,2025-12-17,58.01,42.72,0.35,2,15.29
ORD-008675,South,Electronics,2025-12-05,378.09,242.32,0.35,2,135.77
ORD-008676,South,Clothing,2025-12-21,158.94,83.37,0.32,3,75.57
ORD-008677,South,Furniture,2025-12-01,724.81,486.76,0.1,5,238.05
ORD-008678,South,Electronics,2025-12-08,425.25,276.1,0.11,2,149.15
ORD-008679,South,Electronics,2025-12-22,901.26,503.23,0.35,5,398.03
ORD-008680,South,Electronics,2025-12-08,618.45,437.29,0.29,3,181.16
ORD-008681,South,Clothing,2025-12-14,207.98,118.67,0.11,3,89.31
ORD-008682,South,Groceries,2025-12-20,166.39,137.58,0.06,5,28.81
ORD-008683,South,Electronics,2025-12-11,1027.95,577.42,0.03,4,450.53
ORD-008684,South,Furniture,2025-12-28,751.69,546.68,0.3,5,205.01
ORD-008685,South,Clothing,2025-12-03,114.58,64.11,0.28,2,50.47
ORD-008686,South,Clothing,2025-12-05,59.58,32.31,0.17,1,27.27
ORD-008687,South,Furniture,2025-12-28,175.86,109.12,0.18,1,66.74
ORD-008688,South,Groceries,2025-12-11,37.29,26.96,0.2,1,10.33
ORD-008689,South,Furniture,2025-12-25,673.97,455.9,0.27,4,218.07
ORD-008690,South,Electronics,2025-12-08,465.95,301.09,0.29,2,164.86
ORD-008691,South,Furniture,2025-12-13,667.64,518.7,0.1,4,148.94
ORD-008692,South,Electronics,2025-12-24,433.39,261.89,0.19,2,171.5
ORD-008693,South,Clothing,2025-12-01,47.31,26.92,0.17,1,20.39
ORD-008694,South,Electronics,2025-12-02,754.58,458.61,0.32,4,295.97
ORD-008695,South,Furniture,2025-12-10,879.19,577.68,0.22,4,301.51
ORD-008696,South,Furniture,2025-12-11,830.97,563.88,0.28,4,267.09
ORD-008697,South,Furniture,2025-12-06,792.33,519.38,0.32,4,272.95
ORD-008698,South,Groceries,2025-12-28,111.03,79.05,0.22,3,31.98
ORD-008699,South,Furniture,2025-12-25,298.12,220.23,0.27,2,77.89
ORD-008700,South,Groceries,2025-12-03,123.21,96.09,0.21,4,27.12
ORD-008701,South,Furniture,2025-12-11,638.15,490.62,0.26,3,147.53
ORD-008702,South,Clothing,2025-12-03,69.52,40.65,0.04,1,28.87
ORD-008703,South,Electronics,2025-12-03,565.49,316.52,0.26,3,248.97
ORD-008704,South,Furniture,2025-12-15,1156.92,802.81,0.3,5,354.11
ORD-008705,South,Electronics,2025-12-08,989.0,703.68,0.32,4,285.32
ORD-008706,South,Furniture,2025-12-24,636.06,453.35,0.06,3,182.71
ORD-008707,South,Furniture,2025-12-07,1117.85,765.59,0.2,5,352.26
ORD-008708,South,Electronics,2025-12-15,1005.56,583.54,0.18,4,422.02
ORD-008709,South,Electronics,2025-12-12,956.61,614.3,0.17,5,342.31
ORD-008710,South,Electronics,2025-12-08,964.76,663.04,0.02,4,301.72
ORD-008711,South,Electronics,2025-12-23,896.49,532.15,0.34,4,364.34
ORD-008712,South,Furniture,2025-12-05,731.45,480.06,0.06,4,251.39
ORD-008713,South,Groceries,2025-12-13,42.43,34.36,0.07,1,8.07
ORD-008714,South,Electronics,2025-12-08,816.42,503.9,0.17,3,312.52
ORD-008715,South,Electronics,2025-12-01,632.52,367.69,0.28,3,264.83
ORD-008716,South,Groceries,2025-12-26,41.61,29.11,0.17,1,12.5
ORD-008717,South,Electronics,2025-12-27,815.33,491.17,0.27,4,324.16
ORD-008718,South,Electronics,2025-12-22,215.21,148.91,0.35,1,66.3
ORD-008719,South,Electronics,2025-12-16,927.21,632.41,0.17,5,294.8
ORD-008720,South,Groceries,2025-12-25,108.98,72.96,0.22,3,36.02
ORD-008721,South,Electronics,2025-12-08,207.71,133.23,0.19,1,74.48
ORD-008722,South,Electronics,2025-12-05,493.96,330.77,0.16,2,163.19
ORD-008723,South,Furniture,2025-12-28,681.09,424.35,0.28,4,256.74
ORD-008724,South,Electronics,2025-12-21,486.55,282.46,0.33,2,204.09
ORD-008725,South,Furniture,2025-12-10,558.32,369.2,0.02,3,189.12
ORD-008726,South,Furniture,2025-12-20,331.6,229.64,0.18,2,101.96
ORD-008727,South,Furniture,2025-12-11,326.17,208.37,0.25,2,117.8
ORD-008728,South,Clothing,2025-12-12,197.07,120.24,0.01,4,76.83
ORD-008729,South,Furniture,2025-12-14,974.14,596.41,0.33,5,377.73
ORD-008730,South,Electronics,2025-12-04,1118.83,759.36,0.27,5,359.47
ORD-008731,South,Furniture,2025-12-16,492.71,303.66,0.1,3,189.05
ORD-008732,South,Furniture,2025-12-16,176.8,137.89,0.18,1,38.91
ORD-008733,South,Clothing,2025-12-27,184.08,108.2,0.25,3,75.88
ORD-008734,South,Furniture,2025-12-26,687.1,528.24,0.05,4,158.86
ORD-008735,South,Clothing,2025-12-06,323.46,174.08,0.2,5,149.38
ORD-008736,South,Electronics,2025-12-05,663.85,420.64,0.13,3,243.21
ORD-008737,South,Furniture,2025-12-25,205.17,142.84,0.29,1,62.33
ORD-008738,South,Groceries,2025-12-11,72.96,48.79,0.22,2,24.17
ORD-008739,South,Groceries,2025-12-02,116.36,79.47,0.19,4,36.89
ORD-008740,South,Groceries,2025-12-23,82.49,60.65,0.23,2,21.84
